{
  "fitnessActivity": "running",
  "startTime": "2023-05-24T16:39:20.920Z",
  "endTime": "2023-05-24T16:49:26.154Z",
  "duration": "605.234s",
  "segment": [{
    "fitnessActivity": "running",
    "startTime": "2023-05-24T16:39:20.920Z",
    "endTime": "2023-05-24T16:49:26.154Z"
  }],
  "aggregate": [{
    "metricName": "com.google.heart_minutes.summary",
    "floatValue": 9.0
  }, {
    "metricName": "com.google.calories.expended",
    "floatValue": 98.350525
  }, {
    "metricName": "com.google.step_count.delta",
    "intValue": 1023
  }, {
    "metricName": "com.google.distance.delta",
    "floatValue": 888.5472592835522
  }, {
    "metricName": "com.google.speed.summary",
    "floatValue": 1.4739332900569297
  }, {
    "metricName": "com.google.active_minutes",
    "intValue": 10
  }]
}