{
  "fitnessActivity": "weightlifting",
  "startTime": "2023-04-08T11:41:09.139Z",
  "endTime": "2023-04-08T14:29:40.945Z",
  "duration": "10111.806s",
  "segment": [{
    "fitnessActivity": "weightlifting",
    "startTime": "2023-04-08T11:41:09.139Z",
    "endTime": "2023-04-08T14:29:40.945Z"
  }],
  "aggregate": [{
    "metricName": "com.google.heart_minutes.summary",
    "floatValue": 334.0
  }, {
    "metricName": "com.google.calories.expended",
    "floatValue": 1230.26973
  }, {
    "metricName": "com.google.active_minutes",
    "intValue": 167
  }]
}