{
  "fitnessActivity": "walking",
  "startTime": "2023-07-09T12:25:52.928Z",
  "endTime": "2023-07-09T12:39:36.262Z",
  "duration": "823.334s",
  "segment": [{
    "fitnessActivity": "walking",
    "startTime": "2023-07-09T12:25:52.928Z",
    "endTime": "2023-07-09T12:39:33.476Z"
  }, {
    "fitnessActivity": "walking",
    "startTime": "2023-07-09T12:39:33.476Z",
    "endTime": "2023-07-09T12:39:36.262Z"
  }],
  "aggregate": [{
    "metricName": "com.google.heart_minutes.summary",
    "floatValue": 7.0
  }, {
    "metricName": "com.google.calories.expended",
    "floatValue": 67.78795201592509
  }, {
    "metricName": "com.google.step_count.delta",
    "intValue": 1311
  }, {
    "metricName": "com.google.distance.delta",
    "floatValue": 870.8846399667483
  }, {
    "metricName": "com.google.speed.summary",
    "floatValue": 1.2303365722333666
  }, {
    "metricName": "com.google.active_minutes",
    "intValue": 14
  }]
}