{
  "fitnessActivity": "weightlifting",
  "startTime": "2023-03-20T09:02:09.957Z",
  "endTime": "2023-03-20T11:36:38.932Z",
  "duration": "9268.975s",
  "segment": [{
    "fitnessActivity": "weightlifting",
    "startTime": "2023-03-20T09:02:09.957Z",
    "endTime": "2023-03-20T11:36:38.932Z"
  }],
  "aggregate": [{
    "metricName": "com.google.heart_minutes.summary",
    "floatValue": 306.0
  }, {
    "metricName": "com.google.calories.expended",
    "floatValue": 1127.7252916666666
  }, {
    "metricName": "com.google.active_minutes",
    "intValue": 153
  }]
}