{
  "fitnessActivity": "weightlifting",
  "startTime": "2023-06-29T14:24:28.011Z",
  "endTime": "2023-06-29T15:44:34.514Z",
  "duration": "4806.503s",
  "segment": [{
    "fitnessActivity": "weightlifting",
    "startTime": "2023-06-29T14:24:28.011Z",
    "endTime": "2023-06-29T15:44:34.514Z"
  }],
  "aggregate": [{
    "metricName": "com.google.heart_minutes.summary",
    "floatValue": 158.0
  }, {
    "metricName": "com.google.calories.expended",
    "floatValue": 624.846490121231
  }, {
    "metricName": "com.google.step_count.delta",
    "intValue": 1370
  }, {
    "metricName": "com.google.distance.delta",
    "floatValue": 973.4048558786998
  }, {
    "metricName": "com.google.speed.summary",
    "floatValue": 0.7910095518990162
  }, {
    "metricName": "com.google.active_minutes",
    "intValue": 79
  }]
}