{
  "fitnessActivity": "walking",
  "startTime": "2023-06-14T14:26:05.305Z",
  "endTime": "2023-06-14T14:46:18.044Z",
  "duration": "487.568s",
  "segment": [{
    "fitnessActivity": "walking",
    "startTime": "2023-06-14T14:26:05.305Z",
    "endTime": "2023-06-14T14:33:11.419Z"
  }, {
    "fitnessActivity": "walking",
    "startTime": "2023-06-14T14:39:43.549Z",
    "endTime": "2023-06-14T14:39:44.847Z"
  }, {
    "fitnessActivity": "walking",
    "startTime": "2023-06-14T14:39:44.847Z",
    "endTime": "2023-06-14T14:40:14.931Z"
  }, {
    "fitnessActivity": "walking",
    "startTime": "2023-06-14T14:45:47.972Z",
    "endTime": "2023-06-14T14:46:18.044Z"
  }],
  "aggregate": [{
    "metricName": "com.google.heart_minutes.summary",
    "floatValue": 4.0
  }, {
    "metricName": "com.google.calories.expended",
    "floatValue": 54.533200358590705
  }, {
    "metricName": "com.google.step_count.delta",
    "intValue": 1004
  }, {
    "metricName": "com.google.distance.delta",
    "floatValue": 747.8253404934966
  }, {
    "metricName": "com.google.speed.summary",
    "floatValue": 1.0125845597794787
  }, {
    "metricName": "com.google.active_minutes",
    "intValue": 14
  }]
}