{
  "fitnessActivity": "walking",
  "startTime": "2023-05-30T07:36:42.871Z",
  "endTime": "2023-05-30T08:02:29.909Z",
  "duration": "1211.727s",
  "segment": [{
    "fitnessActivity": "walking",
    "startTime": "2023-05-30T07:36:42.871Z",
    "endTime": "2023-05-30T07:37:29.741Z"
  }, {
    "fitnessActivity": "walking",
    "startTime": "2023-05-30T07:37:29.741Z",
    "endTime": "2023-05-30T07:42:50.308Z"
  }, {
    "fitnessActivity": "walking",
    "startTime": "2023-05-30T07:48:25.619Z",
    "endTime": "2023-05-30T07:48:57.884Z"
  }, {
    "fitnessActivity": "walking",
    "startTime": "2023-05-30T07:48:57.884Z",
    "endTime": "2023-05-30T08:01:59.868Z"
  }, {
    "fitnessActivity": "walking",
    "startTime": "2023-05-30T08:01:59.868Z",
    "endTime": "2023-05-30T08:02:29.909Z"
  }],
  "aggregate": [{
    "metricName": "com.google.heart_minutes.summary",
    "floatValue": 6.0
  }, {
    "metricName": "com.google.calories.expended",
    "floatValue": 106.41932385379673
  }, {
    "metricName": "com.google.step_count.delta",
    "intValue": 1240
  }, {
    "metricName": "com.google.distance.delta",
    "floatValue": 915.3222011437097
  }, {
    "metricName": "com.google.speed.summary",
    "floatValue": 1.0283104155865093
  }, {
    "metricName": "com.google.active_minutes",
    "intValue": 14
  }]
}