{
  "fitnessActivity": "walking",
  "startTime": "2023-09-29T09:12:12.541Z",
  "endTime": "2023-09-29T09:22:50.283Z",
  "duration": "637.742s",
  "segment": [{
    "fitnessActivity": "walking",
    "startTime": "2023-09-29T09:12:12.541Z",
    "endTime": "2023-09-29T09:13:22.307Z"
  }, {
    "fitnessActivity": "walking",
    "startTime": "2023-09-29T09:13:22.307Z",
    "endTime": "2023-09-29T09:22:36.482Z"
  }, {
    "fitnessActivity": "walking",
    "startTime": "2023-09-29T09:22:36.482Z",
    "endTime": "2023-09-29T09:22:50.283Z"
  }],
  "aggregate": [{
    "metricName": "com.google.heart_minutes.summary",
    "floatValue": 7.0
  }, {
    "metricName": "com.google.calories.expended",
    "floatValue": 53.079612905182856
  }, {
    "metricName": "com.google.step_count.delta",
    "intValue": 965
  }, {
    "metricName": "com.google.distance.delta",
    "floatValue": 648.8317576816941
  }, {
    "metricName": "com.google.speed.summary",
    "floatValue": 1.1492051915169703
  }, {
    "metricName": "com.google.active_minutes",
    "intValue": 10
  }]
}