{
  "fitnessActivity": "walking",
  "startTime": "2023-05-25T16:15:39.306Z",
  "endTime": "2023-05-25T16:24:17.819Z",
  "duration": "518.513s",
  "segment": [{
    "fitnessActivity": "walking",
    "startTime": "2023-05-25T16:15:39.306Z",
    "endTime": "2023-05-25T16:24:17.819Z"
  }],
  "aggregate": [{
    "metricName": "com.google.heart_minutes.summary",
    "floatValue": 6.0
  }, {
    "metricName": "com.google.calories.expended",
    "floatValue": 42.690903666666664
  }, {
    "metricName": "com.google.step_count.delta",
    "intValue": 781
  }, {
    "metricName": "com.google.distance.delta",
    "floatValue": 598.4999991556543
  }, {
    "metricName": "com.google.speed.summary",
    "floatValue": 1.2436787636128606
  }, {
    "metricName": "com.google.active_minutes",
    "intValue": 8
  }]
}