{
  "fitnessActivity": "walking",
  "startTime": "2023-07-24T11:48:58.303Z",
  "endTime": "2023-07-24T12:06:30.809Z",
  "duration": "730.056s",
  "segment": [{
    "fitnessActivity": "walking",
    "startTime": "2023-07-24T11:48:58.303Z",
    "endTime": "2023-07-24T11:57:29.534Z"
  }, {
    "fitnessActivity": "walking",
    "startTime": "2023-07-24T11:57:29.534Z",
    "endTime": "2023-07-24T11:59:27.933Z"
  }, {
    "fitnessActivity": "walking",
    "startTime": "2023-07-24T11:59:27.933Z",
    "endTime": "2023-07-24T11:59:37.399Z"
  }, {
    "fitnessActivity": "walking",
    "startTime": "2023-07-24T12:04:59.849Z",
    "endTime": "2023-07-24T12:05:30.324Z"
  }, {
    "fitnessActivity": "walking",
    "startTime": "2023-07-24T12:05:30.324Z",
    "endTime": "2023-07-24T12:06:30.809Z"
  }],
  "aggregate": [{
    "metricName": "com.google.heart_minutes.summary",
    "floatValue": 11.0
  }, {
    "metricName": "com.google.calories.expended",
    "floatValue": 67.98812271667191
  }, {
    "metricName": "com.google.step_count.delta",
    "intValue": 1301
  }, {
    "metricName": "com.google.distance.delta",
    "floatValue": 920.4582397046207
  }, {
    "metricName": "com.google.speed.summary",
    "floatValue": 1.1512286601335935
  }, {
    "metricName": "com.google.active_minutes",
    "intValue": 13
  }]
}