{
  "fitnessActivity": "walking",
  "startTime": "2023-07-25T06:46:53.340Z",
  "endTime": "2023-07-25T06:57:49.950Z",
  "duration": "656.610s",
  "segment": [{
    "fitnessActivity": "walking",
    "startTime": "2023-07-25T06:46:53.340Z",
    "endTime": "2023-07-25T06:57:22.875Z"
  }, {
    "fitnessActivity": "walking",
    "startTime": "2023-07-25T06:57:22.875Z",
    "endTime": "2023-07-25T06:57:49.950Z"
  }],
  "aggregate": [{
    "metricName": "com.google.heart_minutes.summary",
    "floatValue": 7.0
  }, {
    "metricName": "com.google.calories.expended",
    "floatValue": 55.343102359097806
  }, {
    "metricName": "com.google.step_count.delta",
    "intValue": 1045
  }, {
    "metricName": "com.google.distance.delta",
    "floatValue": 701.6380487095701
  }, {
    "metricName": "com.google.speed.summary",
    "floatValue": 1.0615774498362525
  }, {
    "metricName": "com.google.active_minutes",
    "intValue": 10
  }]
}