{
  "fitnessActivity": "walking",
  "startTime": "2023-07-12T07:12:55.514Z",
  "endTime": "2023-07-12T07:31:32.205Z",
  "duration": "1116.691s",
  "segment": [{
    "fitnessActivity": "walking",
    "startTime": "2023-07-12T07:12:55.514Z",
    "endTime": "2023-07-12T07:31:32.205Z"
  }],
  "aggregate": [{
    "metricName": "com.google.heart_minutes.summary",
    "floatValue": 4.0
  }, {
    "metricName": "com.google.calories.expended",
    "floatValue": 91.9410542071813
  }, {
    "metricName": "com.google.step_count.delta",
    "intValue": 1191
  }, {
    "metricName": "com.google.distance.delta",
    "floatValue": 833.1787758486623
  }, {
    "metricName": "com.google.speed.summary",
    "floatValue": 1.061819262369544
  }, {
    "metricName": "com.google.active_minutes",
    "intValue": 15
  }]
}