{
  "fitnessActivity": "walking",
  "startTime": "2023-04-27T19:28:36.654Z",
  "endTime": "2023-04-27T20:01:16.585Z",
  "duration": "1959.931s",
  "segment": [{
    "fitnessActivity": "walking",
    "startTime": "2023-04-27T19:28:36.654Z",
    "endTime": "2023-04-27T20:01:16.585Z"
  }],
  "aggregate": [{
    "metricName": "com.google.heart_minutes.summary",
    "floatValue": 1.0
  }, {
    "metricName": "com.google.calories.expended",
    "floatValue": 161.36765233333333
  }, {
    "metricName": "com.google.step_count.delta",
    "intValue": 1675
  }, {
    "metricName": "com.google.distance.delta",
    "floatValue": 1162.8566899576467
  }, {
    "metricName": "com.google.speed.summary",
    "floatValue": 0.7210592633369062
  }, {
    "metricName": "com.google.active_minutes",
    "intValue": 22
  }]
}