{
  "fitnessActivity": "walking",
  "startTime": "2023-06-28T19:41:30.222Z",
  "endTime": "2023-06-28T20:06:37.746Z",
  "duration": "1507.524s",
  "segment": [{
    "fitnessActivity": "walking",
    "startTime": "2023-06-28T19:41:30.222Z",
    "endTime": "2023-06-28T20:06:37.746Z"
  }],
  "aggregate": [{
    "metricName": "com.google.heart_minutes.summary",
    "floatValue": 8.0
  }, {
    "metricName": "com.google.calories.expended",
    "floatValue": 124.11947599999998
  }, {
    "metricName": "com.google.step_count.delta",
    "intValue": 1814
  }, {
    "metricName": "com.google.distance.delta",
    "floatValue": 1308.435666162415
  }, {
    "metricName": "com.google.speed.summary",
    "floatValue": 1.159726381462921
  }, {
    "metricName": "com.google.active_minutes",
    "intValue": 21
  }]
}