{
  "fitnessActivity": "walking",
  "startTime": "2023-09-26T09:02:30.548Z",
  "endTime": "2023-09-26T09:20:20.693Z",
  "duration": "1070.145s",
  "segment": [{
    "fitnessActivity": "walking",
    "startTime": "2023-09-26T09:02:30.548Z",
    "endTime": "2023-09-26T09:20:20.693Z"
  }],
  "aggregate": [{
    "metricName": "com.google.heart_minutes.summary",
    "floatValue": 6.0
  }, {
    "metricName": "com.google.calories.expended",
    "floatValue": 89.06876115137099
  }, {
    "metricName": "com.google.step_count.delta",
    "intValue": 1340
  }, {
    "metricName": "com.google.distance.delta",
    "floatValue": 1274.7611090612272
  }, {
    "metricName": "com.google.speed.summary",
    "floatValue": 0.9351037723881289
  }, {
    "metricName": "com.google.active_minutes",
    "intValue": 18
  }]
}