{
  "fitnessActivity": "weightlifting",
  "startTime": "2023-09-06T03:00:09.752Z",
  "endTime": "2023-09-06T03:49:34.092Z",
  "duration": "2964.340s",
  "segment": [{
    "fitnessActivity": "weightlifting",
    "startTime": "2023-09-06T03:00:09.752Z",
    "endTime": "2023-09-06T03:49:34.092Z"
  }],
  "aggregate": [{
    "metricName": "com.google.heart_minutes.summary",
    "floatValue": 96.0
  }, {
    "metricName": "com.google.calories.expended",
    "floatValue": 389.5636741279602
  }, {
    "metricName": "com.google.step_count.delta",
    "intValue": 632
  }, {
    "metricName": "com.google.distance.delta",
    "floatValue": 245.75335987189146
  }, {
    "metricName": "com.google.speed.summary",
    "floatValue": 0.3814496131632169
  }, {
    "metricName": "com.google.active_minutes",
    "intValue": 48
  }]
}