{
  "fitnessActivity": "walking",
  "startTime": "2023-09-14T13:57:30.354Z",
  "endTime": "2023-09-14T14:09:51.008Z",
  "duration": "740.654s",
  "segment": [{
    "fitnessActivity": "walking",
    "startTime": "2023-09-14T13:57:30.354Z",
    "endTime": "2023-09-14T14:01:48.159Z"
  }, {
    "fitnessActivity": "walking",
    "startTime": "2023-09-14T14:01:48.159Z",
    "endTime": "2023-09-14T14:09:28.715Z"
  }, {
    "fitnessActivity": "walking",
    "startTime": "2023-09-14T14:09:28.715Z",
    "endTime": "2023-09-14T14:09:51.008Z"
  }],
  "aggregate": [{
    "metricName": "com.google.heart_minutes.summary",
    "floatValue": 7.0
  }, {
    "metricName": "com.google.calories.expended",
    "floatValue": 61.645026858708704
  }, {
    "metricName": "com.google.step_count.delta",
    "intValue": 1048
  }, {
    "metricName": "com.google.distance.delta",
    "floatValue": 918.7315034194924
  }, {
    "metricName": "com.google.speed.summary",
    "floatValue": 1.1244978165793338
  }, {
    "metricName": "com.google.active_minutes",
    "intValue": 12
  }]
}