{
  "fitnessActivity": "weightlifting",
  "startTime": "2023-07-03T14:38:02.546Z",
  "endTime": "2023-07-03T16:18:11.543Z",
  "duration": "6008.997s",
  "segment": [{
    "fitnessActivity": "weightlifting",
    "startTime": "2023-07-03T14:38:02.546Z",
    "endTime": "2023-07-03T16:18:11.543Z"
  }],
  "aggregate": [{
    "metricName": "com.google.heart_minutes.summary",
    "floatValue": 198.0
  }, {
    "metricName": "com.google.calories.expended",
    "floatValue": 781.1709853502655
  }, {
    "metricName": "com.google.step_count.delta",
    "intValue": 1914
  }, {
    "metricName": "com.google.distance.delta",
    "floatValue": 1397.6452618319588
  }, {
    "metricName": "com.google.speed.summary",
    "floatValue": 0.5772431559009432
  }, {
    "metricName": "com.google.active_minutes",
    "intValue": 99
  }]
}