{
  "fitnessActivity": "walking",
  "startTime": "2023-07-27T13:51:37.138Z",
  "endTime": "2023-07-27T14:03:35.662Z",
  "duration": "718.524s",
  "segment": [{
    "fitnessActivity": "walking",
    "startTime": "2023-07-27T13:51:37.138Z",
    "endTime": "2023-07-27T14:02:37.687Z"
  }, {
    "fitnessActivity": "walking",
    "startTime": "2023-07-27T14:02:37.687Z",
    "endTime": "2023-07-27T14:03:35.662Z"
  }],
  "aggregate": [{
    "metricName": "com.google.heart_minutes.summary",
    "floatValue": 11.0
  }, {
    "metricName": "com.google.calories.expended",
    "floatValue": 60.63743558541869
  }, {
    "metricName": "com.google.step_count.delta",
    "intValue": 1209
  }, {
    "metricName": "com.google.distance.delta",
    "floatValue": 848.0127111681047
  }, {
    "metricName": "com.google.speed.summary",
    "floatValue": 1.2070940461940585
  }, {
    "metricName": "com.google.active_minutes",
    "intValue": 12
  }]
}