{
  "fitnessActivity": "walking",
  "startTime": "2023-09-04T03:35:49.806Z",
  "endTime": "2023-09-04T03:56:34.094Z",
  "duration": "1031.987s",
  "segment": [{
    "fitnessActivity": "walking",
    "startTime": "2023-09-04T03:35:49.806Z",
    "endTime": "2023-09-04T03:42:55.864Z"
  }, {
    "fitnessActivity": "walking",
    "startTime": "2023-09-04T03:46:28.165Z",
    "endTime": "2023-09-04T03:56:34.094Z"
  }],
  "aggregate": [{
    "metricName": "com.google.heart_minutes.summary",
    "floatValue": 10.0
  }, {
    "metricName": "com.google.calories.expended",
    "floatValue": 90.12658372091656
  }, {
    "metricName": "com.google.step_count.delta",
    "intValue": 1519
  }, {
    "metricName": "com.google.distance.delta",
    "floatValue": 1200.9660968430915
  }, {
    "metricName": "com.google.speed.summary",
    "floatValue": 0.9850626962774224
  }, {
    "metricName": "com.google.active_minutes",
    "intValue": 20
  }]
}