{
  "fitnessActivity": "walking",
  "startTime": "2023-07-25T15:04:20.840Z",
  "endTime": "2023-07-25T15:21:29.005Z",
  "duration": "432.643s",
  "segment": [{
    "fitnessActivity": "walking",
    "startTime": "2023-07-25T15:04:20.840Z",
    "endTime": "2023-07-25T15:05:22.368Z"
  }, {
    "fitnessActivity": "walking",
    "startTime": "2023-07-25T15:05:22.368Z",
    "endTime": "2023-07-25T15:09:25.263Z"
  }, {
    "fitnessActivity": "walking",
    "startTime": "2023-07-25T15:09:25.263Z",
    "endTime": "2023-07-25T15:09:27.471Z"
  }, {
    "fitnessActivity": "walking",
    "startTime": "2023-07-25T15:19:22.993Z",
    "endTime": "2023-07-25T15:19:24.972Z"
  }, {
    "fitnessActivity": "walking",
    "startTime": "2023-07-25T15:19:24.972Z",
    "endTime": "2023-07-25T15:21:29.005Z"
  }],
  "aggregate": [{
    "metricName": "com.google.heart_minutes.summary",
    "floatValue": 6.0
  }, {
    "metricName": "com.google.calories.expended",
    "floatValue": 48.441652048464064
  }, {
    "metricName": "com.google.step_count.delta",
    "intValue": 862
  }, {
    "metricName": "com.google.distance.delta",
    "floatValue": 583.1597731307695
  }, {
    "metricName": "com.google.speed.summary",
    "floatValue": 0.6741811656526068
  }, {
    "metricName": "com.google.active_minutes",
    "intValue": 10
  }]
}