{
  "fitnessActivity": "walking",
  "startTime": "2023-05-24T05:43:41.326Z",
  "endTime": "2023-05-24T05:54:37.838Z",
  "duration": "656.512s",
  "segment": [{
    "fitnessActivity": "walking",
    "startTime": "2023-05-24T05:43:41.326Z",
    "endTime": "2023-05-24T05:44:44.676Z"
  }, {
    "fitnessActivity": "walking",
    "startTime": "2023-05-24T05:44:44.676Z",
    "endTime": "2023-05-24T05:54:37.838Z"
  }],
  "aggregate": [{
    "metricName": "com.google.heart_minutes.summary",
    "floatValue": 9.0
  }, {
    "metricName": "com.google.calories.expended",
    "floatValue": 54.05279229061214
  }, {
    "metricName": "com.google.step_count.delta",
    "intValue": 1073
  }, {
    "metricName": "com.google.distance.delta",
    "floatValue": 837.7655719728884
  }, {
    "metricName": "com.google.speed.summary",
    "floatValue": 1.3356447558920128
  }, {
    "metricName": "com.google.active_minutes",
    "intValue": 11
  }]
}