{
  "fitnessActivity": "walking",
  "startTime": "2023-08-14T20:29:02.540Z",
  "endTime": "2023-08-14T20:51:52.016Z",
  "duration": "1369.476s",
  "segment": [{
    "fitnessActivity": "walking",
    "startTime": "2023-08-14T20:29:02.540Z",
    "endTime": "2023-08-14T20:30:27.688Z"
  }, {
    "fitnessActivity": "walking",
    "startTime": "2023-08-14T20:30:27.688Z",
    "endTime": "2023-08-14T20:51:52.016Z"
  }],
  "aggregate": [{
    "metricName": "com.google.heart_minutes.summary",
    "floatValue": 2.0
  }, {
    "metricName": "com.google.calories.expended",
    "floatValue": 113.98220364347958
  }, {
    "metricName": "com.google.step_count.delta",
    "intValue": 1872
  }, {
    "metricName": "com.google.distance.delta",
    "floatValue": 1339.2378196667148
  }, {
    "metricName": "com.google.speed.summary",
    "floatValue": 0.9970615417674376
  }, {
    "metricName": "com.google.active_minutes",
    "intValue": 22
  }]
}