{
  "fitnessActivity": "walking",
  "startTime": "2023-07-16T13:22:40.041Z",
  "endTime": "2023-07-16T13:33:31.954Z",
  "duration": "651.913s",
  "segment": [{
    "fitnessActivity": "walking",
    "startTime": "2023-07-16T13:22:40.041Z",
    "endTime": "2023-07-16T13:24:34.986Z"
  }, {
    "fitnessActivity": "walking",
    "startTime": "2023-07-16T13:24:34.986Z",
    "endTime": "2023-07-16T13:33:31.954Z"
  }],
  "aggregate": [{
    "metricName": "com.google.heart_minutes.summary",
    "floatValue": 10.0
  }, {
    "metricName": "com.google.calories.expended",
    "floatValue": 54.05261869594922
  }, {
    "metricName": "com.google.step_count.delta",
    "intValue": 1151
  }, {
    "metricName": "com.google.distance.delta",
    "floatValue": 1033.6191392733356
  }, {
    "metricName": "com.google.speed.summary",
    "floatValue": 1.5913650828272905
  }, {
    "metricName": "com.google.active_minutes",
    "intValue": 11
  }]
}