{
  "fitnessActivity": "walking",
  "startTime": "2023-05-04T15:58:42.723Z",
  "endTime": "2023-05-04T16:15:31.434Z",
  "duration": "1008.711s",
  "segment": [{
    "fitnessActivity": "walking",
    "startTime": "2023-05-04T15:58:42.723Z",
    "endTime": "2023-05-04T16:00:07.486Z"
  }, {
    "fitnessActivity": "walking",
    "startTime": "2023-05-04T16:00:07.486Z",
    "endTime": "2023-05-04T16:15:31.434Z"
  }],
  "aggregate": [{
    "metricName": "com.google.heart_minutes.summary",
    "floatValue": 16.0
  }, {
    "metricName": "com.google.calories.expended",
    "floatValue": 83.05052234433893
  }, {
    "metricName": "com.google.step_count.delta",
    "intValue": 1739
  }, {
    "metricName": "com.google.distance.delta",
    "floatValue": 1415.226456350237
  }, {
    "metricName": "com.google.speed.summary",
    "floatValue": 1.583513132784507
  }, {
    "metricName": "com.google.active_minutes",
    "intValue": 16
  }]
}