{
  "fitnessActivity": "walking",
  "startTime": "2023-06-29T06:51:09.590Z",
  "endTime": "2023-06-29T07:06:26.107Z",
  "duration": "703.917s",
  "segment": [{
    "fitnessActivity": "walking",
    "startTime": "2023-06-29T06:51:09.590Z",
    "endTime": "2023-06-29T06:54:40.897Z"
  }, {
    "fitnessActivity": "walking",
    "startTime": "2023-06-29T06:58:13.497Z",
    "endTime": "2023-06-29T07:00:23.616Z"
  }, {
    "fitnessActivity": "walking",
    "startTime": "2023-06-29T07:00:23.616Z",
    "endTime": "2023-06-29T07:06:26.107Z"
  }],
  "aggregate": [{
    "metricName": "com.google.heart_minutes.summary",
    "floatValue": 6.0
  }, {
    "metricName": "com.google.calories.expended",
    "floatValue": 62.17461586029738
  }, {
    "metricName": "com.google.step_count.delta",
    "intValue": 1129
  }, {
    "metricName": "com.google.distance.delta",
    "floatValue": 859.0987881849031
  }, {
    "metricName": "com.google.speed.summary",
    "floatValue": 1.0139730124537103
  }, {
    "metricName": "com.google.active_minutes",
    "intValue": 14
  }]
}