{
  "fitnessActivity": "walking",
  "startTime": "2023-08-26T14:53:12.974Z",
  "endTime": "2023-08-26T15:18:23.956Z",
  "duration": "639.790s",
  "segment": [{
    "fitnessActivity": "walking",
    "startTime": "2023-08-26T14:53:12.974Z",
    "endTime": "2023-08-26T14:58:22.596Z"
  }, {
    "fitnessActivity": "walking",
    "startTime": "2023-08-26T14:58:22.596Z",
    "endTime": "2023-08-26T14:58:44.168Z"
  }, {
    "fitnessActivity": "walking",
    "startTime": "2023-08-26T15:11:17.473Z",
    "endTime": "2023-08-26T15:14:27.023Z"
  }, {
    "fitnessActivity": "walking",
    "startTime": "2023-08-26T15:16:24.910Z",
    "endTime": "2023-08-26T15:18:23.956Z"
  }],
  "aggregate": [{
    "metricName": "com.google.heart_minutes.summary",
    "floatValue": 12.0
  }, {
    "metricName": "com.google.calories.expended",
    "floatValue": 70.62354760131929
  }, {
    "metricName": "com.google.step_count.delta",
    "intValue": 1648
  }, {
    "metricName": "com.google.distance.delta",
    "floatValue": 917.470353852753
  }, {
    "metricName": "com.google.speed.summary",
    "floatValue": 0.7923264789944113
  }, {
    "metricName": "com.google.active_minutes",
    "intValue": 19
  }]
}