{
  "fitnessActivity": "weightlifting",
  "startTime": "2023-02-15T15:35:01.577Z",
  "endTime": "2023-02-15T18:35:12.822Z",
  "duration": "10811.245s",
  "segment": [{
    "fitnessActivity": "weightlifting",
    "startTime": "2023-02-15T15:35:01.577Z",
    "endTime": "2023-02-15T18:35:12.822Z"
  }],
  "aggregate": [{
    "metricName": "com.google.heart_minutes.summary",
    "floatValue": 358.0
  }, {
    "metricName": "com.google.calories.expended",
    "floatValue": 1315.3681416666668
  }, {
    "metricName": "com.google.active_minutes",
    "intValue": 179
  }]
}