{
  "fitnessActivity": "sleep",
  "startTime": "2023-08-15T22:30:00Z",
  "endTime": "2023-08-16T07:16:00Z",
  "duration": "31560s",
  "aggregate": [{
    "metricName": "com.google.calories.expended",
    "floatValue": 629.3736088032524
  }, {
    "metricName": "com.google.step_count.delta",
    "intValue": 87
  }, {
    "metricName": "com.google.distance.delta",
    "floatValue": 44.5452087284264
  }, {
    "metricName": "com.google.speed.summary",
    "floatValue": 0.35353341122604
  }, {
    "metricName": "com.google.active_minutes",
    "intValue": 1
  }]
}