{
  "fitnessActivity": "walking",
  "startTime": "2023-06-03T16:52:31.481Z",
  "endTime": "2023-06-03T17:14:26.449Z",
  "duration": "767.015s",
  "segment": [{
    "fitnessActivity": "walking",
    "startTime": "2023-06-03T16:52:31.481Z",
    "endTime": "2023-06-03T16:54:12.407Z"
  }, {
    "fitnessActivity": "walking",
    "startTime": "2023-06-03T16:54:12.407Z",
    "endTime": "2023-06-03T16:57:18.580Z"
  }, {
    "fitnessActivity": "walking",
    "startTime": "2023-06-03T16:57:18.580Z",
    "endTime": "2023-06-03T16:58:14.179Z"
  }, {
    "fitnessActivity": "walking",
    "startTime": "2023-06-03T17:07:22.132Z",
    "endTime": "2023-06-03T17:14:26.449Z"
  }],
  "aggregate": [{
    "metricName": "com.google.heart_minutes.summary",
    "floatValue": 3.0
  }, {
    "metricName": "com.google.calories.expended",
    "floatValue": 74.0243387891201
  }, {
    "metricName": "com.google.step_count.delta",
    "intValue": 951
  }, {
    "metricName": "com.google.distance.delta",
    "floatValue": 698.6959522874345
  }, {
    "metricName": "com.google.speed.summary",
    "floatValue": 0.8672288253263004
  }, {
    "metricName": "com.google.active_minutes",
    "intValue": 12
  }]
}