{
  "fitnessActivity": "walking",
  "startTime": "2023-05-27T13:26:56.893Z",
  "endTime": "2023-05-27T13:58:53.781Z",
  "duration": "1094.728s",
  "segment": [{
    "fitnessActivity": "walking",
    "startTime": "2023-05-27T13:26:56.893Z",
    "endTime": "2023-05-27T13:29:46.922Z"
  }, {
    "fitnessActivity": "walking",
    "startTime": "2023-05-27T13:43:29.082Z",
    "endTime": "2023-05-27T13:44:16.142Z"
  }, {
    "fitnessActivity": "walking",
    "startTime": "2023-05-27T13:44:16.142Z",
    "endTime": "2023-05-27T13:58:53.781Z"
  }],
  "aggregate": [{
    "metricName": "com.google.heart_minutes.summary",
    "floatValue": 12.0
  }, {
    "metricName": "com.google.calories.expended",
    "floatValue": 106.44728867732746
  }, {
    "metricName": "com.google.step_count.delta",
    "intValue": 1594
  }, {
    "metricName": "com.google.distance.delta",
    "floatValue": 1231.4899473289324
  }, {
    "metricName": "com.google.speed.summary",
    "floatValue": 0.9285432145288868
  }, {
    "metricName": "com.google.active_minutes",
    "intValue": 15
  }]
}