{
  "fitnessActivity": "walking",
  "startTime": "2023-09-21T01:42:44.182Z",
  "endTime": "2023-09-21T01:51:49.647Z",
  "duration": "545.465s",
  "segment": [{
    "fitnessActivity": "walking",
    "startTime": "2023-09-21T01:42:44.182Z",
    "endTime": "2023-09-21T01:50:49.786Z"
  }, {
    "fitnessActivity": "walking",
    "startTime": "2023-09-21T01:50:49.786Z",
    "endTime": "2023-09-21T01:51:49.647Z"
  }],
  "aggregate": [{
    "metricName": "com.google.heart_minutes.summary",
    "floatValue": 5.0
  }, {
    "metricName": "com.google.calories.expended",
    "floatValue": 45.39935410755794
  }, {
    "metricName": "com.google.step_count.delta",
    "intValue": 864
  }, {
    "metricName": "com.google.distance.delta",
    "floatValue": 602.2825294849986
  }, {
    "metricName": "com.google.speed.summary",
    "floatValue": 1.1666408859188757
  }, {
    "metricName": "com.google.active_minutes",
    "intValue": 8
  }]
}