{
  "fitnessActivity": "weightlifting",
  "startTime": "2023-07-06T14:38:28.818Z",
  "endTime": "2023-07-06T15:33:51.691Z",
  "duration": "3322.873s",
  "segment": [{
    "fitnessActivity": "weightlifting",
    "startTime": "2023-07-06T14:38:28.818Z",
    "endTime": "2023-07-06T15:33:51.691Z"
  }],
  "aggregate": [{
    "metricName": "com.google.heart_minutes.summary",
    "floatValue": 108.0
  }, {
    "metricName": "com.google.calories.expended",
    "floatValue": 431.97425054527287
  }, {
    "metricName": "com.google.step_count.delta",
    "intValue": 468
  }, {
    "metricName": "com.google.distance.delta",
    "floatValue": 306.15072203392083
  }, {
    "metricName": "com.google.speed.summary",
    "floatValue": 0.6438501702191644
  }, {
    "metricName": "com.google.active_minutes",
    "intValue": 54
  }]
}