{
  "fitnessActivity": "walking",
  "startTime": "2023-07-16T14:00:29.972Z",
  "endTime": "2023-07-16T15:10:24.712Z",
  "duration": "3923.745s",
  "segment": [{
    "fitnessActivity": "walking",
    "startTime": "2023-07-16T14:00:29.972Z",
    "endTime": "2023-07-16T14:26:51.091Z"
  }, {
    "fitnessActivity": "walking",
    "startTime": "2023-07-16T14:26:51.091Z",
    "endTime": "2023-07-16T14:26:52.401Z"
  }, {
    "fitnessActivity": "walking",
    "startTime": "2023-07-16T14:31:23.396Z",
    "endTime": "2023-07-16T14:31:24.893Z"
  }, {
    "fitnessActivity": "walking",
    "startTime": "2023-07-16T14:31:24.893Z",
    "endTime": "2023-07-16T15:10:24.712Z"
  }],
  "aggregate": [{
    "metricName": "com.google.heart_minutes.summary",
    "floatValue": 22.0
  }, {
    "metricName": "com.google.calories.expended",
    "floatValue": 330.72776162964686
  }, {
    "metricName": "com.google.step_count.delta",
    "intValue": 5958
  }, {
    "metricName": "com.google.distance.delta",
    "floatValue": 4720.518082312692
  }, {
    "metricName": "com.google.speed.summary",
    "floatValue": 1.2520352901191663
  }, {
    "metricName": "com.google.active_minutes",
    "intValue": 67
  }]
}