{
  "fitnessActivity": "walking",
  "startTime": "2023-08-30T09:03:52.292Z",
  "endTime": "2023-08-30T09:18:51.523Z",
  "duration": "382.326s",
  "segment": [{
    "fitnessActivity": "walking",
    "startTime": "2023-08-30T09:03:52.292Z",
    "endTime": "2023-08-30T09:07:54.506Z"
  }, {
    "fitnessActivity": "walking",
    "startTime": "2023-08-30T09:07:54.506Z",
    "endTime": "2023-08-30T09:08:41.337Z"
  }, {
    "fitnessActivity": "walking",
    "startTime": "2023-08-30T09:17:18.242Z",
    "endTime": "2023-08-30T09:18:18.173Z"
  }, {
    "fitnessActivity": "walking",
    "startTime": "2023-08-30T09:18:18.173Z",
    "endTime": "2023-08-30T09:18:51.523Z"
  }],
  "aggregate": [{
    "metricName": "com.google.heart_minutes.summary",
    "floatValue": 4.0
  }, {
    "metricName": "com.google.calories.expended",
    "floatValue": 42.1294023340764
  }, {
    "metricName": "com.google.step_count.delta",
    "intValue": 772
  }, {
    "metricName": "com.google.distance.delta",
    "floatValue": 537.9958543364166
  }, {
    "metricName": "com.google.speed.summary",
    "floatValue": 0.6543434621039846
  }, {
    "metricName": "com.google.active_minutes",
    "intValue": 12
  }]
}