{
  "fitnessActivity": "walking",
  "startTime": "2023-09-18T11:52:09.822Z",
  "endTime": "2023-09-18T12:04:59.903Z",
  "duration": "770.081s",
  "segment": [{
    "fitnessActivity": "walking",
    "startTime": "2023-09-18T11:52:09.822Z",
    "endTime": "2023-09-18T11:56:49.790Z"
  }, {
    "fitnessActivity": "walking",
    "startTime": "2023-09-18T11:56:49.790Z",
    "endTime": "2023-09-18T12:04:58.848Z"
  }, {
    "fitnessActivity": "walking",
    "startTime": "2023-09-18T12:04:58.848Z",
    "endTime": "2023-09-18T12:04:59.903Z"
  }],
  "aggregate": [{
    "metricName": "com.google.heart_minutes.summary",
    "floatValue": 7.0
  }, {
    "metricName": "com.google.calories.expended",
    "floatValue": 64.09425221996831
  }, {
    "metricName": "com.google.step_count.delta",
    "intValue": 1262
  }, {
    "metricName": "com.google.distance.delta",
    "floatValue": 866.528274162435
  }, {
    "metricName": "com.google.speed.summary",
    "floatValue": 1.133442747991104
  }, {
    "metricName": "com.google.active_minutes",
    "intValue": 12
  }]
}