{
  "fitnessActivity": "walking",
  "startTime": "2023-09-03T07:55:50.835Z",
  "endTime": "2023-09-03T08:06:24.171Z",
  "duration": "633.336s",
  "segment": [{
    "fitnessActivity": "walking",
    "startTime": "2023-09-03T07:55:50.835Z",
    "endTime": "2023-09-03T07:57:09.205Z"
  }, {
    "fitnessActivity": "walking",
    "startTime": "2023-09-03T07:57:09.205Z",
    "endTime": "2023-09-03T08:06:24.171Z"
  }],
  "aggregate": [{
    "metricName": "com.google.heart_minutes.summary",
    "floatValue": 5.0
  }, {
    "metricName": "com.google.calories.expended",
    "floatValue": 52.71285104751159
  }, {
    "metricName": "com.google.step_count.delta",
    "intValue": 891
  }, {
    "metricName": "com.google.distance.delta",
    "floatValue": 727.7369411966805
  }, {
    "metricName": "com.google.speed.summary",
    "floatValue": 1.3736893302500124
  }, {
    "metricName": "com.google.active_minutes",
    "intValue": 11
  }]
}