{
  "fitnessActivity": "weightlifting",
  "startTime": "2023-06-21T14:49:20.483Z",
  "endTime": "2023-06-21T19:58:18.194Z",
  "duration": "18537.711s",
  "segment": [{
    "fitnessActivity": "weightlifting",
    "startTime": "2023-06-21T14:49:20.483Z",
    "endTime": "2023-06-21T19:58:18.194Z"
  }],
  "aggregate": [{
    "metricName": "com.google.heart_minutes.summary",
    "floatValue": 616.0
  }, {
    "metricName": "com.google.calories.expended",
    "floatValue": 2409.906672945328
  }, {
    "metricName": "com.google.step_count.delta",
    "intValue": 3473
  }, {
    "metricName": "com.google.distance.delta",
    "floatValue": 2424.663574728621
  }, {
    "metricName": "com.google.speed.summary",
    "floatValue": 0.4625617953207635
  }, {
    "metricName": "com.google.active_minutes",
    "intValue": 308
  }]
}