{
  "fitnessActivity": "walking",
  "startTime": "2023-05-22T16:20:08.099Z",
  "endTime": "2023-05-22T16:34:42.209Z",
  "duration": "874.110s",
  "segment": [{
    "fitnessActivity": "walking",
    "startTime": "2023-05-22T16:20:08.099Z",
    "endTime": "2023-05-22T16:34:42.209Z"
  }],
  "aggregate": [{
    "metricName": "com.google.heart_minutes.summary",
    "floatValue": 14.0
  }, {
    "metricName": "com.google.calories.expended",
    "floatValue": 71.96839
  }, {
    "metricName": "com.google.step_count.delta",
    "intValue": 1552
  }, {
    "metricName": "com.google.distance.delta",
    "floatValue": 1241.9043671203638
  }, {
    "metricName": "com.google.speed.summary",
    "floatValue": 1.4948197593418837
  }, {
    "metricName": "com.google.active_minutes",
    "intValue": 14
  }]
}