{
  "fitnessActivity": "biking",
  "startTime": "2023-05-02T09:06:34.226Z",
  "endTime": "2023-05-02T09:40:04.665Z",
  "duration": "2010.439s",
  "segment": [{
    "fitnessActivity": "biking",
    "startTime": "2023-05-02T09:06:34.226Z",
    "endTime": "2023-05-02T09:40:04.665Z"
  }],
  "aggregate": [{
    "metricName": "com.google.heart_minutes.summary",
    "floatValue": 33.0
  }, {
    "metricName": "com.google.calories.expended",
    "floatValue": 174.23804666666666
  }, {
    "metricName": "com.google.active_minutes",
    "intValue": 34
  }]
}