{
  "fitnessActivity": "weightlifting",
  "startTime": "2023-08-02T14:30:27.868Z",
  "endTime": "2023-08-02T15:58:08.727Z",
  "duration": "5260.859s",
  "segment": [{
    "fitnessActivity": "weightlifting",
    "startTime": "2023-08-02T14:30:27.868Z",
    "endTime": "2023-08-02T15:58:08.727Z"
  }],
  "aggregate": [{
    "metricName": "com.google.heart_minutes.summary",
    "floatValue": 174.0
  }, {
    "metricName": "com.google.calories.expended",
    "floatValue": 701.4478666666666
  }, {
    "metricName": "com.google.step_count.delta",
    "intValue": 1712
  }, {
    "metricName": "com.google.distance.delta",
    "floatValue": 953.5355314170388
  }, {
    "metricName": "com.google.speed.summary",
    "floatValue": 0.5350713624631337
  }, {
    "metricName": "com.google.active_minutes",
    "intValue": 87
  }]
}