{
  "fitnessActivity": "walking",
  "startTime": "2023-07-10T07:23:00.452Z",
  "endTime": "2023-07-10T07:42:25.452Z",
  "duration": "718.876s",
  "segment": [{
    "fitnessActivity": "walking",
    "startTime": "2023-07-10T07:23:00.452Z",
    "endTime": "2023-07-10T07:26:01.983Z"
  }, {
    "fitnessActivity": "walking",
    "startTime": "2023-07-10T07:33:28.107Z",
    "endTime": "2023-07-10T07:41:10.769Z"
  }, {
    "fitnessActivity": "walking",
    "startTime": "2023-07-10T07:41:10.769Z",
    "endTime": "2023-07-10T07:42:25.452Z"
  }],
  "aggregate": [{
    "metricName": "com.google.heart_minutes.summary",
    "floatValue": 5.0
  }, {
    "metricName": "com.google.calories.expended",
    "floatValue": 68.04034180263221
  }, {
    "metricName": "com.google.step_count.delta",
    "intValue": 1139
  }, {
    "metricName": "com.google.distance.delta",
    "floatValue": 890.0204416071718
  }, {
    "metricName": "com.google.speed.summary",
    "floatValue": 0.8383523290234398
  }, {
    "metricName": "com.google.active_minutes",
    "intValue": 13
  }]
}