{
  "fitnessActivity": "walking",
  "startTime": "2023-06-29T15:56:59.939Z",
  "endTime": "2023-06-29T16:12:51.210Z",
  "duration": "951.271s",
  "segment": [{
    "fitnessActivity": "walking",
    "startTime": "2023-06-29T15:56:59.939Z",
    "endTime": "2023-06-29T16:12:51.210Z"
  }],
  "aggregate": [{
    "metricName": "com.google.heart_minutes.summary",
    "floatValue": 11.0
  }, {
    "metricName": "com.google.calories.expended",
    "floatValue": 78.32131233333332
  }, {
    "metricName": "com.google.step_count.delta",
    "intValue": 1419
  }, {
    "metricName": "com.google.distance.delta",
    "floatValue": 972.0772965393104
  }, {
    "metricName": "com.google.speed.summary",
    "floatValue": 1.3788286269374406
  }, {
    "metricName": "com.google.active_minutes",
    "intValue": 15
  }]
}