{
  "fitnessActivity": "walking",
  "startTime": "2023-06-27T20:23:57.037Z",
  "endTime": "2023-06-27T20:50:42.398Z",
  "duration": "1358.636s",
  "segment": [{
    "fitnessActivity": "walking",
    "startTime": "2023-06-27T20:23:57.037Z",
    "endTime": "2023-06-27T20:24:25.076Z"
  }, {
    "fitnessActivity": "walking",
    "startTime": "2023-06-27T20:24:25.076Z",
    "endTime": "2023-06-27T20:46:07.538Z"
  }, {
    "fitnessActivity": "walking",
    "startTime": "2023-06-27T20:50:14.263Z",
    "endTime": "2023-06-27T20:50:42.398Z"
  }],
  "aggregate": [{
    "metricName": "com.google.heart_minutes.summary",
    "floatValue": 7.0
  }, {
    "metricName": "com.google.calories.expended",
    "floatValue": 116.75692337124778
  }, {
    "metricName": "com.google.step_count.delta",
    "intValue": 1878
  }, {
    "metricName": "com.google.distance.delta",
    "floatValue": 1003.5749310107223
  }, {
    "metricName": "com.google.speed.summary",
    "floatValue": 0.9820568117388069
  }, {
    "metricName": "com.google.active_minutes",
    "intValue": 23
  }]
}