{
  "fitnessActivity": "sleep",
  "startTime": "2023-09-06T11:19:00Z",
  "endTime": "2023-09-06T23:49:00Z",
  "duration": "45000s",
  "aggregate": [{
    "metricName": "com.google.calories.expended",
    "floatValue": 897.3958300426602
  }, {
    "metricName": "com.google.step_count.delta",
    "intValue": 238
  }, {
    "metricName": "com.google.distance.delta",
    "floatValue": 138.58509382177104
  }, {
    "metricName": "com.google.speed.summary",
    "floatValue": 0.5086952848616595
  }, {
    "metricName": "com.google.active_minutes",
    "intValue": 4
  }]
}