{
  "fitnessActivity": "walking",
  "startTime": "2023-08-11T07:01:06.819Z",
  "endTime": "2023-08-11T07:36:32.131Z",
  "duration": "917.270s",
  "segment": [{
    "fitnessActivity": "walking",
    "startTime": "2023-08-11T07:01:06.819Z",
    "endTime": "2023-08-11T07:03:35.119Z"
  }, {
    "fitnessActivity": "walking",
    "startTime": "2023-08-11T07:10:53.325Z",
    "endTime": "2023-08-11T07:15:25.934Z"
  }, {
    "fitnessActivity": "walking",
    "startTime": "2023-08-11T07:28:15.770Z",
    "endTime": "2023-08-11T07:36:32.131Z"
  }],
  "aggregate": [{
    "metricName": "com.google.heart_minutes.summary",
    "floatValue": 3.0
  }, {
    "metricName": "com.google.calories.expended",
    "floatValue": 100.43582029074122
  }, {
    "metricName": "com.google.step_count.delta",
    "intValue": 1238
  }, {
    "metricName": "com.google.distance.delta",
    "floatValue": 960.8434980844893
  }, {
    "metricName": "com.google.speed.summary",
    "floatValue": 0.8895227569480412
  }, {
    "metricName": "com.google.active_minutes",
    "intValue": 17
  }]
}