{
  "fitnessActivity": "walking",
  "startTime": "2023-07-07T13:49:46.595Z",
  "endTime": "2023-07-07T14:07:30.072Z",
  "duration": "1063.477s",
  "segment": [{
    "fitnessActivity": "walking",
    "startTime": "2023-07-07T13:49:46.595Z",
    "endTime": "2023-07-07T14:07:30.072Z"
  }],
  "aggregate": [{
    "metricName": "com.google.heart_minutes.summary",
    "floatValue": 6.0
  }, {
    "metricName": "com.google.calories.expended",
    "floatValue": 87.55976049335989
  }, {
    "metricName": "com.google.step_count.delta",
    "intValue": 1261
  }, {
    "metricName": "com.google.distance.delta",
    "floatValue": 662.7397235515041
  }, {
    "metricName": "com.google.speed.summary",
    "floatValue": 1.0370488947458318
  }, {
    "metricName": "com.google.active_minutes",
    "intValue": 16
  }]
}