{
  "fitnessActivity": "walking",
  "startTime": "2023-06-28T06:51:12.323Z",
  "endTime": "2023-06-28T07:07:58.235Z",
  "duration": "845.412s",
  "segment": [{
    "fitnessActivity": "walking",
    "startTime": "2023-06-28T06:51:12.323Z",
    "endTime": "2023-06-28T06:54:49.449Z"
  }, {
    "fitnessActivity": "walking",
    "startTime": "2023-06-28T06:57:29.949Z",
    "endTime": "2023-06-28T06:58:51.469Z"
  }, {
    "fitnessActivity": "walking",
    "startTime": "2023-06-28T06:58:51.469Z",
    "endTime": "2023-06-28T07:07:58.235Z"
  }],
  "aggregate": [{
    "metricName": "com.google.heart_minutes.summary",
    "floatValue": 8.0
  }, {
    "metricName": "com.google.calories.expended",
    "floatValue": 72.79050598188532
  }, {
    "metricName": "com.google.step_count.delta",
    "intValue": 1217
  }, {
    "metricName": "com.google.distance.delta",
    "floatValue": 919.6038984821855
  }, {
    "metricName": "com.google.speed.summary",
    "floatValue": 1.0731023046169224
  }, {
    "metricName": "com.google.active_minutes",
    "intValue": 13
  }]
}