{
  "fitnessActivity": "biking",
  "startTime": "2023-07-21T13:11:49.246Z",
  "endTime": "2023-07-21T13:27:47.847Z",
  "duration": "958.601s",
  "segment": [{
    "fitnessActivity": "biking",
    "startTime": "2023-07-21T13:11:49.246Z",
    "endTime": "2023-07-21T13:27:47.847Z"
  }],
  "aggregate": [{
    "metricName": "com.google.heart_minutes.summary",
    "floatValue": 15.0
  }, {
    "metricName": "com.google.calories.expended",
    "floatValue": 85.04920931921217
  }, {
    "metricName": "com.google.distance.delta",
    "floatValue": 1169.9758017308877
  }, {
    "metricName": "com.google.speed.summary",
    "floatValue": 1.4018243452669383
  }, {
    "metricName": "com.google.active_minutes",
    "intValue": 15
  }]
}