{
  "fitnessActivity": "weightlifting",
  "startTime": "2023-04-21T13:19:21.970Z",
  "endTime": "2023-04-22T00:53:56.957Z",
  "duration": "41674.987s",
  "segment": [{
    "fitnessActivity": "weightlifting",
    "startTime": "2023-04-21T13:19:21.970Z",
    "endTime": "2023-04-22T00:53:56.957Z"
  }],
  "aggregate": [{
    "metricName": "com.google.heart_minutes.summary",
    "floatValue": 1386.0
  }, {
    "metricName": "com.google.calories.expended",
    "floatValue": 5417.74831
  }, {
    "metricName": "com.google.active_minutes",
    "intValue": 693
  }]
}