{
  "fitnessActivity": "walking",
  "startTime": "2023-05-09T19:58:05.018Z",
  "endTime": "2023-05-09T20:17:47.524Z",
  "duration": "1182.506s",
  "segment": [{
    "fitnessActivity": "walking",
    "startTime": "2023-05-09T19:58:05.018Z",
    "endTime": "2023-05-09T20:17:47.524Z"
  }],
  "aggregate": [{
    "metricName": "com.google.heart_minutes.summary",
    "floatValue": 9.0
  }, {
    "metricName": "com.google.calories.expended",
    "floatValue": 97.35966066666666
  }, {
    "metricName": "com.google.step_count.delta",
    "intValue": 1736
  }, {
    "metricName": "com.google.distance.delta",
    "floatValue": 1321.7804886958013
  }, {
    "metricName": "com.google.speed.summary",
    "floatValue": 1.2209346139909236
  }, {
    "metricName": "com.google.active_minutes",
    "intValue": 19
  }]
}