{
  "fitnessActivity": "walking",
  "startTime": "2023-05-03T20:37:46.580Z",
  "endTime": "2023-05-03T21:01:22.622Z",
  "duration": "1416.042s",
  "segment": [{
    "fitnessActivity": "walking",
    "startTime": "2023-05-03T20:37:46.580Z",
    "endTime": "2023-05-03T21:01:22.622Z"
  }],
  "aggregate": [{
    "metricName": "com.google.heart_minutes.summary",
    "floatValue": 3.0
  }, {
    "metricName": "com.google.calories.expended",
    "floatValue": 116.587458
  }, {
    "metricName": "com.google.step_count.delta",
    "intValue": 1769
  }, {
    "metricName": "com.google.distance.delta",
    "floatValue": 1301.919525701396
  }, {
    "metricName": "com.google.speed.summary",
    "floatValue": 1.1014539104548362
  }, {
    "metricName": "com.google.active_minutes",
    "intValue": 21
  }]
}