{
  "fitnessActivity": "walking",
  "startTime": "2023-07-31T20:05:58.464Z",
  "endTime": "2023-07-31T20:22:47.763Z",
  "duration": "1009.299s",
  "segment": [{
    "fitnessActivity": "walking",
    "startTime": "2023-07-31T20:05:58.464Z",
    "endTime": "2023-07-31T20:22:47.763Z"
  }],
  "aggregate": [{
    "metricName": "com.google.heart_minutes.summary",
    "floatValue": 10.0
  }, {
    "metricName": "com.google.calories.expended",
    "floatValue": 84.16432216666666
  }, {
    "metricName": "com.google.step_count.delta",
    "intValue": 1605
  }, {
    "metricName": "com.google.distance.delta",
    "floatValue": 1206.6554494150944
  }, {
    "metricName": "com.google.speed.summary",
    "floatValue": 1.1943234322316347
  }, {
    "metricName": "com.google.active_minutes",
    "intValue": 17
  }]
}