{
  "fitnessActivity": "walking",
  "startTime": "2023-07-01T10:17:49.762Z",
  "endTime": "2023-07-01T10:35:02.044Z",
  "duration": "790.232s",
  "segment": [{
    "fitnessActivity": "walking",
    "startTime": "2023-07-01T10:17:49.762Z",
    "endTime": "2023-07-01T10:17:52.492Z"
  }, {
    "fitnessActivity": "walking",
    "startTime": "2023-07-01T10:17:52.492Z",
    "endTime": "2023-07-01T10:30:29.031Z"
  }, {
    "fitnessActivity": "walking",
    "startTime": "2023-07-01T10:34:31.081Z",
    "endTime": "2023-07-01T10:35:02.044Z"
  }],
  "aggregate": [{
    "metricName": "com.google.heart_minutes.summary",
    "floatValue": 12.0
  }, {
    "metricName": "com.google.calories.expended",
    "floatValue": 69.86559052811948
  }, {
    "metricName": "com.google.step_count.delta",
    "intValue": 1430
  }, {
    "metricName": "com.google.distance.delta",
    "floatValue": 869.7969836798865
  }, {
    "metricName": "com.google.speed.summary",
    "floatValue": 1.0865795125738162
  }, {
    "metricName": "com.google.active_minutes",
    "intValue": 16
  }]
}