{
  "fitnessActivity": "walking",
  "startTime": "2023-06-30T06:06:03.472Z",
  "endTime": "2023-06-30T06:19:12.045Z",
  "duration": "788.573s",
  "segment": [{
    "fitnessActivity": "walking",
    "startTime": "2023-06-30T06:06:03.472Z",
    "endTime": "2023-06-30T06:06:24.423Z"
  }, {
    "fitnessActivity": "walking",
    "startTime": "2023-06-30T06:06:24.423Z",
    "endTime": "2023-06-30T06:19:12.045Z"
  }],
  "aggregate": [{
    "metricName": "com.google.heart_minutes.summary",
    "floatValue": 9.0
  }, {
    "metricName": "com.google.calories.expended",
    "floatValue": 64.925843368154
  }, {
    "metricName": "com.google.step_count.delta",
    "intValue": 1185
  }, {
    "metricName": "com.google.distance.delta",
    "floatValue": 783.4060897796978
  }, {
    "metricName": "com.google.speed.summary",
    "floatValue": 1.3902306451481092
  }, {
    "metricName": "com.google.active_minutes",
    "intValue": 11
  }]
}