{
  "fitnessActivity": "walking",
  "startTime": "2023-08-31T09:16:58.986Z",
  "endTime": "2023-08-31T09:36:16.494Z",
  "duration": "211.611s",
  "segment": [{
    "fitnessActivity": "walking",
    "startTime": "2023-08-31T09:16:58.986Z",
    "endTime": "2023-08-31T09:17:01.499Z"
  }, {
    "fitnessActivity": "walking",
    "startTime": "2023-08-31T09:17:01.499Z",
    "endTime": "2023-08-31T09:18:15.485Z"
  }, {
    "fitnessActivity": "walking",
    "startTime": "2023-08-31T09:25:43.297Z",
    "endTime": "2023-08-31T09:26:08.550Z"
  }, {
    "fitnessActivity": "walking",
    "startTime": "2023-08-31T09:26:08.550Z",
    "endTime": "2023-08-31T09:27:09.686Z"
  }, {
    "fitnessActivity": "walking",
    "startTime": "2023-08-31T09:35:27.771Z",
    "endTime": "2023-08-31T09:35:57.656Z"
  }, {
    "fitnessActivity": "walking",
    "startTime": "2023-08-31T09:35:57.656Z",
    "endTime": "2023-08-31T09:36:16.494Z"
  }],
  "aggregate": [{
    "metricName": "com.google.calories.expended",
    "floatValue": 36.475660877663586
  }, {
    "metricName": "com.google.step_count.delta",
    "intValue": 540
  }, {
    "metricName": "com.google.distance.delta",
    "floatValue": 433.8065866499829
  }, {
    "metricName": "com.google.speed.summary",
    "floatValue": 0.588248636126011
  }, {
    "metricName": "com.google.active_minutes",
    "intValue": 11
  }]
}