{
  "fitnessActivity": "weightlifting",
  "startTime": "2023-05-27T10:38:49.241Z",
  "endTime": "2023-05-27T13:09:42.672Z",
  "duration": "9053.431s",
  "segment": [{
    "fitnessActivity": "weightlifting",
    "startTime": "2023-05-27T10:38:49.241Z",
    "endTime": "2023-05-27T13:09:42.672Z"
  }],
  "aggregate": [{
    "metricName": "com.google.heart_minutes.summary",
    "floatValue": 300.0
  }, {
    "metricName": "com.google.calories.expended",
    "floatValue": 1176.94603
  }, {
    "metricName": "com.google.step_count.delta",
    "intValue": 2946
  }, {
    "metricName": "com.google.distance.delta",
    "floatValue": 2084.9290420984817
  }, {
    "metricName": "com.google.speed.summary",
    "floatValue": 0.4503570743628235
  }, {
    "metricName": "com.google.active_minutes",
    "intValue": 151
  }]
}