{
  "fitnessActivity": "biking",
  "startTime": "2023-07-04T13:16:22.425Z",
  "endTime": "2023-07-04T14:17:59.861Z",
  "duration": "3694.576s",
  "segment": [{
    "fitnessActivity": "biking",
    "startTime": "2023-07-04T13:16:22.425Z",
    "endTime": "2023-07-04T14:17:57.001Z"
  }],
  "aggregate": [{
    "metricName": "com.google.heart_minutes.summary",
    "floatValue": 61.0
  }, {
    "metricName": "com.google.calories.expended",
    "floatValue": 320.2539035849797
  }, {
    "metricName": "com.google.step_count.delta",
    "intValue": 1
  }, {
    "metricName": "com.google.distance.delta",
    "floatValue": 18631.73984712722
  }, {
    "metricName": "com.google.speed.summary",
    "floatValue": 5.0811065536548785
  }, {
    "metricName": "com.google.active_minutes",
    "intValue": 61
  }]
}