{
  "fitnessActivity": "weightlifting",
  "startTime": "2023-04-27T16:12:03.712Z",
  "endTime": "2023-04-27T17:56:02.731Z",
  "duration": "6239.019s",
  "segment": [{
    "fitnessActivity": "weightlifting",
    "startTime": "2023-04-27T16:12:03.712Z",
    "endTime": "2023-04-27T17:56:02.731Z"
  }],
  "aggregate": [{
    "metricName": "com.google.heart_minutes.summary",
    "floatValue": 206.0
  }, {
    "metricName": "com.google.calories.expended",
    "floatValue": 811.0724700000001
  }, {
    "metricName": "com.google.step_count.delta",
    "intValue": 1282
  }, {
    "metricName": "com.google.distance.delta",
    "floatValue": 821.6980364769634
  }, {
    "metricName": "com.google.speed.summary",
    "floatValue": 0.4715688895852683
  }, {
    "metricName": "com.google.active_minutes",
    "intValue": 103
  }]
}