{
  "fitnessActivity": "biking",
  "startTime": "2023-07-14T05:04:17.174Z",
  "endTime": "2023-07-14T06:11:50.220Z",
  "duration": "3916.550s",
  "segment": [{
    "fitnessActivity": "biking",
    "startTime": "2023-07-14T05:04:17.174Z",
    "endTime": "2023-07-14T06:09:33.724Z"
  }],
  "aggregate": [{
    "metricName": "com.google.heart_minutes.summary",
    "floatValue": 65.0
  }, {
    "metricName": "com.google.calories.expended",
    "floatValue": 363.20286332939673
  }, {
    "metricName": "com.google.step_count.delta",
    "intValue": 159
  }, {
    "metricName": "com.google.distance.delta",
    "floatValue": 18666.652801442713
  }, {
    "metricName": "com.google.speed.summary",
    "floatValue": 4.699587075201222
  }, {
    "metricName": "com.google.active_minutes",
    "intValue": 66
  }]
}