{
  "fitnessActivity": "walking",
  "startTime": "2023-09-02T16:02:23.091Z",
  "endTime": "2023-09-02T16:31:46.908Z",
  "duration": "1763.817s",
  "segment": [{
    "fitnessActivity": "walking",
    "startTime": "2023-09-02T16:02:23.091Z",
    "endTime": "2023-09-02T16:31:46.908Z"
  }],
  "aggregate": [{
    "metricName": "com.google.calories.expended",
    "floatValue": 146.80346596744155
  }, {
    "metricName": "com.google.step_count.delta",
    "intValue": 869
  }, {
    "metricName": "com.google.distance.delta",
    "floatValue": 588.2048611791851
  }, {
    "metricName": "com.google.speed.summary",
    "floatValue": 0.4930545361091119
  }, {
    "metricName": "com.google.active_minutes",
    "intValue": 16
  }]
}