{
  "fitnessActivity": "walking",
  "startTime": "2023-10-02T13:19:42.342Z",
  "endTime": "2023-10-02T13:30:43.593Z",
  "duration": "661.251s",
  "segment": [{
    "fitnessActivity": "walking",
    "startTime": "2023-10-02T13:19:42.342Z",
    "endTime": "2023-10-02T13:27:37.606Z"
  }, {
    "fitnessActivity": "walking",
    "startTime": "2023-10-02T13:27:37.606Z",
    "endTime": "2023-10-02T13:30:43.593Z"
  }],
  "aggregate": [{
    "metricName": "com.google.heart_minutes.summary",
    "floatValue": 7.0
  }, {
    "metricName": "com.google.calories.expended",
    "floatValue": 55.03626137044485
  }, {
    "metricName": "com.google.step_count.delta",
    "intValue": 989
  }, {
    "metricName": "com.google.distance.delta",
    "floatValue": 668.9017854030832
  }, {
    "metricName": "com.google.speed.summary",
    "floatValue": 1.2579574548674857
  }, {
    "metricName": "com.google.active_minutes",
    "intValue": 10
  }]
}