{
  "fitnessActivity": "walking",
  "startTime": "2023-09-09T06:36:33.490Z",
  "endTime": "2023-09-09T07:10:58.906Z",
  "duration": "1965.369s",
  "segment": [{
    "fitnessActivity": "walking",
    "startTime": "2023-09-09T06:36:33.490Z",
    "endTime": "2023-09-09T06:47:33.490Z"
  }, {
    "fitnessActivity": "walking",
    "startTime": "2023-09-09T06:49:13.537Z",
    "endTime": "2023-09-09T07:10:58.906Z"
  }],
  "aggregate": [{
    "metricName": "com.google.heart_minutes.summary",
    "floatValue": 2.0
  }, {
    "metricName": "com.google.calories.expended",
    "floatValue": 165.57390081188467
  }, {
    "metricName": "com.google.step_count.delta",
    "intValue": 2180
  }, {
    "metricName": "com.google.distance.delta",
    "floatValue": 1659.7712383098528
  }, {
    "metricName": "com.google.speed.summary",
    "floatValue": 0.944030174635989
  }, {
    "metricName": "com.google.active_minutes",
    "intValue": 30
  }]
}