{
  "fitnessActivity": "biking",
  "startTime": "2023-10-02T11:48:08.256Z",
  "endTime": "2023-10-02T12:11:49.864Z",
  "duration": "1421.608s",
  "segment": [{
    "fitnessActivity": "biking",
    "startTime": "2023-10-02T11:48:08.256Z",
    "endTime": "2023-10-02T12:11:49.864Z"
  }],
  "aggregate": [{
    "metricName": "com.google.heart_minutes.summary",
    "floatValue": 22.0
  }, {
    "metricName": "com.google.calories.expended",
    "floatValue": 124.54865403422038
  }, {
    "metricName": "com.google.active_minutes",
    "intValue": 22
  }]
}