{
  "fitnessActivity": "walking",
  "startTime": "2023-09-10T13:47:08.160Z",
  "endTime": "2023-09-10T13:59:35.809Z",
  "duration": "747.649s",
  "segment": [{
    "fitnessActivity": "walking",
    "startTime": "2023-09-10T13:47:08.160Z",
    "endTime": "2023-09-10T13:59:35.809Z"
  }],
  "aggregate": [{
    "metricName": "com.google.heart_minutes.summary",
    "floatValue": 5.0
  }, {
    "metricName": "com.google.calories.expended",
    "floatValue": 62.22724042635473
  }, {
    "metricName": "com.google.step_count.delta",
    "intValue": 1042
  }, {
    "metricName": "com.google.distance.delta",
    "floatValue": 734.4687475752647
  }, {
    "metricName": "com.google.speed.summary",
    "floatValue": 1.0659029224682712
  }, {
    "metricName": "com.google.active_minutes",
    "intValue": 12
  }]
}