{
  "fitnessActivity": "running",
  "startTime": "2023-07-10T06:12:03.278Z",
  "endTime": "2023-07-10T06:18:50.081Z",
  "duration": "406.803s",
  "segment": [{
    "fitnessActivity": "running",
    "startTime": "2023-07-10T06:12:03.278Z",
    "endTime": "2023-07-10T06:18:50.081Z"
  }],
  "aggregate": [{
    "metricName": "com.google.heart_minutes.summary",
    "floatValue": 6.0
  }, {
    "metricName": "com.google.calories.expended",
    "floatValue": 66.10560388727188
  }, {
    "metricName": "com.google.step_count.delta",
    "intValue": 704
  }, {
    "metricName": "com.google.distance.delta",
    "floatValue": 612.0716932833863
  }, {
    "metricName": "com.google.speed.summary",
    "floatValue": 1.5171610900986277
  }, {
    "metricName": "com.google.active_minutes",
    "intValue": 6
  }]
}