{
  "fitnessActivity": "walking",
  "startTime": "2023-06-30T13:41:48.133Z",
  "endTime": "2023-06-30T13:57:42.237Z",
  "duration": "954.104s",
  "segment": [{
    "fitnessActivity": "walking",
    "startTime": "2023-06-30T13:41:48.133Z",
    "endTime": "2023-06-30T13:49:22.309Z"
  }, {
    "fitnessActivity": "running",
    "startTime": "2023-06-30T13:49:22.309Z",
    "endTime": "2023-06-30T13:55:25.380Z"
  }, {
    "fitnessActivity": "walking",
    "startTime": "2023-06-30T13:55:25.380Z",
    "endTime": "2023-06-30T13:57:27.616Z"
  }, {
    "fitnessActivity": "walking",
    "startTime": "2023-06-30T13:57:27.616Z",
    "endTime": "2023-06-30T13:57:42.237Z"
  }],
  "aggregate": [{
    "metricName": "com.google.heart_minutes.summary",
    "floatValue": 11.0
  }, {
    "metricName": "com.google.calories.expended",
    "floatValue": 107.6607545
  }, {
    "metricName": "com.google.step_count.delta",
    "intValue": 1578
  }, {
    "metricName": "com.google.distance.delta",
    "floatValue": 1019.4941418521385
  }, {
    "metricName": "com.google.speed.summary",
    "floatValue": 1.2837642387993062
  }, {
    "metricName": "com.google.active_minutes",
    "intValue": 15
  }]
}