{
  "fitnessActivity": "walking",
  "startTime": "2023-07-26T06:40:58.549Z",
  "endTime": "2023-07-26T06:58:03.831Z",
  "duration": "759.199s",
  "segment": [{
    "fitnessActivity": "walking",
    "startTime": "2023-07-26T06:40:58.549Z",
    "endTime": "2023-07-26T06:41:00.572Z"
  }, {
    "fitnessActivity": "walking",
    "startTime": "2023-07-26T06:41:00.572Z",
    "endTime": "2023-07-26T06:43:32.185Z"
  }, {
    "fitnessActivity": "walking",
    "startTime": "2023-07-26T06:47:58.268Z",
    "endTime": "2023-07-26T06:48:04.164Z"
  }, {
    "fitnessActivity": "walking",
    "startTime": "2023-07-26T06:48:04.164Z",
    "endTime": "2023-07-26T06:51:05.969Z"
  }, {
    "fitnessActivity": "running",
    "startTime": "2023-07-26T06:51:05.969Z",
    "endTime": "2023-07-26T06:54:07.229Z"
  }, {
    "fitnessActivity": "walking",
    "startTime": "2023-07-26T06:54:07.229Z",
    "endTime": "2023-07-26T06:57:09.117Z"
  }, {
    "fitnessActivity": "walking",
    "startTime": "2023-07-26T06:57:09.117Z",
    "endTime": "2023-07-26T06:58:03.831Z"
  }],
  "aggregate": [{
    "metricName": "com.google.heart_minutes.summary",
    "floatValue": 10.0
  }, {
    "metricName": "com.google.calories.expended",
    "floatValue": 84.19794482910488
  }, {
    "metricName": "com.google.step_count.delta",
    "intValue": 1424
  }, {
    "metricName": "com.google.distance.delta",
    "floatValue": 940.2634812844599
  }, {
    "metricName": "com.google.speed.summary",
    "floatValue": 1.0907149039305124
  }, {
    "metricName": "com.google.active_minutes",
    "intValue": 18
  }]
}