{
  "fitnessActivity": "weightlifting",
  "startTime": "2023-04-03T08:45:31.473Z",
  "endTime": "2023-04-03T10:53:06.562Z",
  "duration": "7655.089s",
  "segment": [{
    "fitnessActivity": "weightlifting",
    "startTime": "2023-04-03T08:45:31.473Z",
    "endTime": "2023-04-03T10:53:06.562Z"
  }],
  "aggregate": [{
    "metricName": "com.google.heart_minutes.summary",
    "floatValue": 254.0
  }, {
    "metricName": "com.google.calories.expended",
    "floatValue": 931.3691616666666
  }, {
    "metricName": "com.google.active_minutes",
    "intValue": 127
  }]
}