{
  "fitnessActivity": "weightlifting",
  "startTime": "2023-08-22T11:48:17.463Z",
  "endTime": "2023-08-22T13:14:25.140Z",
  "duration": "5167.677s",
  "segment": [{
    "fitnessActivity": "weightlifting",
    "startTime": "2023-08-22T11:48:17.463Z",
    "endTime": "2023-08-22T13:14:25.140Z"
  }],
  "aggregate": [{
    "metricName": "com.google.heart_minutes.summary",
    "floatValue": 170.0
  }, {
    "metricName": "com.google.calories.expended",
    "floatValue": 679.1188726079179
  }, {
    "metricName": "com.google.step_count.delta",
    "intValue": 1177
  }, {
    "metricName": "com.google.distance.delta",
    "floatValue": 304.541056904992
  }, {
    "metricName": "com.google.speed.summary",
    "floatValue": 0.4749963398561956
  }, {
    "metricName": "com.google.active_minutes",
    "intValue": 85
  }]
}