{
  "fitnessActivity": "weightlifting",
  "startTime": "2023-05-24T14:26:55.243Z",
  "endTime": "2023-05-24T16:06:17.616Z",
  "duration": "5962.373s",
  "segment": [{
    "fitnessActivity": "weightlifting",
    "startTime": "2023-05-24T14:26:55.243Z",
    "endTime": "2023-05-24T16:06:17.616Z"
  }],
  "aggregate": [{
    "metricName": "com.google.heart_minutes.summary",
    "floatValue": 198.0
  }, {
    "metricName": "com.google.calories.expended",
    "floatValue": 775.1084899999998
  }, {
    "metricName": "com.google.step_count.delta",
    "intValue": 1207
  }, {
    "metricName": "com.google.distance.delta",
    "floatValue": 887.3728788945491
  }, {
    "metricName": "com.google.speed.summary",
    "floatValue": 0.5058363790949224
  }, {
    "metricName": "com.google.active_minutes",
    "intValue": 99
  }]
}