{
  "fitnessActivity": "weightlifting",
  "startTime": "2023-04-11T08:38:49.905Z",
  "endTime": "2023-04-11T11:06:58.644Z",
  "duration": "8888.739s",
  "segment": [{
    "fitnessActivity": "weightlifting",
    "startTime": "2023-04-11T08:38:49.905Z",
    "endTime": "2023-04-11T11:06:58.644Z"
  }],
  "aggregate": [{
    "metricName": "com.google.heart_minutes.summary",
    "floatValue": 294.0
  }, {
    "metricName": "com.google.calories.expended",
    "floatValue": 1081.463245
  }, {
    "metricName": "com.google.active_minutes",
    "intValue": 147
  }]
}