{
  "fitnessActivity": "weightlifting",
  "startTime": "2023-04-10T09:37:44.979Z",
  "endTime": "2023-04-10T13:13:10.834Z",
  "duration": "12925.855s",
  "segment": [{
    "fitnessActivity": "weightlifting",
    "startTime": "2023-04-10T09:37:44.979Z",
    "endTime": "2023-04-10T13:13:10.834Z"
  }],
  "aggregate": [{
    "metricName": "com.google.heart_minutes.summary",
    "floatValue": 430.0
  }, {
    "metricName": "com.google.calories.expended",
    "floatValue": 1572.6456916666664
  }, {
    "metricName": "com.google.active_minutes",
    "intValue": 215
  }]
}