{
  "fitnessActivity": "walking",
  "startTime": "2023-04-26T13:22:25.583Z",
  "endTime": "2023-04-26T13:31:01.124Z",
  "duration": "515.541s",
  "segment": [{
    "fitnessActivity": "walking",
    "startTime": "2023-04-26T13:22:25.583Z",
    "endTime": "2023-04-26T13:31:01.124Z"
  }],
  "aggregate": [{
    "metricName": "com.google.heart_minutes.summary",
    "floatValue": 7.0
  }, {
    "metricName": "com.google.calories.expended",
    "floatValue": 42.446208999999996
  }, {
    "metricName": "com.google.step_count.delta",
    "intValue": 857
  }, {
    "metricName": "com.google.distance.delta",
    "floatValue": 693.4651172538507
  }, {
    "metricName": "com.google.speed.summary",
    "floatValue": 1.4165577432276546
  }, {
    "metricName": "com.google.active_minutes",
    "intValue": 9
  }]
}