{
  "fitnessActivity": "walking",
  "startTime": "2023-04-26T20:31:52.222Z",
  "endTime": "2023-04-26T20:58:06.767Z",
  "duration": "1574.545s",
  "segment": [{
    "fitnessActivity": "walking",
    "startTime": "2023-04-26T20:31:52.222Z",
    "endTime": "2023-04-26T20:32:22.632Z"
  }, {
    "fitnessActivity": "walking",
    "startTime": "2023-04-26T20:32:22.632Z",
    "endTime": "2023-04-26T20:57:37.664Z"
  }, {
    "fitnessActivity": "walking",
    "startTime": "2023-04-26T20:57:37.664Z",
    "endTime": "2023-04-26T20:58:06.767Z"
  }],
  "aggregate": [{
    "metricName": "com.google.heart_minutes.summary",
    "floatValue": 11.0
  }, {
    "metricName": "com.google.calories.expended",
    "floatValue": 129.63749558895867
  }, {
    "metricName": "com.google.step_count.delta",
    "intValue": 2404
  }, {
    "metricName": "com.google.distance.delta",
    "floatValue": 1845.3988606539713
  }, {
    "metricName": "com.google.speed.summary",
    "floatValue": 1.1685291625075185
  }, {
    "metricName": "com.google.active_minutes",
    "intValue": 27
  }]
}