{
  "fitnessActivity": "walking",
  "startTime": "2023-07-08T14:59:27.991Z",
  "endTime": "2023-07-08T15:10:43.631Z",
  "duration": "675.640s",
  "segment": [{
    "fitnessActivity": "walking",
    "startTime": "2023-07-08T14:59:27.991Z",
    "endTime": "2023-07-08T15:10:43.631Z"
  }],
  "aggregate": [{
    "metricName": "com.google.heart_minutes.summary",
    "floatValue": 13.0
  }, {
    "metricName": "com.google.calories.expended",
    "floatValue": 58.11181319471443
  }, {
    "metricName": "com.google.step_count.delta",
    "intValue": 1307
  }, {
    "metricName": "com.google.distance.delta",
    "floatValue": 1059.069554631745
  }, {
    "metricName": "com.google.speed.summary",
    "floatValue": 1.650983880598752
  }, {
    "metricName": "com.google.active_minutes",
    "intValue": 11
  }]
}