{
  "fitnessActivity": "walking",
  "startTime": "2023-09-02T20:52:11.726Z",
  "endTime": "2023-09-02T21:17:01.440Z",
  "duration": "1083.106s",
  "segment": [{
    "fitnessActivity": "walking",
    "startTime": "2023-09-02T20:52:11.726Z",
    "endTime": "2023-09-02T20:52:47.643Z"
  }, {
    "fitnessActivity": "walking",
    "startTime": "2023-09-02T20:52:47.643Z",
    "endTime": "2023-09-02T20:57:01.201Z"
  }, {
    "fitnessActivity": "walking",
    "startTime": "2023-09-02T21:03:47.809Z",
    "endTime": "2023-09-02T21:17:01.440Z"
  }],
  "aggregate": [{
    "metricName": "com.google.heart_minutes.summary",
    "floatValue": 7.0
  }, {
    "metricName": "com.google.calories.expended",
    "floatValue": 98.25609651466529
  }, {
    "metricName": "com.google.step_count.delta",
    "intValue": 1454
  }, {
    "metricName": "com.google.distance.delta",
    "floatValue": 1040.8570305023825
  }, {
    "metricName": "com.google.speed.summary",
    "floatValue": 0.8499882473943919
  }, {
    "metricName": "com.google.active_minutes",
    "intValue": 19
  }]
}