{
  "fitnessActivity": "walking",
  "startTime": "2023-04-27T14:44:37.603Z",
  "endTime": "2023-04-27T15:06:50.707Z",
  "duration": "1333.104s",
  "segment": [{
    "fitnessActivity": "walking",
    "startTime": "2023-04-27T14:44:37.603Z",
    "endTime": "2023-04-27T15:06:50.707Z"
  }],
  "aggregate": [{
    "metricName": "com.google.heart_minutes.summary",
    "floatValue": 12.0
  }, {
    "metricName": "com.google.calories.expended",
    "floatValue": 109.758896
  }, {
    "metricName": "com.google.step_count.delta",
    "intValue": 1403
  }, {
    "metricName": "com.google.distance.delta",
    "floatValue": 1091.0828935035186
  }, {
    "metricName": "com.google.speed.summary",
    "floatValue": 1.5023590776691471
  }, {
    "metricName": "com.google.active_minutes",
    "intValue": 13
  }]
}