{
  "fitnessActivity": "walking",
  "startTime": "2023-06-03T19:55:27.730Z",
  "endTime": "2023-06-03T20:14:16.557Z",
  "duration": "1128.827s",
  "segment": [{
    "fitnessActivity": "walking",
    "startTime": "2023-06-03T19:55:27.730Z",
    "endTime": "2023-06-03T20:07:46.653Z"
  }, {
    "fitnessActivity": "walking",
    "startTime": "2023-06-03T20:07:46.653Z",
    "endTime": "2023-06-03T20:14:16.557Z"
  }],
  "aggregate": [{
    "metricName": "com.google.heart_minutes.summary",
    "floatValue": 8.0
  }, {
    "metricName": "com.google.calories.expended",
    "floatValue": 92.94008040346316
  }, {
    "metricName": "com.google.step_count.delta",
    "intValue": 1682
  }, {
    "metricName": "com.google.distance.delta",
    "floatValue": 1277.8724485047067
  }, {
    "metricName": "com.google.speed.summary",
    "floatValue": 1.2325636525590893
  }, {
    "metricName": "com.google.active_minutes",
    "intValue": 18
  }]
}