{
  "fitnessActivity": "weightlifting",
  "startTime": "2023-03-03T08:15:33.580Z",
  "endTime": "2023-03-03T11:56:06.804Z",
  "duration": "13233.224s",
  "segment": [{
    "fitnessActivity": "weightlifting",
    "startTime": "2023-03-03T08:15:33.580Z",
    "endTime": "2023-03-03T11:56:06.804Z"
  }],
  "aggregate": [{
    "metricName": "com.google.heart_minutes.summary",
    "floatValue": 440.0
  }, {
    "metricName": "com.google.calories.expended",
    "floatValue": 1610.0422533333335
  }, {
    "metricName": "com.google.active_minutes",
    "intValue": 220
  }]
}