{
  "fitnessActivity": "walking",
  "startTime": "2023-06-07T14:04:13.257Z",
  "endTime": "2023-06-07T14:16:23.810Z",
  "duration": "730.553s",
  "segment": [{
    "fitnessActivity": "walking",
    "startTime": "2023-06-07T14:04:13.257Z",
    "endTime": "2023-06-07T14:06:01.361Z"
  }, {
    "fitnessActivity": "walking",
    "startTime": "2023-06-07T14:06:01.361Z",
    "endTime": "2023-06-07T14:16:23.810Z"
  }],
  "aggregate": [{
    "metricName": "com.google.heart_minutes.summary",
    "floatValue": 11.0
  }, {
    "metricName": "com.google.calories.expended",
    "floatValue": 60.14883155921452
  }, {
    "metricName": "com.google.step_count.delta",
    "intValue": 1289
  }, {
    "metricName": "com.google.distance.delta",
    "floatValue": 1015.1216023452084
  }, {
    "metricName": "com.google.speed.summary",
    "floatValue": 1.4264624969775588
  }, {
    "metricName": "com.google.active_minutes",
    "intValue": 12
  }]
}