{
  "fitnessActivity": "walking",
  "startTime": "2023-08-02T06:10:59.522Z",
  "endTime": "2023-08-02T06:23:38.748Z",
  "duration": "759.226s",
  "segment": [{
    "fitnessActivity": "walking",
    "startTime": "2023-08-02T06:10:59.522Z",
    "endTime": "2023-08-02T06:15:08.155Z"
  }, {
    "fitnessActivity": "walking",
    "startTime": "2023-08-02T06:15:08.155Z",
    "endTime": "2023-08-02T06:23:38.748Z"
  }],
  "aggregate": [{
    "metricName": "com.google.heart_minutes.summary",
    "floatValue": 12.0
  }, {
    "metricName": "com.google.calories.expended",
    "floatValue": 64.11240474237596
  }, {
    "metricName": "com.google.step_count.delta",
    "intValue": 1252
  }, {
    "metricName": "com.google.distance.delta",
    "floatValue": 901.1688092764779
  }, {
    "metricName": "com.google.speed.summary",
    "floatValue": 1.2125599886346417
  }, {
    "metricName": "com.google.active_minutes",
    "intValue": 13
  }]
}