{
  "fitnessActivity": "walking",
  "startTime": "2023-09-09T09:22:45.590Z",
  "endTime": "2023-09-09T09:48:52.991Z",
  "duration": "1567.401s",
  "segment": [{
    "fitnessActivity": "walking",
    "startTime": "2023-09-09T09:22:45.590Z",
    "endTime": "2023-09-09T09:48:52.991Z"
  }],
  "aggregate": [{
    "metricName": "com.google.heart_minutes.summary",
    "floatValue": 3.0
  }, {
    "metricName": "com.google.calories.expended",
    "floatValue": 130.45565348379898
  }, {
    "metricName": "com.google.step_count.delta",
    "intValue": 1687
  }, {
    "metricName": "com.google.distance.delta",
    "floatValue": 1274.9548197678196
  }, {
    "metricName": "com.google.speed.summary",
    "floatValue": 0.9111469926161803
  }, {
    "metricName": "com.google.active_minutes",
    "intValue": 23
  }]
}