{
  "fitnessActivity": "walking",
  "startTime": "2023-09-25T06:56:57.439Z",
  "endTime": "2023-09-25T07:15:42.464Z",
  "duration": "1125.025s",
  "segment": [{
    "fitnessActivity": "walking",
    "startTime": "2023-09-25T06:56:57.439Z",
    "endTime": "2023-09-25T06:58:03.205Z"
  }, {
    "fitnessActivity": "walking",
    "startTime": "2023-09-25T06:58:03.205Z",
    "endTime": "2023-09-25T07:15:42.464Z"
  }],
  "aggregate": [{
    "metricName": "com.google.heart_minutes.summary",
    "floatValue": 10.0
  }, {
    "metricName": "com.google.calories.expended",
    "floatValue": 93.63645188157648
  }, {
    "metricName": "com.google.step_count.delta",
    "intValue": 1734
  }, {
    "metricName": "com.google.distance.delta",
    "floatValue": 794.6153383358529
  }, {
    "metricName": "com.google.speed.summary",
    "floatValue": 1.1604686415557004
  }, {
    "metricName": "com.google.active_minutes",
    "intValue": 19
  }]
}