{
  "fitnessActivity": "weightlifting",
  "startTime": "2023-07-22T11:00:41.978Z",
  "endTime": "2023-07-22T12:46:40.331Z",
  "duration": "6358.353s",
  "segment": [{
    "fitnessActivity": "weightlifting",
    "startTime": "2023-07-22T11:00:41.978Z",
    "endTime": "2023-07-22T12:46:40.331Z"
  }],
  "aggregate": [{
    "metricName": "com.google.heart_minutes.summary",
    "floatValue": 210.0
  }, {
    "metricName": "com.google.calories.expended",
    "floatValue": 846.1907955798722
  }, {
    "metricName": "com.google.step_count.delta",
    "intValue": 1300
  }, {
    "metricName": "com.google.distance.delta",
    "floatValue": 847.2083762901915
  }, {
    "metricName": "com.google.speed.summary",
    "floatValue": 0.4306493993994034
  }, {
    "metricName": "com.google.active_minutes",
    "intValue": 106
  }]
}