{
  "fitnessActivity": "weightlifting",
  "startTime": "2023-05-18T11:31:12.765Z",
  "endTime": "2023-05-18T14:37:14.829Z",
  "duration": "11162.064s",
  "segment": [{
    "fitnessActivity": "weightlifting",
    "startTime": "2023-05-18T11:31:12.765Z",
    "endTime": "2023-05-18T14:37:14.829Z"
  }],
  "aggregate": [{
    "metricName": "com.google.heart_minutes.summary",
    "floatValue": 370.0
  }, {
    "metricName": "com.google.calories.expended",
    "floatValue": 1451.0683199999999
  }, {
    "metricName": "com.google.step_count.delta",
    "intValue": 3200
  }, {
    "metricName": "com.google.distance.delta",
    "floatValue": 2421.487611638666
  }, {
    "metricName": "com.google.speed.summary",
    "floatValue": 0.6061980544485626
  }, {
    "metricName": "com.google.active_minutes",
    "intValue": 185
  }]
}