{
  "fitnessActivity": "walking",
  "startTime": "2023-09-01T14:04:03.877Z",
  "endTime": "2023-09-01T14:20:44.594Z",
  "duration": "1000.717s",
  "segment": [{
    "fitnessActivity": "walking",
    "startTime": "2023-09-01T14:04:03.877Z",
    "endTime": "2023-09-01T14:06:37.881Z"
  }, {
    "fitnessActivity": "walking",
    "startTime": "2023-09-01T14:06:37.881Z",
    "endTime": "2023-09-01T14:20:44.594Z"
  }],
  "aggregate": [{
    "metricName": "com.google.heart_minutes.summary",
    "floatValue": 9.0
  }, {
    "metricName": "com.google.calories.expended",
    "floatValue": 83.29022297758601
  }, {
    "metricName": "com.google.step_count.delta",
    "intValue": 1237
  }, {
    "metricName": "com.google.distance.delta",
    "floatValue": 861.47674136008
  }, {
    "metricName": "com.google.speed.summary",
    "floatValue": 1.065061786590027
  }, {
    "metricName": "com.google.active_minutes",
    "intValue": 14
  }]
}