{
  "fitnessActivity": "walking",
  "startTime": "2023-06-22T16:17:01.109Z",
  "endTime": "2023-06-22T16:32:55.929Z",
  "duration": "954.820s",
  "segment": [{
    "fitnessActivity": "walking",
    "startTime": "2023-06-22T16:17:01.109Z",
    "endTime": "2023-06-22T16:32:55.929Z"
  }],
  "aggregate": [{
    "metricName": "com.google.heart_minutes.summary",
    "floatValue": 14.0
  }, {
    "metricName": "com.google.calories.expended",
    "floatValue": 78.61351333333332
  }, {
    "metricName": "com.google.step_count.delta",
    "intValue": 1699
  }, {
    "metricName": "com.google.distance.delta",
    "floatValue": 1367.0617281099665
  }, {
    "metricName": "com.google.speed.summary",
    "floatValue": 1.4331729155230752
  }, {
    "metricName": "com.google.active_minutes",
    "intValue": 15
  }]
}