{
  "fitnessActivity": "walking",
  "startTime": "2023-05-05T15:00:17.762Z",
  "endTime": "2023-05-05T15:12:52.002Z",
  "duration": "754.240s",
  "segment": [{
    "fitnessActivity": "walking",
    "startTime": "2023-05-05T15:00:17.762Z",
    "endTime": "2023-05-05T15:11:45.966Z"
  }, {
    "fitnessActivity": "walking",
    "startTime": "2023-05-05T15:11:45.966Z",
    "endTime": "2023-05-05T15:12:52.002Z"
  }],
  "aggregate": [{
    "metricName": "com.google.heart_minutes.summary",
    "floatValue": 11.0
  }, {
    "metricName": "com.google.calories.expended",
    "floatValue": 62.09909333333333
  }, {
    "metricName": "com.google.step_count.delta",
    "intValue": 1310
  }, {
    "metricName": "com.google.distance.delta",
    "floatValue": 1027.3790347202619
  }, {
    "metricName": "com.google.speed.summary",
    "floatValue": 1.3702780433884922
  }, {
    "metricName": "com.google.active_minutes",
    "intValue": 12
  }]
}