{
  "fitnessActivity": "walking",
  "startTime": "2023-09-12T09:29:15.022Z",
  "endTime": "2023-09-12T10:03:09.582Z",
  "duration": "1347.400s",
  "segment": [{
    "fitnessActivity": "walking",
    "startTime": "2023-09-12T09:29:15.022Z",
    "endTime": "2023-09-12T09:31:18.389Z"
  }, {
    "fitnessActivity": "walking",
    "startTime": "2023-09-12T09:31:18.389Z",
    "endTime": "2023-09-12T09:31:19.863Z"
  }, {
    "fitnessActivity": "walking",
    "startTime": "2023-09-12T09:39:04.828Z",
    "endTime": "2023-09-12T09:41:10.772Z"
  }, {
    "fitnessActivity": "walking",
    "startTime": "2023-09-12T09:41:10.772Z",
    "endTime": "2023-09-12T09:50:49.136Z"
  }, {
    "fitnessActivity": "walking",
    "startTime": "2023-09-12T09:50:49.136Z",
    "endTime": "2023-09-12T09:51:13.608Z"
  }, {
    "fitnessActivity": "running",
    "startTime": "2023-09-12T09:54:55.803Z",
    "endTime": "2023-09-12T10:02:39.797Z"
  }, {
    "fitnessActivity": "walking",
    "startTime": "2023-09-12T10:02:39.797Z",
    "endTime": "2023-09-12T10:03:09.582Z"
  }],
  "aggregate": [{
    "metricName": "com.google.heart_minutes.summary",
    "floatValue": 15.0
  }, {
    "metricName": "com.google.calories.expended",
    "floatValue": 163.4504786279112
  }, {
    "metricName": "com.google.step_count.delta",
    "intValue": 2323
  }, {
    "metricName": "com.google.distance.delta",
    "floatValue": 1783.6256601297964
  }, {
    "metricName": "com.google.speed.summary",
    "floatValue": 0.9576052424559787
  }, {
    "metricName": "com.google.active_minutes",
    "intValue": 28
  }]
}