{
  "fitnessActivity": "walking",
  "startTime": "2023-07-12T06:25:51.789Z",
  "endTime": "2023-07-12T06:36:49.303Z",
  "duration": "657.514s",
  "segment": [{
    "fitnessActivity": "walking",
    "startTime": "2023-07-12T06:25:51.789Z",
    "endTime": "2023-07-12T06:26:57.331Z"
  }, {
    "fitnessActivity": "walking",
    "startTime": "2023-07-12T06:26:57.331Z",
    "endTime": "2023-07-12T06:36:49.303Z"
  }],
  "aggregate": [{
    "metricName": "com.google.heart_minutes.summary",
    "floatValue": 10.0
  }, {
    "metricName": "com.google.calories.expended",
    "floatValue": 54.13535382883433
  }, {
    "metricName": "com.google.step_count.delta",
    "intValue": 1167
  }, {
    "metricName": "com.google.distance.delta",
    "floatValue": 895.2480271322737
  }, {
    "metricName": "com.google.speed.summary",
    "floatValue": 1.4721696128851869
  }, {
    "metricName": "com.google.active_minutes",
    "intValue": 11
  }]
}