{
  "fitnessActivity": "weightlifting",
  "startTime": "2023-07-08T09:34:15.983Z",
  "endTime": "2023-07-08T12:14:58.425Z",
  "duration": "9642.442s",
  "segment": [{
    "fitnessActivity": "weightlifting",
    "startTime": "2023-07-08T09:34:15.983Z",
    "endTime": "2023-07-08T12:14:58.425Z"
  }],
  "aggregate": [{
    "metricName": "com.google.heart_minutes.summary",
    "floatValue": 318.0
  }, {
    "metricName": "com.google.calories.expended",
    "floatValue": 1253.519666979828
  }, {
    "metricName": "com.google.step_count.delta",
    "intValue": 2981
  }, {
    "metricName": "com.google.distance.delta",
    "floatValue": 2032.7788233616252
  }, {
    "metricName": "com.google.speed.summary",
    "floatValue": 0.7575717584576466
  }, {
    "metricName": "com.google.active_minutes",
    "intValue": 159
  }]
}