{
  "fitnessActivity": "weightlifting",
  "startTime": "2023-08-11T08:21:08.137Z",
  "endTime": "2023-08-11T10:13:39.205Z",
  "duration": "6751.068s",
  "segment": [{
    "fitnessActivity": "weightlifting",
    "startTime": "2023-08-11T08:21:08.137Z",
    "endTime": "2023-08-11T10:13:39.205Z"
  }],
  "aggregate": [{
    "metricName": "com.google.heart_minutes.summary",
    "floatValue": 222.0
  }, {
    "metricName": "com.google.calories.expended",
    "floatValue": 887.2028358311463
  }, {
    "metricName": "com.google.step_count.delta",
    "intValue": 2512
  }, {
    "metricName": "com.google.distance.delta",
    "floatValue": 1098.4991456773027
  }, {
    "metricName": "com.google.speed.summary",
    "floatValue": 0.5922305151244732
  }, {
    "metricName": "com.google.active_minutes",
    "intValue": 112
  }]
}