{
  "fitnessActivity": "walking",
  "startTime": "2023-06-03T11:56:51.854Z",
  "endTime": "2023-06-03T12:10:36.555Z",
  "duration": "824.701s",
  "segment": [{
    "fitnessActivity": "walking",
    "startTime": "2023-06-03T11:56:51.854Z",
    "endTime": "2023-06-03T12:10:36.555Z"
  }],
  "aggregate": [{
    "metricName": "com.google.heart_minutes.summary",
    "floatValue": 11.0
  }, {
    "metricName": "com.google.calories.expended",
    "floatValue": 67.90038233333333
  }, {
    "metricName": "com.google.step_count.delta",
    "intValue": 1417
  }, {
    "metricName": "com.google.distance.delta",
    "floatValue": 1121.6191433898643
  }, {
    "metricName": "com.google.speed.summary",
    "floatValue": 1.401702857121896
  }, {
    "metricName": "com.google.active_minutes",
    "intValue": 13
  }]
}