{
  "fitnessActivity": "biking",
  "startTime": "2023-07-19T14:06:57.906Z",
  "endTime": "2023-07-19T14:30:01.500Z",
  "duration": "1383.594s",
  "segment": [{
    "fitnessActivity": "biking",
    "startTime": "2023-07-19T14:06:57.906Z",
    "endTime": "2023-07-19T14:30:01.500Z"
  }],
  "aggregate": [{
    "metricName": "com.google.heart_minutes.summary",
    "floatValue": 43.0
  }, {
    "metricName": "com.google.calories.expended",
    "floatValue": 177.0
  }, {
    "metricName": "com.google.distance.delta",
    "floatValue": 6507.0
  }, {
    "metricName": "com.google.speed.summary",
    "floatValue": 4.875416474642006
  }, {
    "metricName": "com.google.active_minutes",
    "intValue": 24
  }]
}