{
  "fitnessActivity": "walking",
  "startTime": "2023-07-24T12:59:42.224Z",
  "endTime": "2023-07-24T13:09:06.551Z",
  "duration": "564.327s",
  "segment": [{
    "fitnessActivity": "walking",
    "startTime": "2023-07-24T12:59:42.224Z",
    "endTime": "2023-07-24T13:09:06.551Z"
  }],
  "aggregate": [{
    "metricName": "com.google.heart_minutes.summary",
    "floatValue": 7.0
  }, {
    "metricName": "com.google.calories.expended",
    "floatValue": 47.56492731606674
  }, {
    "metricName": "com.google.step_count.delta",
    "intValue": 880
  }, {
    "metricName": "com.google.distance.delta",
    "floatValue": 630.0279910349883
  }, {
    "metricName": "com.google.speed.summary",
    "floatValue": 1.1534133145325187
  }, {
    "metricName": "com.google.active_minutes",
    "intValue": 10
  }]
}