{
  "fitnessActivity": "walking",
  "startTime": "2023-10-03T09:42:32.498Z",
  "endTime": "2023-10-03T10:05:57.936Z",
  "duration": "1405.438s",
  "segment": [{
    "fitnessActivity": "walking",
    "startTime": "2023-10-03T09:42:32.498Z",
    "endTime": "2023-10-03T10:05:57.936Z"
  }],
  "aggregate": [{
    "metricName": "com.google.calories.expended",
    "floatValue": 116.97538327522022
  }, {
    "metricName": "com.google.step_count.delta",
    "intValue": 1500
  }, {
    "metricName": "com.google.distance.delta",
    "floatValue": 1043.1931636151369
  }, {
    "metricName": "com.google.speed.summary",
    "floatValue": 0.7781787985046059
  }, {
    "metricName": "com.google.active_minutes",
    "intValue": 21
  }]
}