{
  "fitnessActivity": "walking",
  "startTime": "2023-04-29T22:19:46.864Z",
  "endTime": "2023-04-29T22:32:24.904Z",
  "duration": "758.040s",
  "segment": [{
    "fitnessActivity": "walking",
    "startTime": "2023-04-29T22:19:46.864Z",
    "endTime": "2023-04-29T22:24:45.353Z"
  }, {
    "fitnessActivity": "walking",
    "startTime": "2023-04-29T22:24:45.353Z",
    "endTime": "2023-04-29T22:32:24.904Z"
  }],
  "aggregate": [{
    "metricName": "com.google.heart_minutes.summary",
    "floatValue": 4.0
  }, {
    "metricName": "com.google.calories.expended",
    "floatValue": 62.411932161703035
  }, {
    "metricName": "com.google.step_count.delta",
    "intValue": 1175
  }, {
    "metricName": "com.google.distance.delta",
    "floatValue": 882.3706453335008
  }, {
    "metricName": "com.google.speed.summary",
    "floatValue": 1.1988227601328703
  }, {
    "metricName": "com.google.active_minutes",
    "intValue": 13
  }]
}