{
  "fitnessActivity": "walking",
  "startTime": "2023-09-06T05:24:21.313Z",
  "endTime": "2023-09-06T06:05:05.118Z",
  "duration": "1354.787s",
  "segment": [{
    "fitnessActivity": "walking",
    "startTime": "2023-09-06T05:24:21.313Z",
    "endTime": "2023-09-06T05:24:48.986Z"
  }, {
    "fitnessActivity": "walking",
    "startTime": "2023-09-06T05:24:48.986Z",
    "endTime": "2023-09-06T05:27:25.527Z"
  }, {
    "fitnessActivity": "walking",
    "startTime": "2023-09-06T05:34:09.484Z",
    "endTime": "2023-09-06T05:46:07.881Z"
  }, {
    "fitnessActivity": "walking",
    "startTime": "2023-09-06T05:46:07.881Z",
    "endTime": "2023-09-06T05:47:29.463Z"
  }, {
    "fitnessActivity": "walking",
    "startTime": "2023-09-06T05:58:54.524Z",
    "endTime": "2023-09-06T06:05:05.118Z"
  }],
  "aggregate": [{
    "metricName": "com.google.heart_minutes.summary",
    "floatValue": 11.0
  }, {
    "metricName": "com.google.calories.expended",
    "floatValue": 134.4769395139322
  }, {
    "metricName": "com.google.step_count.delta",
    "intValue": 2575
  }, {
    "metricName": "com.google.distance.delta",
    "floatValue": 1659.8995368793303
  }, {
    "metricName": "com.google.speed.summary",
    "floatValue": 0.8239598934934693
  }, {
    "metricName": "com.google.active_minutes",
    "intValue": 31
  }]
}