{
  "fitnessActivity": "weightlifting",
  "startTime": "2023-03-21T08:21:39.051Z",
  "endTime": "2023-03-21T10:50:02.436Z",
  "duration": "8903.385s",
  "segment": [{
    "fitnessActivity": "weightlifting",
    "startTime": "2023-03-21T08:21:39.051Z",
    "endTime": "2023-03-21T10:50:02.436Z"
  }],
  "aggregate": [{
    "metricName": "com.google.heart_minutes.summary",
    "floatValue": 296.0
  }, {
    "metricName": "com.google.calories.expended",
    "floatValue": 1083.245175
  }, {
    "metricName": "com.google.active_minutes",
    "intValue": 148
  }]
}