{
  "fitnessActivity": "walking",
  "startTime": "2023-05-09T10:11:36.147Z",
  "endTime": "2023-05-09T11:30:17.845Z",
  "duration": "3601.363s",
  "segment": [{
    "fitnessActivity": "walking",
    "startTime": "2023-05-09T10:11:36.147Z",
    "endTime": "2023-05-09T10:35:13.351Z"
  }, {
    "fitnessActivity": "walking",
    "startTime": "2023-05-09T10:44:17.736Z",
    "endTime": "2023-05-09T11:06:33.591Z"
  }, {
    "fitnessActivity": "walking",
    "startTime": "2023-05-09T11:16:09.541Z",
    "endTime": "2023-05-09T11:30:17.845Z"
  }],
  "aggregate": [{
    "metricName": "com.google.heart_minutes.summary",
    "floatValue": 51.0
  }, {
    "metricName": "com.google.calories.expended",
    "floatValue": 318.74386810551584
  }, {
    "metricName": "com.google.step_count.delta",
    "intValue": 5977
  }, {
    "metricName": "com.google.distance.delta",
    "floatValue": 4594.230216977053
  }, {
    "metricName": "com.google.speed.summary",
    "floatValue": 1.0751938353144639
  }, {
    "metricName": "com.google.active_minutes",
    "intValue": 60
  }]
}