{
  "fitnessActivity": "weightlifting",
  "startTime": "2023-06-12T14:27:37.213Z",
  "endTime": "2023-06-12T16:10:42.643Z",
  "duration": "6185.430s",
  "segment": [{
    "fitnessActivity": "weightlifting",
    "startTime": "2023-06-12T14:27:37.213Z",
    "endTime": "2023-06-12T16:10:42.643Z"
  }],
  "aggregate": [{
    "metricName": "com.google.heart_minutes.summary",
    "floatValue": 204.0
  }, {
    "metricName": "com.google.calories.expended",
    "floatValue": 804.1073157325745
  }, {
    "metricName": "com.google.step_count.delta",
    "intValue": 1752
  }, {
    "metricName": "com.google.distance.delta",
    "floatValue": 1227.5916591186703
  }, {
    "metricName": "com.google.speed.summary",
    "floatValue": 0.6322958562050334
  }, {
    "metricName": "com.google.active_minutes",
    "intValue": 102
  }]
}