{
  "fitnessActivity": "weightlifting",
  "startTime": "2023-05-20T07:59:42.101Z",
  "endTime": "2023-05-20T10:06:42.394Z",
  "duration": "7620.293s",
  "segment": [{
    "fitnessActivity": "weightlifting",
    "startTime": "2023-05-20T07:59:42.101Z",
    "endTime": "2023-05-20T10:06:42.394Z"
  }],
  "aggregate": [{
    "metricName": "com.google.heart_minutes.summary",
    "floatValue": 252.0
  }, {
    "metricName": "com.google.calories.expended",
    "floatValue": 990.6380899999999
  }, {
    "metricName": "com.google.step_count.delta",
    "intValue": 2299
  }, {
    "metricName": "com.google.distance.delta",
    "floatValue": 1559.374255489237
  }, {
    "metricName": "com.google.speed.summary",
    "floatValue": 0.6012125715367489
  }, {
    "metricName": "com.google.active_minutes",
    "intValue": 126
  }]
}