{
  "fitnessActivity": "walking",
  "startTime": "2023-06-26T06:50:09.445Z",
  "endTime": "2023-06-26T07:08:26.680Z",
  "duration": "739.814s",
  "segment": [{
    "fitnessActivity": "walking",
    "startTime": "2023-06-26T06:50:09.445Z",
    "endTime": "2023-06-26T06:53:12.469Z"
  }, {
    "fitnessActivity": "walking",
    "startTime": "2023-06-26T06:53:12.469Z",
    "endTime": "2023-06-26T06:53:24.028Z"
  }, {
    "fitnessActivity": "walking",
    "startTime": "2023-06-26T06:59:21.449Z",
    "endTime": "2023-06-26T07:08:26.680Z"
  }],
  "aggregate": [{
    "metricName": "com.google.heart_minutes.summary",
    "floatValue": 9.0
  }, {
    "metricName": "com.google.calories.expended",
    "floatValue": 68.00394431729467
  }, {
    "metricName": "com.google.step_count.delta",
    "intValue": 1252
  }, {
    "metricName": "com.google.distance.delta",
    "floatValue": 977.7942360918505
  }, {
    "metricName": "com.google.speed.summary",
    "floatValue": 1.154605054150472
  }, {
    "metricName": "com.google.active_minutes",
    "intValue": 14
  }]
}