{
  "fitnessActivity": "walking",
  "startTime": "2023-05-24T20:06:26.457Z",
  "endTime": "2023-05-24T20:27:01.748Z",
  "duration": "1235.291s",
  "segment": [{
    "fitnessActivity": "walking",
    "startTime": "2023-05-24T20:06:26.457Z",
    "endTime": "2023-05-24T20:16:24.949Z"
  }, {
    "fitnessActivity": "walking",
    "startTime": "2023-05-24T20:16:24.949Z",
    "endTime": "2023-05-24T20:27:01.748Z"
  }],
  "aggregate": [{
    "metricName": "com.google.heart_minutes.summary",
    "floatValue": 5.0
  }, {
    "metricName": "com.google.calories.expended",
    "floatValue": 101.70557902981584
  }, {
    "metricName": "com.google.step_count.delta",
    "intValue": 1897
  }, {
    "metricName": "com.google.distance.delta",
    "floatValue": 1437.136945484898
  }, {
    "metricName": "com.google.speed.summary",
    "floatValue": 1.175532254542815
  }, {
    "metricName": "com.google.active_minutes",
    "intValue": 21
  }]
}