{
  "fitnessActivity": "walking",
  "startTime": "2023-05-02T15:26:49.705Z",
  "endTime": "2023-05-02T15:40:58.693Z",
  "duration": "848.988s",
  "segment": [{
    "fitnessActivity": "walking",
    "startTime": "2023-05-02T15:26:49.705Z",
    "endTime": "2023-05-02T15:35:29.879Z"
  }, {
    "fitnessActivity": "walking",
    "startTime": "2023-05-02T15:35:29.879Z",
    "endTime": "2023-05-02T15:40:58.693Z"
  }],
  "aggregate": [{
    "metricName": "com.google.heart_minutes.summary",
    "floatValue": 10.0
  }, {
    "metricName": "com.google.calories.expended",
    "floatValue": 69.89999802807907
  }, {
    "metricName": "com.google.step_count.delta",
    "intValue": 1424
  }, {
    "metricName": "com.google.distance.delta",
    "floatValue": 1085.486511030847
  }, {
    "metricName": "com.google.speed.summary",
    "floatValue": 1.2839028265613857
  }, {
    "metricName": "com.google.active_minutes",
    "intValue": 13
  }]
}