{
  "fitnessActivity": "walking",
  "startTime": "2023-09-11T05:11:45.770Z",
  "endTime": "2023-09-11T05:45:39.739Z",
  "duration": "2029.305s",
  "segment": [{
    "fitnessActivity": "walking",
    "startTime": "2023-09-11T05:11:45.770Z",
    "endTime": "2023-09-11T05:13:35.497Z"
  }, {
    "fitnessActivity": "walking",
    "startTime": "2023-09-11T05:13:35.497Z",
    "endTime": "2023-09-11T05:34:55.415Z"
  }, {
    "fitnessActivity": "walking",
    "startTime": "2023-09-11T05:34:55.415Z",
    "endTime": "2023-09-11T05:36:20.670Z"
  }, {
    "fitnessActivity": "walking",
    "startTime": "2023-09-11T05:36:25.334Z",
    "endTime": "2023-09-11T05:45:39.739Z"
  }],
  "aggregate": [{
    "metricName": "com.google.heart_minutes.summary",
    "floatValue": 12.0
  }, {
    "metricName": "com.google.calories.expended",
    "floatValue": 168.99316969151528
  }, {
    "metricName": "com.google.step_count.delta",
    "intValue": 2227
  }, {
    "metricName": "com.google.distance.delta",
    "floatValue": 4151.20174045175
  }, {
    "metricName": "com.google.speed.summary",
    "floatValue": 1.5332162343786373
  }, {
    "metricName": "com.google.active_minutes",
    "intValue": 27
  }]
}