{
  "fitnessActivity": "biking",
  "startTime": "2023-07-14T12:53:29.986Z",
  "endTime": "2023-07-14T13:57:10.239Z",
  "duration": "3700.319s",
  "segment": [{
    "fitnessActivity": "biking",
    "startTime": "2023-07-14T12:53:49.940Z",
    "endTime": "2023-07-14T13:55:21.605Z"
  }, {
    "fitnessActivity": "walking",
    "startTime": "2023-07-14T13:55:21.605Z",
    "endTime": "2023-07-14T13:55:21.927Z"
  }, {
    "fitnessActivity": "walking",
    "startTime": "2023-07-14T13:57:00.744Z",
    "endTime": "2023-07-14T13:57:09.076Z"
  }],
  "aggregate": [{
    "metricName": "com.google.heart_minutes.summary",
    "floatValue": 167.0
  }, {
    "metricName": "com.google.calories.expended",
    "floatValue": 509.2314282154324
  }, {
    "metricName": "com.google.step_count.delta",
    "intValue": 58
  }, {
    "metricName": "com.google.distance.delta",
    "floatValue": 18316.466923149954
  }, {
    "metricName": "com.google.speed.summary",
    "floatValue": 5.347806882272135
  }, {
    "metricName": "com.google.active_minutes",
    "intValue": 62
  }]
}