{
  "fitnessActivity": "walking",
  "startTime": "2023-09-01T08:19:25.660Z",
  "endTime": "2023-09-01T08:38:24.284Z",
  "duration": "1051.461s",
  "segment": [{
    "fitnessActivity": "walking",
    "startTime": "2023-09-01T08:19:25.660Z",
    "endTime": "2023-09-01T08:24:08.625Z"
  }, {
    "fitnessActivity": "walking",
    "startTime": "2023-09-01T08:24:08.625Z",
    "endTime": "2023-09-01T08:30:16.515Z"
  }, {
    "fitnessActivity": "walking",
    "startTime": "2023-09-01T08:31:35.198Z",
    "endTime": "2023-09-01T08:31:48.734Z"
  }, {
    "fitnessActivity": "walking",
    "startTime": "2023-09-01T08:31:48.734Z",
    "endTime": "2023-09-01T08:32:50.764Z"
  }, {
    "fitnessActivity": "walking",
    "startTime": "2023-09-01T08:32:50.764Z",
    "endTime": "2023-09-01T08:35:47.638Z"
  }, {
    "fitnessActivity": "walking",
    "startTime": "2023-09-01T08:35:56.118Z",
    "endTime": "2023-09-01T08:37:42.038Z"
  }, {
    "fitnessActivity": "walking",
    "startTime": "2023-09-01T08:37:42.038Z",
    "endTime": "2023-09-01T08:38:24.284Z"
  }],
  "aggregate": [{
    "metricName": "com.google.heart_minutes.summary",
    "floatValue": 7.0
  }, {
    "metricName": "com.google.calories.expended",
    "floatValue": 89.25180424253489
  }, {
    "metricName": "com.google.step_count.delta",
    "intValue": 1403
  }, {
    "metricName": "com.google.distance.delta",
    "floatValue": 1112.6582889163278
  }, {
    "metricName": "com.google.speed.summary",
    "floatValue": 1.0319822950696789
  }, {
    "metricName": "com.google.active_minutes",
    "intValue": 19
  }]
}