{
  "fitnessActivity": "weightlifting",
  "startTime": "2023-07-26T13:09:30.563Z",
  "endTime": "2023-07-26T14:44:06.759Z",
  "duration": "5676.196s",
  "segment": [{
    "fitnessActivity": "weightlifting",
    "startTime": "2023-07-26T13:09:30.563Z",
    "endTime": "2023-07-26T14:44:06.759Z"
  }],
  "aggregate": [{
    "metricName": "com.google.heart_minutes.summary",
    "floatValue": 188.0
  }, {
    "metricName": "com.google.calories.expended",
    "floatValue": 753.9880064627075
  }, {
    "metricName": "com.google.step_count.delta",
    "intValue": 1870
  }, {
    "metricName": "com.google.distance.delta",
    "floatValue": 925.843376563075
  }, {
    "metricName": "com.google.speed.summary",
    "floatValue": 0.4853506864172149
  }, {
    "metricName": "com.google.active_minutes",
    "intValue": 95
  }]
}