{
  "fitnessActivity": "walking",
  "startTime": "2023-09-24T08:21:17.934Z",
  "endTime": "2023-09-24T08:34:26.487Z",
  "duration": "788.553s",
  "segment": [{
    "fitnessActivity": "walking",
    "startTime": "2023-09-24T08:21:17.934Z",
    "endTime": "2023-09-24T08:24:26.487Z"
  }, {
    "fitnessActivity": "walking",
    "startTime": "2023-09-24T08:24:26.487Z",
    "endTime": "2023-09-24T08:34:26.487Z"
  }],
  "aggregate": [{
    "metricName": "com.google.calories.expended",
    "floatValue": 65.63165822392669
  }, {
    "metricName": "com.google.step_count.delta",
    "intValue": 879
  }, {
    "metricName": "com.google.distance.delta",
    "floatValue": 651.9654423361397
  }, {
    "metricName": "com.google.speed.summary",
    "floatValue": 1.0344900691460797
  }, {
    "metricName": "com.google.active_minutes",
    "intValue": 11
  }]
}