{
  "fitnessActivity": "weightlifting",
  "startTime": "2023-02-11T10:44:26.810Z",
  "endTime": "2023-02-11T11:46:59.116Z",
  "duration": "3752.306s",
  "segment": [{
    "fitnessActivity": "weightlifting",
    "startTime": "2023-02-11T10:44:26.810Z",
    "endTime": "2023-02-11T11:46:59.116Z"
  }],
  "aggregate": [{
    "metricName": "com.google.heart_minutes.summary",
    "floatValue": 122.0
  }, {
    "metricName": "com.google.calories.expended",
    "floatValue": 456.53056333333336
  }, {
    "metricName": "com.google.active_minutes",
    "intValue": 61
  }]
}