{
  "fitnessActivity": "walking",
  "startTime": "2023-05-22T21:45:39.872Z",
  "endTime": "2023-05-22T22:07:57.971Z",
  "duration": "1338.099s",
  "segment": [{
    "fitnessActivity": "walking",
    "startTime": "2023-05-22T21:45:39.872Z",
    "endTime": "2023-05-22T22:07:57.971Z"
  }],
  "aggregate": [{
    "metricName": "com.google.heart_minutes.summary",
    "floatValue": 9.0
  }, {
    "metricName": "com.google.calories.expended",
    "floatValue": 110.170151
  }, {
    "metricName": "com.google.step_count.delta",
    "intValue": 1980
  }, {
    "metricName": "com.google.distance.delta",
    "floatValue": 1515.6175178494216
  }, {
    "metricName": "com.google.speed.summary",
    "floatValue": 1.1832459588005215
  }, {
    "metricName": "com.google.active_minutes",
    "intValue": 21
  }]
}