{
  "fitnessActivity": "weightlifting",
  "startTime": "2023-05-08T07:45:01.666Z",
  "endTime": "2023-05-08T08:44:28.871Z",
  "duration": "3567.205s",
  "segment": [{
    "fitnessActivity": "weightlifting",
    "startTime": "2023-05-08T07:45:01.666Z",
    "endTime": "2023-05-08T08:44:28.871Z"
  }],
  "aggregate": [{
    "metricName": "com.google.heart_minutes.summary",
    "floatValue": 116.0
  }, {
    "metricName": "com.google.calories.expended",
    "floatValue": 463.73665000000005
  }, {
    "metricName": "com.google.step_count.delta",
    "intValue": 789
  }, {
    "metricName": "com.google.distance.delta",
    "floatValue": 530.3599413489512
  }, {
    "metricName": "com.google.speed.summary",
    "floatValue": 0.5033952525718673
  }, {
    "metricName": "com.google.active_minutes",
    "intValue": 59
  }]
}