{
  "fitnessActivity": "weightlifting",
  "startTime": "2023-03-17T11:02:22.618Z",
  "endTime": "2023-03-17T13:47:08.799Z",
  "duration": "9886.181s",
  "segment": [{
    "fitnessActivity": "weightlifting",
    "startTime": "2023-03-17T11:02:22.618Z",
    "endTime": "2023-03-17T13:47:08.799Z"
  }],
  "aggregate": [{
    "metricName": "com.google.heart_minutes.summary",
    "floatValue": 328.0
  }, {
    "metricName": "com.google.calories.expended",
    "floatValue": 1202.8186883333333
  }, {
    "metricName": "com.google.active_minutes",
    "intValue": 164
  }]
}