{
  "fitnessActivity": "weightlifting",
  "startTime": "2023-04-06T09:38:55.620Z",
  "endTime": "2023-04-06T12:52:31.098Z",
  "duration": "11615.478s",
  "segment": [{
    "fitnessActivity": "weightlifting",
    "startTime": "2023-04-06T09:38:55.620Z",
    "endTime": "2023-04-06T12:52:31.098Z"
  }],
  "aggregate": [{
    "metricName": "com.google.heart_minutes.summary",
    "floatValue": 386.0
  }, {
    "metricName": "com.google.calories.expended",
    "floatValue": 1413.2164900000002
  }, {
    "metricName": "com.google.active_minutes",
    "intValue": 193
  }]
}