{
  "fitnessActivity": "walking",
  "startTime": "2023-06-15T07:26:31.391Z",
  "endTime": "2023-06-15T07:37:10.423Z",
  "duration": "639.032s",
  "segment": [{
    "fitnessActivity": "walking",
    "startTime": "2023-06-15T07:26:31.391Z",
    "endTime": "2023-06-15T07:30:35.146Z"
  }, {
    "fitnessActivity": "walking",
    "startTime": "2023-06-15T07:30:35.146Z",
    "endTime": "2023-06-15T07:37:10.423Z"
  }],
  "aggregate": [{
    "metricName": "com.google.heart_minutes.summary",
    "floatValue": 6.0
  }, {
    "metricName": "com.google.calories.expended",
    "floatValue": 52.61361023399571
  }, {
    "metricName": "com.google.step_count.delta",
    "intValue": 1002
  }, {
    "metricName": "com.google.distance.delta",
    "floatValue": 785.9502889027934
  }, {
    "metricName": "com.google.speed.summary",
    "floatValue": 1.3044185016246417
  }, {
    "metricName": "com.google.active_minutes",
    "intValue": 11
  }]
}