{
  "fitnessActivity": "walking",
  "startTime": "2023-07-07T06:51:02.612Z",
  "endTime": "2023-07-07T07:07:08.333Z",
  "duration": "965.721s",
  "segment": [{
    "fitnessActivity": "walking",
    "startTime": "2023-07-07T06:51:02.612Z",
    "endTime": "2023-07-07T07:07:08.333Z"
  }],
  "aggregate": [{
    "metricName": "com.google.heart_minutes.summary",
    "floatValue": 6.0
  }, {
    "metricName": "com.google.calories.expended",
    "floatValue": 79.51116898946381
  }, {
    "metricName": "com.google.step_count.delta",
    "intValue": 1234
  }, {
    "metricName": "com.google.distance.delta",
    "floatValue": 931.5053678217297
  }, {
    "metricName": "com.google.speed.summary",
    "floatValue": 1.1776620382910998
  }, {
    "metricName": "com.google.active_minutes",
    "intValue": 16
  }]
}