{
  "fitnessActivity": "walking",
  "startTime": "2023-05-29T13:02:07.339Z",
  "endTime": "2023-05-29T13:18:46.201Z",
  "duration": "998.862s",
  "segment": [{
    "fitnessActivity": "walking",
    "startTime": "2023-05-29T13:02:07.339Z",
    "endTime": "2023-05-29T13:18:46.201Z"
  }],
  "aggregate": [{
    "metricName": "com.google.heart_minutes.summary",
    "floatValue": 9.0
  }, {
    "metricName": "com.google.calories.expended",
    "floatValue": 82.239638
  }, {
    "metricName": "com.google.step_count.delta",
    "intValue": 1420
  }, {
    "metricName": "com.google.distance.delta",
    "floatValue": 1076.506835432718
  }, {
    "metricName": "com.google.speed.summary",
    "floatValue": 1.265271167448665
  }, {
    "metricName": "com.google.active_minutes",
    "intValue": 15
  }]
}