{
  "fitnessActivity": "weightlifting",
  "startTime": "2023-06-14T14:51:58.983Z",
  "endTime": "2023-06-14T16:25:55.487Z",
  "duration": "5636.504s",
  "segment": [{
    "fitnessActivity": "weightlifting",
    "startTime": "2023-06-14T14:51:58.983Z",
    "endTime": "2023-06-14T16:25:55.487Z"
  }],
  "aggregate": [{
    "metricName": "com.google.heart_minutes.summary",
    "floatValue": 186.0
  }, {
    "metricName": "com.google.calories.expended",
    "floatValue": 732.7468100933838
  }, {
    "metricName": "com.google.step_count.delta",
    "intValue": 3505
  }, {
    "metricName": "com.google.distance.delta",
    "floatValue": 2676.9418062255704
  }, {
    "metricName": "com.google.speed.summary",
    "floatValue": 0.6589229894713058
  }, {
    "metricName": "com.google.active_minutes",
    "intValue": 93
  }]
}