{
  "fitnessActivity": "walking",
  "startTime": "2023-09-04T06:20:11.881Z",
  "endTime": "2023-09-04T06:56:42.306Z",
  "duration": "1556.661s",
  "segment": [{
    "fitnessActivity": "walking",
    "startTime": "2023-09-04T06:20:11.881Z",
    "endTime": "2023-09-04T06:23:16.399Z"
  }, {
    "fitnessActivity": "running",
    "startTime": "2023-09-04T06:26:50.809Z",
    "endTime": "2023-09-04T06:26:52.403Z"
  }, {
    "fitnessActivity": "running",
    "startTime": "2023-09-04T06:26:52.403Z",
    "endTime": "2023-09-04T06:33:56.096Z"
  }, {
    "fitnessActivity": "walking",
    "startTime": "2023-09-04T06:40:55.450Z",
    "endTime": "2023-09-04T06:41:00.209Z"
  }, {
    "fitnessActivity": "walking",
    "startTime": "2023-09-04T06:41:00.209Z",
    "endTime": "2023-09-04T06:48:04.732Z"
  }, {
    "fitnessActivity": "running",
    "startTime": "2023-09-04T06:48:04.732Z",
    "endTime": "2023-09-04T06:50:06.790Z"
  }, {
    "fitnessActivity": "walking",
    "startTime": "2023-09-04T06:50:06.790Z",
    "endTime": "2023-09-04T06:53:10.574Z"
  }, {
    "fitnessActivity": "walking",
    "startTime": "2023-09-04T06:53:10.574Z",
    "endTime": "2023-09-04T06:56:42.306Z"
  }],
  "aggregate": [{
    "metricName": "com.google.heart_minutes.summary",
    "floatValue": 13.0
  }, {
    "metricName": "com.google.calories.expended",
    "floatValue": 186.55721974012164
  }, {
    "metricName": "com.google.step_count.delta",
    "intValue": 2374
  }, {
    "metricName": "com.google.distance.delta",
    "floatValue": 4520.106284276307
  }, {
    "metricName": "com.google.speed.summary",
    "floatValue": 0.9651914562271395
  }, {
    "metricName": "com.google.active_minutes",
    "intValue": 29
  }]
}