{
  "fitnessActivity": "walking",
  "startTime": "2023-07-26T19:57:40.718Z",
  "endTime": "2023-07-26T20:12:25.161Z",
  "duration": "884.443s",
  "segment": [{
    "fitnessActivity": "walking",
    "startTime": "2023-07-26T19:57:40.718Z",
    "endTime": "2023-07-26T20:12:25.161Z"
  }],
  "aggregate": [{
    "metricName": "com.google.heart_minutes.summary",
    "floatValue": 1.0
  }, {
    "metricName": "com.google.calories.expended",
    "floatValue": 74.40622131205495
  }, {
    "metricName": "com.google.step_count.delta",
    "intValue": 1116
  }, {
    "metricName": "com.google.distance.delta",
    "floatValue": 689.5089160556853
  }, {
    "metricName": "com.google.speed.summary",
    "floatValue": 0.9019012273628936
  }, {
    "metricName": "com.google.active_minutes",
    "intValue": 13
  }]
}