{
  "fitnessActivity": "walking",
  "startTime": "2023-09-08T05:11:05.690Z",
  "endTime": "2023-09-08T05:36:49.866Z",
  "duration": "1544.176s",
  "segment": [{
    "fitnessActivity": "walking",
    "startTime": "2023-09-08T05:11:05.690Z",
    "endTime": "2023-09-08T05:34:20.085Z"
  }, {
    "fitnessActivity": "walking",
    "startTime": "2023-09-08T05:34:20.085Z",
    "endTime": "2023-09-08T05:36:49.866Z"
  }],
  "aggregate": [{
    "metricName": "com.google.heart_minutes.summary",
    "floatValue": 12.0
  }, {
    "metricName": "com.google.calories.expended",
    "floatValue": 128.52262386842852
  }, {
    "metricName": "com.google.step_count.delta",
    "intValue": 2248
  }, {
    "metricName": "com.google.distance.delta",
    "floatValue": 1276.990532992705
  }, {
    "metricName": "com.google.speed.summary",
    "floatValue": 1.1472381573758403
  }, {
    "metricName": "com.google.active_minutes",
    "intValue": 25
  }]
}