{
  "fitnessActivity": "walking",
  "startTime": "2023-09-20T02:15:50.853Z",
  "endTime": "2023-09-20T02:46:43.256Z",
  "duration": "884.712s",
  "segment": [{
    "fitnessActivity": "walking",
    "startTime": "2023-09-20T02:15:50.853Z",
    "endTime": "2023-09-20T02:16:51.375Z"
  }, {
    "fitnessActivity": "walking",
    "startTime": "2023-09-20T02:22:34.775Z",
    "endTime": "2023-09-20T02:24:33.954Z"
  }, {
    "fitnessActivity": "walking",
    "startTime": "2023-09-20T02:24:33.954Z",
    "endTime": "2023-09-20T02:27:05.153Z"
  }, {
    "fitnessActivity": "walking",
    "startTime": "2023-09-20T02:37:29.444Z",
    "endTime": "2023-09-20T02:37:57.219Z"
  }, {
    "fitnessActivity": "walking",
    "startTime": "2023-09-20T02:37:57.219Z",
    "endTime": "2023-09-20T02:46:15.513Z"
  }, {
    "fitnessActivity": "walking",
    "startTime": "2023-09-20T02:46:15.513Z",
    "endTime": "2023-09-20T02:46:43.256Z"
  }],
  "aggregate": [{
    "metricName": "com.google.heart_minutes.summary",
    "floatValue": 6.0
  }, {
    "metricName": "com.google.calories.expended",
    "floatValue": 92.932850356411
  }, {
    "metricName": "com.google.step_count.delta",
    "intValue": 1230
  }, {
    "metricName": "com.google.distance.delta",
    "floatValue": 695.0468161601558
  }, {
    "metricName": "com.google.speed.summary",
    "floatValue": 0.7120325458262732
  }, {
    "metricName": "com.google.active_minutes",
    "intValue": 15
  }]
}