{
  "fitnessActivity": "weightlifting",
  "startTime": "2023-02-21T11:57:36.302Z",
  "endTime": "2023-02-21T18:12:59.010Z",
  "duration": "22522.708s",
  "segment": [{
    "fitnessActivity": "weightlifting",
    "startTime": "2023-02-21T11:57:36.302Z",
    "endTime": "2023-02-21T18:12:59.010Z"
  }],
  "aggregate": [{
    "metricName": "com.google.heart_minutes.summary",
    "floatValue": 748.0
  }, {
    "metricName": "com.google.calories.expended",
    "floatValue": 2740.2628066666666
  }, {
    "metricName": "com.google.active_minutes",
    "intValue": 374
  }]
}