{
  "fitnessActivity": "walking",
  "startTime": "2023-06-09T14:23:25.212Z",
  "endTime": "2023-06-09T14:35:31.522Z",
  "duration": "726.310s",
  "segment": [{
    "fitnessActivity": "walking",
    "startTime": "2023-06-09T14:23:25.212Z",
    "endTime": "2023-06-09T14:35:31.522Z"
  }],
  "aggregate": [{
    "metricName": "com.google.heart_minutes.summary",
    "floatValue": 10.0
  }, {
    "metricName": "com.google.calories.expended",
    "floatValue": 59.799523333333326
  }, {
    "metricName": "com.google.step_count.delta",
    "intValue": 1211
  }, {
    "metricName": "com.google.distance.delta",
    "floatValue": 942.5891588987927
  }, {
    "metricName": "com.google.speed.summary",
    "floatValue": 1.3908977363316548
  }, {
    "metricName": "com.google.active_minutes",
    "intValue": 12
  }]
}