{
  "fitnessActivity": "walking",
  "startTime": "2023-08-22T14:18:57.531Z",
  "endTime": "2023-08-22T15:19:36.454Z",
  "duration": "3024.709s",
  "segment": [{
    "fitnessActivity": "walking",
    "startTime": "2023-08-22T14:18:57.531Z",
    "endTime": "2023-08-22T14:23:03.014Z"
  }, {
    "fitnessActivity": "walking",
    "startTime": "2023-08-22T14:23:03.014Z",
    "endTime": "2023-08-22T14:23:44.222Z"
  }, {
    "fitnessActivity": "walking",
    "startTime": "2023-08-22T14:33:58.436Z",
    "endTime": "2023-08-22T15:19:36.454Z"
  }],
  "aggregate": [{
    "metricName": "com.google.heart_minutes.summary",
    "floatValue": 15.0
  }, {
    "metricName": "com.google.calories.expended",
    "floatValue": 263.99695650652967
  }, {
    "metricName": "com.google.step_count.delta",
    "intValue": 4381
  }, {
    "metricName": "com.google.distance.delta",
    "floatValue": 2054.9467025175472
  }, {
    "metricName": "com.google.speed.summary",
    "floatValue": 0.9710980759635293
  }, {
    "metricName": "com.google.active_minutes",
    "intValue": 55
  }]
}