{
  "fitnessActivity": "walking",
  "startTime": "2023-09-15T20:50:32.167Z",
  "endTime": "2023-09-15T21:32:43.036Z",
  "duration": "1738.995s",
  "segment": [{
    "fitnessActivity": "walking",
    "startTime": "2023-09-15T20:50:32.167Z",
    "endTime": "2023-09-15T20:54:15.695Z"
  }, {
    "fitnessActivity": "walking",
    "startTime": "2023-09-15T20:54:15.695Z",
    "endTime": "2023-09-15T20:54:16.558Z"
  }, {
    "fitnessActivity": "walking",
    "startTime": "2023-09-15T20:58:51.705Z",
    "endTime": "2023-09-15T21:02:22.564Z"
  }, {
    "fitnessActivity": "walking",
    "startTime": "2023-09-15T21:10:59.291Z",
    "endTime": "2023-09-15T21:31:13.370Z"
  }, {
    "fitnessActivity": "walking",
    "startTime": "2023-09-15T21:31:13.370Z",
    "endTime": "2023-09-15T21:32:43.036Z"
  }],
  "aggregate": [{
    "metricName": "com.google.heart_minutes.summary",
    "floatValue": 5.0
  }, {
    "metricName": "com.google.calories.expended",
    "floatValue": 160.52918915435
  }, {
    "metricName": "com.google.step_count.delta",
    "intValue": 2755
  }, {
    "metricName": "com.google.distance.delta",
    "floatValue": 2456.8876646392637
  }, {
    "metricName": "com.google.speed.summary",
    "floatValue": 0.8399822207267092
  }, {
    "metricName": "com.google.active_minutes",
    "intValue": 36
  }]
}