{
  "fitnessActivity": "walking",
  "startTime": "2023-09-22T14:59:23.406Z",
  "endTime": "2023-09-22T15:05:35.050Z",
  "duration": "371.644s",
  "segment": [{
    "fitnessActivity": "walking",
    "startTime": "2023-09-22T14:59:23.406Z",
    "endTime": "2023-09-22T15:01:12.029Z"
  }, {
    "fitnessActivity": "walking",
    "startTime": "2023-09-22T15:01:12.029Z",
    "endTime": "2023-09-22T15:05:35.050Z"
  }],
  "aggregate": [{
    "metricName": "com.google.heart_minutes.summary",
    "floatValue": 6.0
  }, {
    "metricName": "com.google.calories.expended",
    "floatValue": 30.932131976232178
  }, {
    "metricName": "com.google.step_count.delta",
    "intValue": 610
  }, {
    "metricName": "com.google.distance.delta",
    "floatValue": 456.0659546235869
  }, {
    "metricName": "com.google.speed.summary",
    "floatValue": 1.292482742394791
  }, {
    "metricName": "com.google.active_minutes",
    "intValue": 6
  }]
}