{
  "fitnessActivity": "walking",
  "startTime": "2023-08-06T20:27:35.668Z",
  "endTime": "2023-08-06T20:50:11.025Z",
  "duration": "1197.738s",
  "segment": [{
    "fitnessActivity": "walking",
    "startTime": "2023-08-06T20:27:35.668Z",
    "endTime": "2023-08-06T20:46:09.272Z"
  }, {
    "fitnessActivity": "walking",
    "startTime": "2023-08-06T20:48:46.891Z",
    "endTime": "2023-08-06T20:50:11.025Z"
  }],
  "aggregate": [{
    "metricName": "com.google.calories.expended",
    "floatValue": 102.83165573942988
  }, {
    "metricName": "com.google.step_count.delta",
    "intValue": 1628
  }, {
    "metricName": "com.google.distance.delta",
    "floatValue": 932.5511482529864
  }, {
    "metricName": "com.google.speed.summary",
    "floatValue": 0.8393016512086735
  }, {
    "metricName": "com.google.active_minutes",
    "intValue": 22
  }]
}