{
  "fitnessActivity": "walking",
  "startTime": "2023-06-23T06:57:49.889Z",
  "endTime": "2023-06-23T07:16:45.571Z",
  "duration": "651.159s",
  "segment": [{
    "fitnessActivity": "walking",
    "startTime": "2023-06-23T06:57:49.889Z",
    "endTime": "2023-06-23T07:01:02.758Z"
  }, {
    "fitnessActivity": "walking",
    "startTime": "2023-06-23T07:01:02.758Z",
    "endTime": "2023-06-23T07:07:40.037Z"
  }, {
    "fitnessActivity": "walking",
    "startTime": "2023-06-23T07:15:44.560Z",
    "endTime": "2023-06-23T07:16:45.571Z"
  }],
  "aggregate": [{
    "metricName": "com.google.heart_minutes.summary",
    "floatValue": 6.0
  }, {
    "metricName": "com.google.calories.expended",
    "floatValue": 63.22679143414385
  }, {
    "metricName": "com.google.step_count.delta",
    "intValue": 964
  }, {
    "metricName": "com.google.distance.delta",
    "floatValue": 725.4133141890991
  }, {
    "metricName": "com.google.speed.summary",
    "floatValue": 0.9246600853755316
  }, {
    "metricName": "com.google.active_minutes",
    "intValue": 11
  }]
}