{
  "fitnessActivity": "walking",
  "startTime": "2023-05-02T16:56:47.947Z",
  "endTime": "2023-05-02T17:13:31.716Z",
  "duration": "1003.769s",
  "segment": [{
    "fitnessActivity": "walking",
    "startTime": "2023-05-02T16:56:47.947Z",
    "endTime": "2023-05-02T17:01:25.471Z"
  }, {
    "fitnessActivity": "walking",
    "startTime": "2023-05-02T17:01:25.471Z",
    "endTime": "2023-05-02T17:03:56.964Z"
  }, {
    "fitnessActivity": "walking",
    "startTime": "2023-05-02T17:03:56.964Z",
    "endTime": "2023-05-02T17:13:31.716Z"
  }],
  "aggregate": [{
    "metricName": "com.google.heart_minutes.summary",
    "floatValue": 10.0
  }, {
    "metricName": "com.google.calories.expended",
    "floatValue": 82.64364766666667
  }, {
    "metricName": "com.google.step_count.delta",
    "intValue": 1489
  }, {
    "metricName": "com.google.distance.delta",
    "floatValue": 1160.893729947172
  }, {
    "metricName": "com.google.speed.summary",
    "floatValue": 1.3613499071708681
  }, {
    "metricName": "com.google.active_minutes",
    "intValue": 14
  }]
}