{
  "fitnessActivity": "walking",
  "startTime": "2023-09-09T12:25:05.580Z",
  "endTime": "2023-09-09T12:46:47.009Z",
  "duration": "1301.429s",
  "segment": [{
    "fitnessActivity": "walking",
    "startTime": "2023-09-09T12:25:05.580Z",
    "endTime": "2023-09-09T12:46:47.009Z"
  }],
  "aggregate": [{
    "metricName": "com.google.heart_minutes.summary",
    "floatValue": 12.0
  }, {
    "metricName": "com.google.calories.expended",
    "floatValue": 108.31865658996455
  }, {
    "metricName": "com.google.step_count.delta",
    "intValue": 1642
  }, {
    "metricName": "com.google.distance.delta",
    "floatValue": 974.9343356926219
  }, {
    "metricName": "com.google.speed.summary",
    "floatValue": 0.9912999571819571
  }, {
    "metricName": "com.google.active_minutes",
    "intValue": 14
  }]
}