{
  "fitnessActivity": "walking",
  "startTime": "2023-06-01T19:50:10.237Z",
  "endTime": "2023-06-01T20:03:43.092Z",
  "duration": "812.855s",
  "segment": [{
    "fitnessActivity": "walking",
    "startTime": "2023-06-01T19:50:10.237Z",
    "endTime": "2023-06-01T19:50:36.947Z"
  }, {
    "fitnessActivity": "walking",
    "startTime": "2023-06-01T19:50:36.947Z",
    "endTime": "2023-06-01T20:03:43.092Z"
  }],
  "aggregate": [{
    "metricName": "com.google.heart_minutes.summary",
    "floatValue": 5.0
  }, {
    "metricName": "com.google.calories.expended",
    "floatValue": 66.92501381926763
  }, {
    "metricName": "com.google.step_count.delta",
    "intValue": 1132
  }, {
    "metricName": "com.google.distance.delta",
    "floatValue": 860.3378237795338
  }, {
    "metricName": "com.google.speed.summary",
    "floatValue": 1.059260405006974
  }, {
    "metricName": "com.google.active_minutes",
    "intValue": 13
  }]
}