{
  "fitnessActivity": "walking",
  "startTime": "2023-06-26T06:05:51.176Z",
  "endTime": "2023-06-26T06:16:58.775Z",
  "duration": "667.599s",
  "segment": [{
    "fitnessActivity": "walking",
    "startTime": "2023-06-26T06:05:51.176Z",
    "endTime": "2023-06-26T06:06:27.078Z"
  }, {
    "fitnessActivity": "walking",
    "startTime": "2023-06-26T06:06:27.078Z",
    "endTime": "2023-06-26T06:16:58.775Z"
  }],
  "aggregate": [{
    "metricName": "com.google.heart_minutes.summary",
    "floatValue": 10.0
  }, {
    "metricName": "com.google.calories.expended",
    "floatValue": 54.965590328738664
  }, {
    "metricName": "com.google.step_count.delta",
    "intValue": 1203
  }, {
    "metricName": "com.google.distance.delta",
    "floatValue": 954.9674477643496
  }, {
    "metricName": "com.google.speed.summary",
    "floatValue": 1.4614922976168572
  }, {
    "metricName": "com.google.active_minutes",
    "intValue": 11
  }]
}