{
  "fitnessActivity": "walking",
  "startTime": "2023-09-11T09:29:20.949Z",
  "endTime": "2023-09-11T10:32:13.011Z",
  "duration": "3256.933s",
  "segment": [{
    "fitnessActivity": "walking",
    "startTime": "2023-09-11T09:29:20.949Z",
    "endTime": "2023-09-11T09:31:27.159Z"
  }, {
    "fitnessActivity": "walking",
    "startTime": "2023-09-11T09:31:27.159Z",
    "endTime": "2023-09-11T09:40:13.517Z"
  }, {
    "fitnessActivity": "walking",
    "startTime": "2023-09-11T09:44:13.065Z",
    "endTime": "2023-09-11T09:44:24.238Z"
  }, {
    "fitnessActivity": "walking",
    "startTime": "2023-09-11T09:44:24.238Z",
    "endTime": "2023-09-11T09:45:12.890Z"
  }, {
    "fitnessActivity": "walking",
    "startTime": "2023-09-11T09:49:48.471Z",
    "endTime": "2023-09-11T09:50:09.660Z"
  }, {
    "fitnessActivity": "walking",
    "startTime": "2023-09-11T09:50:09.660Z",
    "endTime": "2023-09-11T09:54:14.796Z"
  }, {
    "fitnessActivity": "walking",
    "startTime": "2023-09-11T09:54:14.796Z",
    "endTime": "2023-09-11T10:00:35.927Z"
  }, {
    "fitnessActivity": "walking",
    "startTime": "2023-09-11T10:00:35.927Z",
    "endTime": "2023-09-11T10:32:13.011Z"
  }],
  "aggregate": [{
    "metricName": "com.google.heart_minutes.summary",
    "floatValue": 34.0
  }, {
    "metricName": "com.google.calories.expended",
    "floatValue": 281.3489720810116
  }, {
    "metricName": "com.google.step_count.delta",
    "intValue": 5048
  }, {
    "metricName": "com.google.distance.delta",
    "floatValue": 3711.501574443162
  }, {
    "metricName": "com.google.speed.summary",
    "floatValue": 1.0034475235476392
  }, {
    "metricName": "com.google.active_minutes",
    "intValue": 58
  }]
}