{
  "fitnessActivity": "biking",
  "startTime": "2023-07-17T06:32:46.655Z",
  "endTime": "2023-07-17T07:01:42.593Z",
  "duration": "1735.938s",
  "segment": [{
    "fitnessActivity": "biking",
    "startTime": "2023-07-17T06:32:46.655Z",
    "endTime": "2023-07-17T07:01:42.593Z"
  }],
  "aggregate": [{
    "metricName": "com.google.heart_minutes.summary",
    "floatValue": 50.0
  }, {
    "metricName": "com.google.calories.expended",
    "floatValue": 207.0
  }, {
    "metricName": "com.google.distance.delta",
    "floatValue": 7659.0
  }, {
    "metricName": "com.google.speed.summary",
    "floatValue": 4.588768451092881
  }, {
    "metricName": "com.google.active_minutes",
    "intValue": 29
  }]
}