{
  "fitnessActivity": "biking",
  "startTime": "2023-07-17T13:45:20.212Z",
  "endTime": "2023-07-17T13:53:24.692Z",
  "duration": "484.480s",
  "segment": [{
    "fitnessActivity": "biking",
    "startTime": "2023-07-17T13:45:20.212Z",
    "endTime": "2023-07-17T13:53:24.692Z"
  }],
  "aggregate": [{
    "metricName": "com.google.heart_minutes.summary",
    "floatValue": 7.0
  }, {
    "metricName": "com.google.calories.expended",
    "floatValue": 42.28433942057291
  }, {
    "metricName": "com.google.distance.delta",
    "floatValue": 1704.3316855527564
  }, {
    "metricName": "com.google.speed.summary",
    "floatValue": 3.8437954119289524
  }, {
    "metricName": "com.google.active_minutes",
    "intValue": 7
  }]
}