{
  "fitnessActivity": "weightlifting",
  "startTime": "2023-07-14T20:58:01.886Z",
  "endTime": "2023-07-14T20:59:17.595Z",
  "duration": "75.709s",
  "segment": [{
    "fitnessActivity": "weightlifting",
    "startTime": "2023-07-14T20:58:01.886Z",
    "endTime": "2023-07-14T20:59:17.595Z"
  }],
  "aggregate": [{
    "metricName": "com.google.heart_minutes.summary",
    "floatValue": 2.0
  }, {
    "metricName": "com.google.calories.expended",
    "floatValue": 9.98096964079539
  }, {
    "metricName": "com.google.step_count.delta",
    "intValue": 167
  }, {
    "metricName": "com.google.distance.delta",
    "floatValue": 60.64934164935562
  }, {
    "metricName": "com.google.speed.summary",
    "floatValue": 0.6400340235574095
  }, {
    "metricName": "com.google.active_minutes",
    "intValue": 1
  }]
}