{
  "fitnessActivity": "walking",
  "startTime": "2023-08-16T14:57:50.155Z",
  "endTime": "2023-08-16T15:26:53.679Z",
  "duration": "1046.775s",
  "segment": [{
    "fitnessActivity": "walking",
    "startTime": "2023-08-16T14:57:50.155Z",
    "endTime": "2023-08-16T15:04:12.553Z"
  }, {
    "fitnessActivity": "walking",
    "startTime": "2023-08-16T15:15:49.302Z",
    "endTime": "2023-08-16T15:26:53.679Z"
  }],
  "aggregate": [{
    "metricName": "com.google.heart_minutes.summary",
    "floatValue": 8.0
  }, {
    "metricName": "com.google.calories.expended",
    "floatValue": 101.01832193204285
  }, {
    "metricName": "com.google.step_count.delta",
    "intValue": 1605
  }, {
    "metricName": "com.google.distance.delta",
    "floatValue": 1113.3031769012994
  }, {
    "metricName": "com.google.speed.summary",
    "floatValue": 0.7502554849590616
  }, {
    "metricName": "com.google.active_minutes",
    "intValue": 18
  }]
}