{
  "fitnessActivity": "walking",
  "startTime": "2023-06-03T17:59:51.172Z",
  "endTime": "2023-06-03T18:14:02.701Z",
  "duration": "851.529s",
  "segment": [{
    "fitnessActivity": "walking",
    "startTime": "2023-06-03T17:59:51.172Z",
    "endTime": "2023-06-03T18:14:02.701Z"
  }],
  "aggregate": [{
    "metricName": "com.google.heart_minutes.summary",
    "floatValue": 10.0
  }, {
    "metricName": "com.google.calories.expended",
    "floatValue": 70.109221
  }, {
    "metricName": "com.google.step_count.delta",
    "intValue": 1326
  }, {
    "metricName": "com.google.distance.delta",
    "floatValue": 1028.5709655249875
  }, {
    "metricName": "com.google.speed.summary",
    "floatValue": 1.2869090523406475
  }, {
    "metricName": "com.google.active_minutes",
    "intValue": 14
  }]
}