{
  "fitnessActivity": "weightlifting",
  "startTime": "2023-07-25T13:50:33.142Z",
  "endTime": "2023-07-25T14:58:05.280Z",
  "duration": "4052.138s",
  "segment": [{
    "fitnessActivity": "weightlifting",
    "startTime": "2023-07-25T13:50:33.142Z",
    "endTime": "2023-07-25T14:58:05.280Z"
  }],
  "aggregate": [{
    "metricName": "com.google.heart_minutes.summary",
    "floatValue": 134.0
  }, {
    "metricName": "com.google.calories.expended",
    "floatValue": 542.3111562769063
  }, {
    "metricName": "com.google.step_count.delta",
    "intValue": 440
  }, {
    "metricName": "com.google.distance.delta",
    "floatValue": 239.87920823662245
  }, {
    "metricName": "com.google.speed.summary",
    "floatValue": 0.3584739129944632
  }, {
    "metricName": "com.google.active_minutes",
    "intValue": 67
  }]
}