{
  "fitnessActivity": "running",
  "startTime": "2023-09-18T07:44:21.652Z",
  "endTime": "2023-09-18T07:52:39.632Z",
  "duration": "497.980s",
  "segment": [{
    "fitnessActivity": "running",
    "startTime": "2023-09-18T07:44:21.652Z",
    "endTime": "2023-09-18T07:52:39.632Z"
  }],
  "aggregate": [{
    "metricName": "com.google.heart_minutes.summary",
    "floatValue": 5.0
  }, {
    "metricName": "com.google.calories.expended",
    "floatValue": 81.80358800029755
  }, {
    "metricName": "com.google.step_count.delta",
    "intValue": 757
  }, {
    "metricName": "com.google.distance.delta",
    "floatValue": 661.6286343588876
  }, {
    "metricName": "com.google.speed.summary",
    "floatValue": 1.344971146717813
  }, {
    "metricName": "com.google.active_minutes",
    "intValue": 8
  }]
}