{
  "fitnessActivity": "walking",
  "startTime": "2023-05-27T19:37:44.650Z",
  "endTime": "2023-05-27T19:56:11.434Z",
  "duration": "1106.784s",
  "segment": [{
    "fitnessActivity": "walking",
    "startTime": "2023-05-27T19:37:44.650Z",
    "endTime": "2023-05-27T19:45:52.082Z"
  }, {
    "fitnessActivity": "walking",
    "startTime": "2023-05-27T19:45:52.082Z",
    "endTime": "2023-05-27T19:56:11.434Z"
  }],
  "aggregate": [{
    "metricName": "com.google.heart_minutes.summary",
    "floatValue": 6.0
  }, {
    "metricName": "com.google.calories.expended",
    "floatValue": 91.12520944403036
  }, {
    "metricName": "com.google.step_count.delta",
    "intValue": 1714
  }, {
    "metricName": "com.google.distance.delta",
    "floatValue": 1324.8834496391503
  }, {
    "metricName": "com.google.speed.summary",
    "floatValue": 1.2645769572920833
  }, {
    "metricName": "com.google.active_minutes",
    "intValue": 19
  }]
}