{
  "fitnessActivity": "walking",
  "startTime": "2023-05-17T05:57:55.809Z",
  "endTime": "2023-05-17T06:09:20.445Z",
  "duration": "684.636s",
  "segment": [{
    "fitnessActivity": "walking",
    "startTime": "2023-05-17T05:57:55.809Z",
    "endTime": "2023-05-17T06:03:25.056Z"
  }, {
    "fitnessActivity": "walking",
    "startTime": "2023-05-17T06:03:25.056Z",
    "endTime": "2023-05-17T06:08:25.447Z"
  }, {
    "fitnessActivity": "walking",
    "startTime": "2023-05-17T06:08:25.447Z",
    "endTime": "2023-05-17T06:09:20.445Z"
  }],
  "aggregate": [{
    "metricName": "com.google.heart_minutes.summary",
    "floatValue": 9.0
  }, {
    "metricName": "com.google.calories.expended",
    "floatValue": 56.36831930557539
  }, {
    "metricName": "com.google.step_count.delta",
    "intValue": 1126
  }, {
    "metricName": "com.google.distance.delta",
    "floatValue": 873.7635245696563
  }, {
    "metricName": "com.google.speed.summary",
    "floatValue": 1.27775427299304
  }, {
    "metricName": "com.google.active_minutes",
    "intValue": 12
  }]
}