{
  "fitnessActivity": "walking",
  "startTime": "2023-07-14T20:55:40.090Z",
  "endTime": "2023-07-14T20:58:01.886Z",
  "duration": "141.796s",
  "segment": [{
    "fitnessActivity": "walking",
    "startTime": "2023-07-14T20:55:40.090Z",
    "endTime": "2023-07-14T20:56:19.542Z"
  }, {
    "fitnessActivity": "walking",
    "startTime": "2023-07-14T20:56:19.542Z",
    "endTime": "2023-07-14T20:58:01.886Z"
  }],
  "aggregate": [{
    "metricName": "com.google.heart_minutes.summary",
    "floatValue": 5.0
  }, {
    "metricName": "com.google.calories.expended",
    "floatValue": 11.839132548071634
  }, {
    "metricName": "com.google.step_count.delta",
    "intValue": 354
  }, {
    "metricName": "com.google.distance.delta",
    "floatValue": 158.64387172209877
  }, {
    "metricName": "com.google.speed.summary",
    "floatValue": 1.1206237403325199
  }, {
    "metricName": "com.google.active_minutes",
    "intValue": 3
  }]
}