{
  "fitnessActivity": "walking",
  "startTime": "2023-06-09T13:19:01.905Z",
  "endTime": "2023-06-09T13:36:21.561Z",
  "duration": "732.705s",
  "segment": [{
    "fitnessActivity": "walking",
    "startTime": "2023-06-09T13:19:01.905Z",
    "endTime": "2023-06-09T13:20:02.891Z"
  }, {
    "fitnessActivity": "walking",
    "startTime": "2023-06-09T13:20:02.891Z",
    "endTime": "2023-06-09T13:30:39.783Z"
  }, {
    "fitnessActivity": "walking",
    "startTime": "2023-06-09T13:35:46.734Z",
    "endTime": "2023-06-09T13:35:48.135Z"
  }, {
    "fitnessActivity": "walking",
    "startTime": "2023-06-09T13:35:48.135Z",
    "endTime": "2023-06-09T13:36:21.561Z"
  }],
  "aggregate": [{
    "metricName": "com.google.heart_minutes.summary",
    "floatValue": 7.0
  }, {
    "metricName": "com.google.calories.expended",
    "floatValue": 66.4170749488974
  }, {
    "metricName": "com.google.step_count.delta",
    "intValue": 1142
  }, {
    "metricName": "com.google.distance.delta",
    "floatValue": 885.4620733393897
  }, {
    "metricName": "com.google.speed.summary",
    "floatValue": 1.1677640445818933
  }, {
    "metricName": "com.google.active_minutes",
    "intValue": 15
  }]
}