{
  "fitnessActivity": "walking",
  "startTime": "2023-08-16T11:14:01.059Z",
  "endTime": "2023-08-16T11:32:07.142Z",
  "duration": "356.813s",
  "segment": [{
    "fitnessActivity": "walking",
    "startTime": "2023-08-16T11:14:01.059Z",
    "endTime": "2023-08-16T11:19:05.521Z"
  }, {
    "fitnessActivity": "walking",
    "startTime": "2023-08-16T11:19:05.521Z",
    "endTime": "2023-08-16T11:19:35.620Z"
  }, {
    "fitnessActivity": "walking",
    "startTime": "2023-08-16T11:31:44.890Z",
    "endTime": "2023-08-16T11:32:07.142Z"
  }],
  "aggregate": [{
    "metricName": "com.google.heart_minutes.summary",
    "floatValue": 5.0
  }, {
    "metricName": "com.google.calories.expended",
    "floatValue": 44.24092834793401
  }, {
    "metricName": "com.google.step_count.delta",
    "intValue": 760
  }, {
    "metricName": "com.google.distance.delta",
    "floatValue": 456.02980675300284
  }, {
    "metricName": "com.google.speed.summary",
    "floatValue": 0.7526439208522923
  }, {
    "metricName": "com.google.active_minutes",
    "intValue": 9
  }]
}