{
  "fitnessActivity": "walking",
  "startTime": "2023-07-05T16:36:27.397Z",
  "endTime": "2023-07-05T16:51:32.415Z",
  "duration": "905.018s",
  "segment": [{
    "fitnessActivity": "walking",
    "startTime": "2023-07-05T16:36:27.397Z",
    "endTime": "2023-07-05T16:51:32.415Z"
  }],
  "aggregate": [{
    "metricName": "com.google.heart_minutes.summary",
    "floatValue": 13.0
  }, {
    "metricName": "com.google.calories.expended",
    "floatValue": 74.51327985671489
  }, {
    "metricName": "com.google.step_count.delta",
    "intValue": 1537
  }, {
    "metricName": "com.google.distance.delta",
    "floatValue": 1206.5568927035183
  }, {
    "metricName": "com.google.speed.summary",
    "floatValue": 1.3866437872945758
  }, {
    "metricName": "com.google.active_minutes",
    "intValue": 14
  }]
}