{
  "fitnessActivity": "walking",
  "startTime": "2023-06-05T20:38:47.762Z",
  "endTime": "2023-06-05T20:50:30.847Z",
  "duration": "703.085s",
  "segment": [{
    "fitnessActivity": "walking",
    "startTime": "2023-06-05T20:38:47.762Z",
    "endTime": "2023-06-05T20:42:21.377Z"
  }, {
    "fitnessActivity": "walking",
    "startTime": "2023-06-05T20:42:21.377Z",
    "endTime": "2023-06-05T20:50:30.847Z"
  }],
  "aggregate": [{
    "metricName": "com.google.heart_minutes.summary",
    "floatValue": 2.0
  }, {
    "metricName": "com.google.calories.expended",
    "floatValue": 57.88731939134104
  }, {
    "metricName": "com.google.step_count.delta",
    "intValue": 1006
  }, {
    "metricName": "com.google.distance.delta",
    "floatValue": 750.1558292376325
  }, {
    "metricName": "com.google.speed.summary",
    "floatValue": 1.1144384259880438
  }, {
    "metricName": "com.google.active_minutes",
    "intValue": 12
  }]
}