{
  "fitnessActivity": "walking",
  "startTime": "2023-09-03T11:57:35.246Z",
  "endTime": "2023-09-03T12:37:11.007Z",
  "duration": "2355.525s",
  "segment": [{
    "fitnessActivity": "walking",
    "startTime": "2023-09-03T11:57:35.246Z",
    "endTime": "2023-09-03T11:59:02.057Z"
  }, {
    "fitnessActivity": "walking",
    "startTime": "2023-09-03T11:59:22.293Z",
    "endTime": "2023-09-03T12:37:11.007Z"
  }],
  "aggregate": [{
    "metricName": "com.google.heart_minutes.summary",
    "floatValue": 6.0
  }, {
    "metricName": "com.google.calories.expended",
    "floatValue": 196.45519951477917
  }, {
    "metricName": "com.google.step_count.delta",
    "intValue": 1814
  }, {
    "metricName": "com.google.distance.delta",
    "floatValue": 4876.651825178161
  }, {
    "metricName": "com.google.speed.summary",
    "floatValue": 1.183819045640867
  }, {
    "metricName": "com.google.active_minutes",
    "intValue": 25
  }]
}