{
  "fitnessActivity": "walking",
  "startTime": "2023-05-05T06:36:45.075Z",
  "endTime": "2023-05-05T06:50:02.520Z",
  "duration": "797.445s",
  "segment": [{
    "fitnessActivity": "walking",
    "startTime": "2023-05-05T06:36:45.075Z",
    "endTime": "2023-05-05T06:37:23.399Z"
  }, {
    "fitnessActivity": "walking",
    "startTime": "2023-05-05T06:37:23.399Z",
    "endTime": "2023-05-05T06:49:39.082Z"
  }, {
    "fitnessActivity": "walking",
    "startTime": "2023-05-05T06:49:39.082Z",
    "endTime": "2023-05-05T06:50:02.520Z"
  }],
  "aggregate": [{
    "metricName": "com.google.heart_minutes.summary",
    "floatValue": 6.0
  }, {
    "metricName": "com.google.calories.expended",
    "floatValue": 65.65624612487674
  }, {
    "metricName": "com.google.step_count.delta",
    "intValue": 1143
  }, {
    "metricName": "com.google.distance.delta",
    "floatValue": 856.1434654490804
  }, {
    "metricName": "com.google.speed.summary",
    "floatValue": 1.127459446262017
  }, {
    "metricName": "com.google.active_minutes",
    "intValue": 13
  }]
}