{
  "fitnessActivity": "walking",
  "startTime": "2023-09-14T13:07:01.332Z",
  "endTime": "2023-09-14T13:42:05.659Z",
  "duration": "1159.507s",
  "segment": [{
    "fitnessActivity": "walking",
    "startTime": "2023-09-14T13:07:01.332Z",
    "endTime": "2023-09-14T13:17:11.018Z"
  }, {
    "fitnessActivity": "walking",
    "startTime": "2023-09-14T13:17:11.018Z",
    "endTime": "2023-09-14T13:21:25.272Z"
  }, {
    "fitnessActivity": "walking",
    "startTime": "2023-09-14T13:25:38.438Z",
    "endTime": "2023-09-14T13:26:22.080Z"
  }, {
    "fitnessActivity": "walking",
    "startTime": "2023-09-14T13:26:22.080Z",
    "endTime": "2023-09-14T13:26:29.863Z"
  }, {
    "fitnessActivity": "walking",
    "startTime": "2023-09-14T13:38:01.517Z",
    "endTime": "2023-09-14T13:40:59.030Z"
  }, {
    "fitnessActivity": "walking",
    "startTime": "2023-09-14T13:40:59.030Z",
    "endTime": "2023-09-14T13:42:05.659Z"
  }],
  "aggregate": [{
    "metricName": "com.google.heart_minutes.summary",
    "floatValue": 11.0
  }, {
    "metricName": "com.google.calories.expended",
    "floatValue": 115.3481439193332
  }, {
    "metricName": "com.google.step_count.delta",
    "intValue": 2346
  }, {
    "metricName": "com.google.distance.delta",
    "floatValue": 1369.0475982732912
  }, {
    "metricName": "com.google.speed.summary",
    "floatValue": 0.8955462944444249
  }, {
    "metricName": "com.google.active_minutes",
    "intValue": 29
  }]
}