{
  "fitnessActivity": "walking",
  "startTime": "2023-09-21T05:54:43.748Z",
  "endTime": "2023-09-21T06:36:11.163Z",
  "duration": "1243.902s",
  "segment": [{
    "fitnessActivity": "walking",
    "startTime": "2023-09-21T05:54:43.748Z",
    "endTime": "2023-09-21T05:55:20.495Z"
  }, {
    "fitnessActivity": "walking",
    "startTime": "2023-09-21T05:55:20.495Z",
    "endTime": "2023-09-21T06:00:53.134Z"
  }, {
    "fitnessActivity": "walking",
    "startTime": "2023-09-21T06:00:53.134Z",
    "endTime": "2023-09-21T06:01:47.868Z"
  }, {
    "fitnessActivity": "walking",
    "startTime": "2023-09-21T06:07:24.750Z",
    "endTime": "2023-09-21T06:07:56.807Z"
  }, {
    "fitnessActivity": "walking",
    "startTime": "2023-09-21T06:07:56.807Z",
    "endTime": "2023-09-21T06:13:26.810Z"
  }, {
    "fitnessActivity": "walking",
    "startTime": "2023-09-21T06:13:46.929Z",
    "endTime": "2023-09-21T06:14:22.051Z"
  }, {
    "fitnessActivity": "walking",
    "startTime": "2023-09-21T06:20:29.626Z",
    "endTime": "2023-09-21T06:21:29.838Z"
  }, {
    "fitnessActivity": "walking",
    "startTime": "2023-09-21T06:29:48.655Z",
    "endTime": "2023-09-21T06:31:53.341Z"
  }, {
    "fitnessActivity": "walking",
    "startTime": "2023-09-21T06:32:13.461Z",
    "endTime": "2023-09-21T06:36:11.163Z"
  }],
  "aggregate": [{
    "metricName": "com.google.heart_minutes.summary",
    "floatValue": 1.0
  }, {
    "metricName": "com.google.calories.expended",
    "floatValue": 128.32888572642747
  }, {
    "metricName": "com.google.step_count.delta",
    "intValue": 1631
  }, {
    "metricName": "com.google.distance.delta",
    "floatValue": 1177.372704309825
  }, {
    "metricName": "com.google.speed.summary",
    "floatValue": 0.5783433438862252
  }, {
    "metricName": "com.google.active_minutes",
    "intValue": 26
  }]
}