{
  "fitnessActivity": "weightlifting",
  "startTime": "2023-02-24T10:49:24.060Z",
  "endTime": "2023-02-24T12:50:05.382Z",
  "duration": "7241.322s",
  "segment": [{
    "fitnessActivity": "weightlifting",
    "startTime": "2023-02-24T10:49:24.060Z",
    "endTime": "2023-02-24T12:50:05.382Z"
  }],
  "aggregate": [{
    "metricName": "com.google.heart_minutes.summary",
    "floatValue": 240.0
  }, {
    "metricName": "com.google.calories.expended",
    "floatValue": 881.02751
  }, {
    "metricName": "com.google.active_minutes",
    "intValue": 120
  }]
}