{
  "fitnessActivity": "walking",
  "startTime": "2023-08-17T20:03:29.667Z",
  "endTime": "2023-08-17T20:31:49.972Z",
  "duration": "1370.529s",
  "segment": [{
    "fitnessActivity": "walking",
    "startTime": "2023-08-17T20:03:29.667Z",
    "endTime": "2023-08-17T20:13:38.562Z"
  }, {
    "fitnessActivity": "walking",
    "startTime": "2023-08-17T20:13:38.562Z",
    "endTime": "2023-08-17T20:25:33.840Z"
  }, {
    "fitnessActivity": "walking",
    "startTime": "2023-08-17T20:25:33.840Z",
    "endTime": "2023-08-17T20:25:35.085Z"
  }, {
    "fitnessActivity": "walking",
    "startTime": "2023-08-17T20:31:04.861Z",
    "endTime": "2023-08-17T20:31:49.972Z"
  }],
  "aggregate": [{
    "metricName": "com.google.heart_minutes.summary",
    "floatValue": 19.0
  }, {
    "metricName": "com.google.calories.expended",
    "floatValue": 120.64631473171468
  }, {
    "metricName": "com.google.step_count.delta",
    "intValue": 2431
  }, {
    "metricName": "com.google.distance.delta",
    "floatValue": 1875.4641468304244
  }, {
    "metricName": "com.google.speed.summary",
    "floatValue": 1.1419805772351528
  }, {
    "metricName": "com.google.active_minutes",
    "intValue": 24
  }]
}