{
  "fitnessActivity": "walking",
  "startTime": "2023-07-24T06:50:11.236Z",
  "endTime": "2023-07-24T07:06:26.010Z",
  "duration": "974.774s",
  "segment": [{
    "fitnessActivity": "walking",
    "startTime": "2023-07-24T06:50:11.236Z",
    "endTime": "2023-07-24T07:06:26.010Z"
  }],
  "aggregate": [{
    "metricName": "com.google.heart_minutes.summary",
    "floatValue": 10.0
  }, {
    "metricName": "com.google.calories.expended",
    "floatValue": 82.15990810220252
  }, {
    "metricName": "com.google.step_count.delta",
    "intValue": 1470
  }, {
    "metricName": "com.google.distance.delta",
    "floatValue": 935.5463698713793
  }, {
    "metricName": "com.google.speed.summary",
    "floatValue": 1.0765470024130857
  }, {
    "metricName": "com.google.active_minutes",
    "intValue": 15
  }]
}