{
  "fitnessActivity": "walking",
  "startTime": "2023-09-10T05:26:53.722Z",
  "endTime": "2023-09-10T06:01:01.174Z",
  "duration": "1812.576s",
  "segment": [{
    "fitnessActivity": "walking",
    "startTime": "2023-09-10T05:26:53.722Z",
    "endTime": "2023-09-10T05:30:52.710Z"
  }, {
    "fitnessActivity": "walking",
    "startTime": "2023-09-10T05:34:47.586Z",
    "endTime": "2023-09-10T06:00:58.299Z"
  }, {
    "fitnessActivity": "walking",
    "startTime": "2023-09-10T06:00:58.299Z",
    "endTime": "2023-09-10T06:01:01.174Z"
  }],
  "aggregate": [{
    "metricName": "com.google.heart_minutes.summary",
    "floatValue": 2.0
  }, {
    "metricName": "com.google.calories.expended",
    "floatValue": 155.54563216895454
  }, {
    "metricName": "com.google.step_count.delta",
    "intValue": 1466
  }, {
    "metricName": "com.google.distance.delta",
    "floatValue": 1010.2887365601637
  }, {
    "metricName": "com.google.speed.summary",
    "floatValue": 0.7219856714701842
  }, {
    "metricName": "com.google.active_minutes",
    "intValue": 21
  }]
}