{
  "fitnessActivity": "walking",
  "startTime": "2023-05-16T13:30:06.458Z",
  "endTime": "2023-05-16T13:46:11.573Z",
  "duration": "965.115s",
  "segment": [{
    "fitnessActivity": "walking",
    "startTime": "2023-05-16T13:30:06.458Z",
    "endTime": "2023-05-16T13:31:10.931Z"
  }, {
    "fitnessActivity": "walking",
    "startTime": "2023-05-16T13:31:10.931Z",
    "endTime": "2023-05-16T13:46:11.573Z"
  }],
  "aggregate": [{
    "metricName": "com.google.heart_minutes.summary",
    "floatValue": 8.0
  }, {
    "metricName": "com.google.calories.expended",
    "floatValue": 79.46109742826306
  }, {
    "metricName": "com.google.step_count.delta",
    "intValue": 1346
  }, {
    "metricName": "com.google.distance.delta",
    "floatValue": 1053.8374382564577
  }, {
    "metricName": "com.google.speed.summary",
    "floatValue": 1.277411887116977
  }, {
    "metricName": "com.google.active_minutes",
    "intValue": 15
  }]
}