{
  "fitnessActivity": "walking",
  "startTime": "2023-09-05T08:34:20.885Z",
  "endTime": "2023-09-05T08:44:31.481Z",
  "duration": "610.596s",
  "segment": [{
    "fitnessActivity": "walking",
    "startTime": "2023-09-05T08:34:20.885Z",
    "endTime": "2023-09-05T08:34:24.230Z"
  }, {
    "fitnessActivity": "walking",
    "startTime": "2023-09-05T08:34:24.230Z",
    "endTime": "2023-09-05T08:43:26.073Z"
  }, {
    "fitnessActivity": "walking",
    "startTime": "2023-09-05T08:43:26.073Z",
    "endTime": "2023-09-05T08:43:36.145Z"
  }, {
    "fitnessActivity": "walking",
    "startTime": "2023-09-05T08:43:36.145Z",
    "endTime": "2023-09-05T08:44:31.481Z"
  }],
  "aggregate": [{
    "metricName": "com.google.heart_minutes.summary",
    "floatValue": 9.0
  }, {
    "metricName": "com.google.calories.expended",
    "floatValue": 50.82021791750652
  }, {
    "metricName": "com.google.step_count.delta",
    "intValue": 1004
  }, {
    "metricName": "com.google.distance.delta",
    "floatValue": 618.6568159163395
  }, {
    "metricName": "com.google.speed.summary",
    "floatValue": 1.2114400449981386
  }, {
    "metricName": "com.google.active_minutes",
    "intValue": 10
  }]
}