{
  "fitnessActivity": "walking",
  "startTime": "2023-08-27T20:00:17.143Z",
  "endTime": "2023-08-27T20:24:58.860Z",
  "duration": "1481.717s",
  "segment": [{
    "fitnessActivity": "walking",
    "startTime": "2023-08-27T20:00:17.143Z",
    "endTime": "2023-08-27T20:00:42.059Z"
  }, {
    "fitnessActivity": "walking",
    "startTime": "2023-08-27T20:00:42.059Z",
    "endTime": "2023-08-27T20:24:58.860Z"
  }],
  "aggregate": [{
    "metricName": "com.google.heart_minutes.summary",
    "floatValue": 10.0
  }, {
    "metricName": "com.google.calories.expended",
    "floatValue": 123.3241000639541
  }, {
    "metricName": "com.google.step_count.delta",
    "intValue": 1936
  }, {
    "metricName": "com.google.distance.delta",
    "floatValue": 1585.1992651889618
  }, {
    "metricName": "com.google.speed.summary",
    "floatValue": 1.093859934196838
  }, {
    "metricName": "com.google.active_minutes",
    "intValue": 23
  }]
}