{
  "fitnessActivity": "walking",
  "startTime": "2023-08-21T20:31:23.621Z",
  "endTime": "2023-08-21T20:41:17.011Z",
  "duration": "593.390s",
  "segment": [{
    "fitnessActivity": "walking",
    "startTime": "2023-08-21T20:31:23.621Z",
    "endTime": "2023-08-21T20:33:22.643Z"
  }, {
    "fitnessActivity": "walking",
    "startTime": "2023-08-21T20:33:22.643Z",
    "endTime": "2023-08-21T20:41:17.011Z"
  }],
  "aggregate": [{
    "metricName": "com.google.calories.expended",
    "floatValue": 49.388156484598994
  }, {
    "metricName": "com.google.step_count.delta",
    "intValue": 880
  }, {
    "metricName": "com.google.distance.delta",
    "floatValue": 621.4941417730433
  }, {
    "metricName": "com.google.speed.summary",
    "floatValue": 1.0512152461867348
  }, {
    "metricName": "com.google.active_minutes",
    "intValue": 10
  }]
}