{
  "fitnessActivity": "walking",
  "startTime": "2023-08-25T13:09:11.152Z",
  "endTime": "2023-08-25T13:29:03.120Z",
  "duration": "933.094s",
  "segment": [{
    "fitnessActivity": "walking",
    "startTime": "2023-08-25T13:09:11.152Z",
    "endTime": "2023-08-25T13:22:38.800Z"
  }, {
    "fitnessActivity": "walking",
    "startTime": "2023-08-25T13:26:57.674Z",
    "endTime": "2023-08-25T13:28:55.594Z"
  }, {
    "fitnessActivity": "walking",
    "startTime": "2023-08-25T13:28:55.594Z",
    "endTime": "2023-08-25T13:29:03.120Z"
  }],
  "aggregate": [{
    "metricName": "com.google.heart_minutes.summary",
    "floatValue": 11.0
  }, {
    "metricName": "com.google.calories.expended",
    "floatValue": 82.82442934947805
  }, {
    "metricName": "com.google.step_count.delta",
    "intValue": 1421
  }, {
    "metricName": "com.google.distance.delta",
    "floatValue": 1202.770270678874
  }, {
    "metricName": "com.google.speed.summary",
    "floatValue": 1.088204400681216
  }, {
    "metricName": "com.google.active_minutes",
    "intValue": 18
  }]
}