{
  "fitnessActivity": "walking",
  "startTime": "2023-05-12T14:03:04.365Z",
  "endTime": "2023-05-12T14:16:13.269Z",
  "duration": "788.904s",
  "segment": [{
    "fitnessActivity": "walking",
    "startTime": "2023-05-12T14:03:04.365Z",
    "endTime": "2023-05-12T14:16:13.269Z"
  }],
  "aggregate": [{
    "metricName": "com.google.heart_minutes.summary",
    "floatValue": 11.0
  }, {
    "metricName": "com.google.calories.expended",
    "floatValue": 64.95309599999999
  }, {
    "metricName": "com.google.step_count.delta",
    "intValue": 1476
  }, {
    "metricName": "com.google.distance.delta",
    "floatValue": 1195.863703087968
  }, {
    "metricName": "com.google.speed.summary",
    "floatValue": 1.5140715995517369
  }, {
    "metricName": "com.google.active_minutes",
    "intValue": 13
  }]
}