{
  "fitnessActivity": "walking",
  "startTime": "2023-09-13T05:51:51.722Z",
  "endTime": "2023-09-13T07:00:28.798Z",
  "duration": "3233.309s",
  "segment": [{
    "fitnessActivity": "walking",
    "startTime": "2023-09-13T05:51:51.722Z",
    "endTime": "2023-09-13T05:52:09.081Z"
  }, {
    "fitnessActivity": "walking",
    "startTime": "2023-09-13T05:52:09.081Z",
    "endTime": "2023-09-13T06:19:41.591Z"
  }, {
    "fitnessActivity": "walking",
    "startTime": "2023-09-13T06:19:41.591Z",
    "endTime": "2023-09-13T06:19:45.787Z"
  }, {
    "fitnessActivity": "walking",
    "startTime": "2023-09-13T06:22:37.097Z",
    "endTime": "2023-09-13T06:32:36.334Z"
  }, {
    "fitnessActivity": "walking",
    "startTime": "2023-09-13T06:35:35.185Z",
    "endTime": "2023-09-13T06:39:36.997Z"
  }, {
    "fitnessActivity": "walking",
    "startTime": "2023-09-13T06:39:36.997Z",
    "endTime": "2023-09-13T06:39:44.087Z"
  }, {
    "fitnessActivity": "walking",
    "startTime": "2023-09-13T06:48:37.693Z",
    "endTime": "2023-09-13T07:00:28.798Z"
  }],
  "aggregate": [{
    "metricName": "com.google.heart_minutes.summary",
    "floatValue": 15.0
  }, {
    "metricName": "com.google.calories.expended",
    "floatValue": 286.7343375649288
  }, {
    "metricName": "com.google.step_count.delta",
    "intValue": 3920
  }, {
    "metricName": "com.google.distance.delta",
    "floatValue": 3431.8835803193547
  }, {
    "metricName": "com.google.speed.summary",
    "floatValue": 0.940731240477521
  }, {
    "metricName": "com.google.active_minutes",
    "intValue": 50
  }]
}