{
  "fitnessActivity": "walking",
  "startTime": "2023-08-31T06:50:18.611Z",
  "endTime": "2023-08-31T07:11:09.422Z",
  "duration": "448.421s",
  "segment": [{
    "fitnessActivity": "walking",
    "startTime": "2023-08-31T06:50:18.611Z",
    "endTime": "2023-08-31T06:53:38.098Z"
  }, {
    "fitnessActivity": "walking",
    "startTime": "2023-08-31T07:07:00.488Z",
    "endTime": "2023-08-31T07:11:09.422Z"
  }],
  "aggregate": [{
    "metricName": "com.google.heart_minutes.summary",
    "floatValue": 1.0
  }, {
    "metricName": "com.google.calories.expended",
    "floatValue": 53.3236935653714
  }, {
    "metricName": "com.google.step_count.delta",
    "intValue": 733
  }, {
    "metricName": "com.google.distance.delta",
    "floatValue": 697.3047007991861
  }, {
    "metricName": "com.google.speed.summary",
    "floatValue": 0.6576298472924191
  }, {
    "metricName": "com.google.active_minutes",
    "intValue": 14
  }]
}