{
  "fitnessActivity": "walking",
  "startTime": "2023-05-22T09:25:37.881Z",
  "endTime": "2023-05-22T09:54:33.315Z",
  "duration": "1109.467s",
  "segment": [{
    "fitnessActivity": "walking",
    "startTime": "2023-05-22T09:25:37.881Z",
    "endTime": "2023-05-22T09:26:28.049Z"
  }, {
    "fitnessActivity": "walking",
    "startTime": "2023-05-22T09:26:28.049Z",
    "endTime": "2023-05-22T09:27:52.766Z"
  }, {
    "fitnessActivity": "walking",
    "startTime": "2023-05-22T09:38:18.733Z",
    "endTime": "2023-05-22T09:42:20.876Z"
  }, {
    "fitnessActivity": "walking",
    "startTime": "2023-05-22T09:42:20.876Z",
    "endTime": "2023-05-22T09:54:33.315Z"
  }],
  "aggregate": [{
    "metricName": "com.google.heart_minutes.summary",
    "floatValue": 6.0
  }, {
    "metricName": "com.google.calories.expended",
    "floatValue": 103.76767092702498
  }, {
    "metricName": "com.google.step_count.delta",
    "intValue": 1440
  }, {
    "metricName": "com.google.distance.delta",
    "floatValue": 1084.3350285014387
  }, {
    "metricName": "com.google.speed.summary",
    "floatValue": 1.026395544129848
  }, {
    "metricName": "com.google.active_minutes",
    "intValue": 15
  }]
}