{
  "fitnessActivity": "weightlifting",
  "startTime": "2023-07-15T17:08:12.471Z",
  "endTime": "2023-07-16T06:35:34.686Z",
  "duration": "48442.215s",
  "segment": [{
    "fitnessActivity": "weightlifting",
    "startTime": "2023-07-15T17:08:12.471Z",
    "endTime": "2023-07-16T06:35:34.686Z"
  }],
  "aggregate": [{
    "metricName": "com.google.heart_minutes.summary",
    "floatValue": 1612.0
  }, {
    "metricName": "com.google.calories.expended",
    "floatValue": 6386.298554305075
  }, {
    "metricName": "com.google.step_count.delta",
    "intValue": 6414
  }, {
    "metricName": "com.google.distance.delta",
    "floatValue": 2477.2269691194997
  }, {
    "metricName": "com.google.speed.summary",
    "floatValue": 0.5095345823977772
  }, {
    "metricName": "com.google.active_minutes",
    "intValue": 806
  }]
}