{
  "fitnessActivity": "biking",
  "startTime": "2023-07-04T06:23:10.202Z",
  "endTime": "2023-07-04T07:28:53.259Z",
  "duration": "3940.363s",
  "segment": [{
    "fitnessActivity": "biking",
    "startTime": "2023-07-04T06:23:10.202Z",
    "endTime": "2023-07-04T07:28:50.565Z"
  }],
  "aggregate": [{
    "metricName": "com.google.heart_minutes.summary",
    "floatValue": 64.0
  }, {
    "metricName": "com.google.calories.expended",
    "floatValue": 341.5521870239439
  }, {
    "metricName": "com.google.step_count.delta",
    "intValue": 2
  }, {
    "metricName": "com.google.distance.delta",
    "floatValue": 18637.73433202284
  }, {
    "metricName": "com.google.speed.summary",
    "floatValue": 4.782814974593098
  }, {
    "metricName": "com.google.active_minutes",
    "intValue": 64
  }]
}