{
  "fitnessActivity": "walking",
  "startTime": "2023-06-28T13:24:35.726Z",
  "endTime": "2023-06-28T13:40:29.455Z",
  "duration": "602.282s",
  "segment": [{
    "fitnessActivity": "walking",
    "startTime": "2023-06-28T13:24:35.726Z",
    "endTime": "2023-06-28T13:25:14.970Z"
  }, {
    "fitnessActivity": "walking",
    "startTime": "2023-06-28T13:25:14.970Z",
    "endTime": "2023-06-28T13:32:45.117Z"
  }, {
    "fitnessActivity": "walking",
    "startTime": "2023-06-28T13:32:45.117Z",
    "endTime": "2023-06-28T13:33:28.232Z"
  }, {
    "fitnessActivity": "walking",
    "startTime": "2023-06-28T13:39:19.679Z",
    "endTime": "2023-06-28T13:40:21.691Z"
  }, {
    "fitnessActivity": "walking",
    "startTime": "2023-06-28T13:40:21.691Z",
    "endTime": "2023-06-28T13:40:29.455Z"
  }],
  "aggregate": [{
    "metricName": "com.google.heart_minutes.summary",
    "floatValue": 7.0
  }, {
    "metricName": "com.google.calories.expended",
    "floatValue": 56.56195870909979
  }, {
    "metricName": "com.google.step_count.delta",
    "intValue": 1115
  }, {
    "metricName": "com.google.distance.delta",
    "floatValue": 853.2712415959576
  }, {
    "metricName": "com.google.speed.summary",
    "floatValue": 1.0481793201483454
  }, {
    "metricName": "com.google.active_minutes",
    "intValue": 12
  }]
}