{
  "fitnessActivity": "walking",
  "startTime": "2023-09-11T02:35:48.270Z",
  "endTime": "2023-09-11T03:10:20.257Z",
  "duration": "1445.800s",
  "segment": [{
    "fitnessActivity": "walking",
    "startTime": "2023-09-11T02:35:48.270Z",
    "endTime": "2023-09-11T02:36:38.769Z"
  }, {
    "fitnessActivity": "walking",
    "startTime": "2023-09-11T02:45:51.119Z",
    "endTime": "2023-09-11T02:48:39.971Z"
  }, {
    "fitnessActivity": "walking",
    "startTime": "2023-09-11T02:48:39.971Z",
    "endTime": "2023-09-11T02:58:39.971Z"
  }, {
    "fitnessActivity": "walking",
    "startTime": "2023-09-11T02:59:53.808Z",
    "endTime": "2023-09-11T03:10:20.257Z"
  }],
  "aggregate": [{
    "metricName": "com.google.heart_minutes.summary",
    "floatValue": 18.0
  }, {
    "metricName": "com.google.calories.expended",
    "floatValue": 132.82219635766583
  }, {
    "metricName": "com.google.step_count.delta",
    "intValue": 2548
  }, {
    "metricName": "com.google.distance.delta",
    "floatValue": 1794.2132299169348
  }, {
    "metricName": "com.google.speed.summary",
    "floatValue": 0.9342547381758677
  }, {
    "metricName": "com.google.active_minutes",
    "intValue": 32
  }]
}