{
  "fitnessActivity": "walking",
  "startTime": "2023-09-01T13:17:44.356Z",
  "endTime": "2023-09-01T13:45:17.310Z",
  "duration": "899.430s",
  "segment": [{
    "fitnessActivity": "walking",
    "startTime": "2023-09-01T13:17:44.356Z",
    "endTime": "2023-09-01T13:28:44.796Z"
  }, {
    "fitnessActivity": "walking",
    "startTime": "2023-09-01T13:28:44.796Z",
    "endTime": "2023-09-01T13:29:21.277Z"
  }, {
    "fitnessActivity": "walking",
    "startTime": "2023-09-01T13:41:54.801Z",
    "endTime": "2023-09-01T13:44:51.002Z"
  }, {
    "fitnessActivity": "walking",
    "startTime": "2023-09-01T13:44:51.002Z",
    "endTime": "2023-09-01T13:45:17.310Z"
  }],
  "aggregate": [{
    "metricName": "com.google.heart_minutes.summary",
    "floatValue": 8.0
  }, {
    "metricName": "com.google.calories.expended",
    "floatValue": 89.88687756462575
  }, {
    "metricName": "com.google.step_count.delta",
    "intValue": 1769
  }, {
    "metricName": "com.google.distance.delta",
    "floatValue": 1208.9227783515537
  }, {
    "metricName": "com.google.speed.summary",
    "floatValue": 0.8323459842271032
  }, {
    "metricName": "com.google.active_minutes",
    "intValue": 21
  }]
}