{
  "fitnessActivity": "biking",
  "startTime": "2023-07-18T13:40:18.796Z",
  "endTime": "2023-07-18T14:42:49.854Z",
  "duration": "3751.058s",
  "segment": [{
    "fitnessActivity": "biking",
    "startTime": "2023-07-18T13:40:18.796Z",
    "endTime": "2023-07-18T14:42:49.854Z"
  }],
  "aggregate": [{
    "metricName": "com.google.heart_minutes.summary",
    "floatValue": 77.0
  }, {
    "metricName": "com.google.calories.expended",
    "floatValue": 501.0
  }, {
    "metricName": "com.google.distance.delta",
    "floatValue": 18335.0
  }, {
    "metricName": "com.google.speed.summary",
    "floatValue": 5.357678321369374
  }, {
    "metricName": "com.google.active_minutes",
    "intValue": 62
  }]
}