{
  "fitnessActivity": "weightlifting",
  "startTime": "2023-06-19T14:57:20.901Z",
  "endTime": "2023-06-19T16:16:51.068Z",
  "duration": "4770.167s",
  "segment": [{
    "fitnessActivity": "weightlifting",
    "startTime": "2023-06-19T14:57:20.901Z",
    "endTime": "2023-06-19T16:16:51.068Z"
  }],
  "aggregate": [{
    "metricName": "com.google.heart_minutes.summary",
    "floatValue": 156.0
  }, {
    "metricName": "com.google.calories.expended",
    "floatValue": 620.1228018045806
  }, {
    "metricName": "com.google.step_count.delta",
    "intValue": 1221
  }, {
    "metricName": "com.google.distance.delta",
    "floatValue": 830.1822296227344
  }, {
    "metricName": "com.google.speed.summary",
    "floatValue": 0.5684882530723352
  }, {
    "metricName": "com.google.active_minutes",
    "intValue": 78
  }]
}