{
  "fitnessActivity": "weightlifting",
  "startTime": "2023-07-30T15:44:32.661Z",
  "endTime": "2023-07-30T18:05:01.387Z",
  "duration": "8428.726s",
  "segment": [{
    "fitnessActivity": "weightlifting",
    "startTime": "2023-07-30T15:44:32.661Z",
    "endTime": "2023-07-30T18:05:01.387Z"
  }],
  "aggregate": [{
    "metricName": "com.google.heart_minutes.summary",
    "floatValue": 278.0
  }, {
    "metricName": "com.google.calories.expended",
    "floatValue": 1178.0312050685343
  }, {
    "metricName": "com.google.step_count.delta",
    "intValue": 5703
  }, {
    "metricName": "com.google.distance.delta",
    "floatValue": 3776.343506572342
  }, {
    "metricName": "com.google.speed.summary",
    "floatValue": 0.6746172615185991
  }, {
    "metricName": "com.google.active_minutes",
    "intValue": 141
  }]
}