{
  "fitnessActivity": "walking",
  "startTime": "2023-08-12T20:43:43.319Z",
  "endTime": "2023-08-12T21:02:28.977Z",
  "duration": "1125.658s",
  "segment": [{
    "fitnessActivity": "walking",
    "startTime": "2023-08-12T20:43:43.319Z",
    "endTime": "2023-08-12T21:02:28.977Z"
  }],
  "aggregate": [{
    "metricName": "com.google.calories.expended",
    "floatValue": 93.68913889251455
  }, {
    "metricName": "com.google.step_count.delta",
    "intValue": 1489
  }, {
    "metricName": "com.google.distance.delta",
    "floatValue": 1245.4429903220523
  }, {
    "metricName": "com.google.speed.summary",
    "floatValue": 0.9845970141667263
  }, {
    "metricName": "com.google.active_minutes",
    "intValue": 19
  }]
}