{
  "fitnessActivity": "walking",
  "startTime": "2023-05-30T11:02:12.192Z",
  "endTime": "2023-05-30T11:17:20.019Z",
  "duration": "907.827s",
  "segment": [{
    "fitnessActivity": "walking",
    "startTime": "2023-05-30T11:02:12.192Z",
    "endTime": "2023-05-30T11:17:20.019Z"
  }],
  "aggregate": [{
    "metricName": "com.google.heart_minutes.summary",
    "floatValue": 12.0
  }, {
    "metricName": "com.google.calories.expended",
    "floatValue": 74.74442299999998
  }, {
    "metricName": "com.google.step_count.delta",
    "intValue": 1481
  }, {
    "metricName": "com.google.distance.delta",
    "floatValue": 1169.2160629418322
  }, {
    "metricName": "com.google.speed.summary",
    "floatValue": 1.301249430151794
  }, {
    "metricName": "com.google.active_minutes",
    "intValue": 14
  }]
}