{
  "fitnessActivity": "walking",
  "startTime": "2023-10-02T06:42:45.667Z",
  "endTime": "2023-10-02T07:07:50.574Z",
  "duration": "615.907s",
  "segment": [{
    "fitnessActivity": "walking",
    "startTime": "2023-10-02T06:42:45.667Z",
    "endTime": "2023-10-02T06:44:18.247Z"
  }, {
    "fitnessActivity": "walking",
    "startTime": "2023-10-02T06:44:18.247Z",
    "endTime": "2023-10-02T06:44:23.714Z"
  }, {
    "fitnessActivity": "walking",
    "startTime": "2023-10-02T06:59:12.714Z",
    "endTime": "2023-10-02T07:07:50.574Z"
  }],
  "aggregate": [{
    "metricName": "com.google.heart_minutes.summary",
    "floatValue": 5.0
  }, {
    "metricName": "com.google.calories.expended",
    "floatValue": 68.99083437919555
  }, {
    "metricName": "com.google.step_count.delta",
    "intValue": 1010
  }, {
    "metricName": "com.google.distance.delta",
    "floatValue": 1275.3107143749817
  }, {
    "metricName": "com.google.speed.summary",
    "floatValue": 0.6315819538549327
  }, {
    "metricName": "com.google.active_minutes",
    "intValue": 11
  }]
}