{
  "fitnessActivity": "walking",
  "startTime": "2023-09-05T06:26:20.499Z",
  "endTime": "2023-09-05T07:11:16.877Z",
  "duration": "1345.854s",
  "segment": [{
    "fitnessActivity": "walking",
    "startTime": "2023-09-05T06:26:20.499Z",
    "endTime": "2023-09-05T06:26:55.052Z"
  }, {
    "fitnessActivity": "walking",
    "startTime": "2023-09-05T06:26:55.052Z",
    "endTime": "2023-09-05T06:28:22.079Z"
  }, {
    "fitnessActivity": "walking",
    "startTime": "2023-09-05T06:28:22.079Z",
    "endTime": "2023-09-05T06:29:04.903Z"
  }, {
    "fitnessActivity": "walking",
    "startTime": "2023-09-05T06:29:04.903Z",
    "endTime": "2023-09-05T06:30:07.920Z"
  }, {
    "fitnessActivity": "walking",
    "startTime": "2023-09-05T06:36:11.538Z",
    "endTime": "2023-09-05T06:39:00.036Z"
  }, {
    "fitnessActivity": "walking",
    "startTime": "2023-09-05T06:49:13.971Z",
    "endTime": "2023-09-05T06:49:27.384Z"
  }, {
    "fitnessActivity": "walking",
    "startTime": "2023-09-05T06:49:27.384Z",
    "endTime": "2023-09-05T06:51:58.545Z"
  }, {
    "fitnessActivity": "walking",
    "startTime": "2023-09-05T06:51:58.545Z",
    "endTime": "2023-09-05T06:52:57.739Z"
  }, {
    "fitnessActivity": "walking",
    "startTime": "2023-09-05T06:59:10.710Z",
    "endTime": "2023-09-05T07:11:16.877Z"
  }],
  "aggregate": [{
    "metricName": "com.google.heart_minutes.summary",
    "floatValue": 15.0
  }, {
    "metricName": "com.google.calories.expended",
    "floatValue": 138.94844783925805
  }, {
    "metricName": "com.google.step_count.delta",
    "intValue": 2319
  }, {
    "metricName": "com.google.distance.delta",
    "floatValue": 2100.0022678169366
  }, {
    "metricName": "com.google.speed.summary",
    "floatValue": 0.9404747562275795
  }, {
    "metricName": "com.google.active_minutes",
    "intValue": 25
  }]
}