{
  "fitnessActivity": "biking",
  "startTime": "2023-07-13T14:40:44.788Z",
  "endTime": "2023-07-13T14:48:27.659Z",
  "duration": "462.871s",
  "segment": [{
    "fitnessActivity": "biking",
    "startTime": "2023-07-13T14:40:44.788Z",
    "endTime": "2023-07-13T14:48:27.659Z"
  }],
  "aggregate": [{
    "metricName": "com.google.heart_minutes.summary",
    "floatValue": 7.0
  }, {
    "metricName": "com.google.calories.expended",
    "floatValue": 41.52981472222222
  }, {
    "metricName": "com.google.distance.delta",
    "floatValue": 1619.7732583109575
  }, {
    "metricName": "com.google.speed.summary",
    "floatValue": 3.7350658837460657
  }, {
    "metricName": "com.google.active_minutes",
    "intValue": 7
  }]
}