{
  "fitnessActivity": "walking",
  "startTime": "2023-09-04T12:19:04.244Z",
  "endTime": "2023-09-04T13:14:41.400Z",
  "duration": "1942.648s",
  "segment": [{
    "fitnessActivity": "walking",
    "startTime": "2023-09-04T12:19:04.244Z",
    "endTime": "2023-09-04T12:20:00.409Z"
  }, {
    "fitnessActivity": "walking",
    "startTime": "2023-09-04T12:20:00.409Z",
    "endTime": "2023-09-04T12:23:57.380Z"
  }, {
    "fitnessActivity": "walking",
    "startTime": "2023-09-04T12:23:57.380Z",
    "endTime": "2023-09-04T12:26:45.991Z"
  }, {
    "fitnessActivity": "walking",
    "startTime": "2023-09-04T12:31:14.587Z",
    "endTime": "2023-09-04T12:31:25.594Z"
  }, {
    "fitnessActivity": "walking",
    "startTime": "2023-09-04T12:31:25.594Z",
    "endTime": "2023-09-04T12:40:57.943Z"
  }, {
    "fitnessActivity": "walking",
    "startTime": "2023-09-04T12:44:59.926Z",
    "endTime": "2023-09-04T12:48:51.068Z"
  }, {
    "fitnessActivity": "walking",
    "startTime": "2023-09-04T12:48:51.068Z",
    "endTime": "2023-09-04T12:49:11.014Z"
  }, {
    "fitnessActivity": "walking",
    "startTime": "2023-09-04T13:03:54.943Z",
    "endTime": "2023-09-04T13:04:57.018Z"
  }, {
    "fitnessActivity": "walking",
    "startTime": "2023-09-04T13:04:57.018Z",
    "endTime": "2023-09-04T13:14:41.400Z"
  }],
  "aggregate": [{
    "metricName": "com.google.heart_minutes.summary",
    "floatValue": 19.0
  }, {
    "metricName": "com.google.calories.expended",
    "floatValue": 189.49711197709465
  }, {
    "metricName": "com.google.step_count.delta",
    "intValue": 3449
  }, {
    "metricName": "com.google.distance.delta",
    "floatValue": 3591.1049146209607
  }, {
    "metricName": "com.google.speed.summary",
    "floatValue": 1.0280000337732484
  }, {
    "metricName": "com.google.active_minutes",
    "intValue": 43
  }]
}