{
  "fitnessActivity": "walking",
  "startTime": "2023-09-09T11:49:01.713Z",
  "endTime": "2023-09-09T12:08:15.285Z",
  "duration": "1153.572s",
  "segment": [{
    "fitnessActivity": "walking",
    "startTime": "2023-09-09T11:49:01.713Z",
    "endTime": "2023-09-09T12:08:15.285Z"
  }],
  "aggregate": [{
    "metricName": "com.google.heart_minutes.summary",
    "floatValue": 9.0
  }, {
    "metricName": "com.google.calories.expended",
    "floatValue": 96.01243657533264
  }, {
    "metricName": "com.google.step_count.delta",
    "intValue": 1468
  }, {
    "metricName": "com.google.distance.delta",
    "floatValue": 1000.2305116699988
  }, {
    "metricName": "com.google.speed.summary",
    "floatValue": 1.0658880427256097
  }, {
    "metricName": "com.google.active_minutes",
    "intValue": 17
  }]
}