{
  "fitnessActivity": "walking",
  "startTime": "2023-10-03T10:51:28.785Z",
  "endTime": "2023-10-03T11:36:04.684Z",
  "duration": "2675.899s",
  "segment": [{
    "fitnessActivity": "walking",
    "startTime": "2023-10-03T10:51:28.785Z",
    "endTime": "2023-10-03T11:24:25.431Z"
  }, {
    "fitnessActivity": "walking",
    "startTime": "2023-10-03T11:24:25.431Z",
    "endTime": "2023-10-03T11:27:30.863Z"
  }, {
    "fitnessActivity": "walking",
    "startTime": "2023-10-03T11:27:30.863Z",
    "endTime": "2023-10-03T11:36:04.684Z"
  }],
  "aggregate": [{
    "metricName": "com.google.heart_minutes.summary",
    "floatValue": 9.0
  }, {
    "metricName": "com.google.calories.expended",
    "floatValue": 222.71655607061894
  }, {
    "metricName": "com.google.step_count.delta",
    "intValue": 2049
  }, {
    "metricName": "com.google.distance.delta",
    "floatValue": 2794.091198692243
  }, {
    "metricName": "com.google.speed.summary",
    "floatValue": 1.0177859597255396
  }, {
    "metricName": "com.google.active_minutes",
    "intValue": 28
  }]
}