{
  "fitnessActivity": "weightlifting",
  "startTime": "2023-07-09T13:25:47.396Z",
  "endTime": "2023-07-09T16:16:56.039Z",
  "duration": "10268.643s",
  "segment": [{
    "fitnessActivity": "weightlifting",
    "startTime": "2023-07-09T13:25:47.396Z",
    "endTime": "2023-07-09T16:16:56.039Z"
  }],
  "aggregate": [{
    "metricName": "com.google.heart_minutes.summary",
    "floatValue": 340.0
  }, {
    "metricName": "com.google.calories.expended",
    "floatValue": 1334.9259403058625
  }, {
    "metricName": "com.google.step_count.delta",
    "intValue": 3366
  }, {
    "metricName": "com.google.distance.delta",
    "floatValue": 2336.78734156141
  }, {
    "metricName": "com.google.speed.summary",
    "floatValue": 0.5726056241980644
  }, {
    "metricName": "com.google.active_minutes",
    "intValue": 171
  }]
}