{
  "fitnessActivity": "weightlifting",
  "startTime": "2023-03-06T09:33:42.397Z",
  "endTime": "2023-03-06T11:32:14.384Z",
  "duration": "7111.987s",
  "segment": [{
    "fitnessActivity": "weightlifting",
    "startTime": "2023-03-06T09:33:42.397Z",
    "endTime": "2023-03-06T11:32:14.384Z"
  }],
  "aggregate": [{
    "metricName": "com.google.heart_minutes.summary",
    "floatValue": 236.0
  }, {
    "metricName": "com.google.calories.expended",
    "floatValue": 865.2917516666666
  }, {
    "metricName": "com.google.active_minutes",
    "intValue": 118
  }]
}