{
  "fitnessActivity": "walking",
  "startTime": "2023-05-10T15:00:57.369Z",
  "endTime": "2023-05-10T15:13:54.561Z",
  "duration": "777.192s",
  "segment": [{
    "fitnessActivity": "walking",
    "startTime": "2023-05-10T15:00:57.369Z",
    "endTime": "2023-05-10T15:08:01.021Z"
  }, {
    "fitnessActivity": "walking",
    "startTime": "2023-05-10T15:08:01.021Z",
    "endTime": "2023-05-10T15:13:54.561Z"
  }],
  "aggregate": [{
    "metricName": "com.google.heart_minutes.summary",
    "floatValue": 11.0
  }, {
    "metricName": "com.google.calories.expended",
    "floatValue": 63.988808
  }, {
    "metricName": "com.google.step_count.delta",
    "intValue": 1333
  }, {
    "metricName": "com.google.distance.delta",
    "floatValue": 1037.8383532849984
  }, {
    "metricName": "com.google.speed.summary",
    "floatValue": 1.336248272838386
  }, {
    "metricName": "com.google.active_minutes",
    "intValue": 12
  }]
}