{
  "fitnessActivity": "walking",
  "startTime": "2023-09-05T01:28:31.747Z",
  "endTime": "2023-09-05T01:49:13.873Z",
  "duration": "574.116s",
  "segment": [{
    "fitnessActivity": "walking",
    "startTime": "2023-09-05T01:28:31.747Z",
    "endTime": "2023-09-05T01:28:34.072Z"
  }, {
    "fitnessActivity": "walking",
    "startTime": "2023-09-05T01:28:34.072Z",
    "endTime": "2023-09-05T01:29:34.389Z"
  }, {
    "fitnessActivity": "walking",
    "startTime": "2023-09-05T01:36:04.593Z",
    "endTime": "2023-09-05T01:38:38.435Z"
  }, {
    "fitnessActivity": "walking",
    "startTime": "2023-09-05T01:43:16.241Z",
    "endTime": "2023-09-05T01:49:07.596Z"
  }, {
    "fitnessActivity": "walking",
    "startTime": "2023-09-05T01:49:07.596Z",
    "endTime": "2023-09-05T01:49:13.873Z"
  }],
  "aggregate": [{
    "metricName": "com.google.heart_minutes.summary",
    "floatValue": 4.0
  }, {
    "metricName": "com.google.calories.expended",
    "floatValue": 61.10551595960271
  }, {
    "metricName": "com.google.step_count.delta",
    "intValue": 795
  }, {
    "metricName": "com.google.distance.delta",
    "floatValue": 604.1053603833094
  }, {
    "metricName": "com.google.speed.summary",
    "floatValue": 0.7528834400171481
  }, {
    "metricName": "com.google.active_minutes",
    "intValue": 10
  }]
}