{
  "fitnessActivity": "walking",
  "startTime": "2023-05-31T20:40:19.359Z",
  "endTime": "2023-05-31T21:05:05.434Z",
  "duration": "1302.487s",
  "segment": [{
    "fitnessActivity": "walking",
    "startTime": "2023-05-31T20:40:19.359Z",
    "endTime": "2023-05-31T20:41:46.308Z"
  }, {
    "fitnessActivity": "walking",
    "startTime": "2023-05-31T20:41:46.308Z",
    "endTime": "2023-05-31T20:52:22.750Z"
  }, {
    "fitnessActivity": "walking",
    "startTime": "2023-05-31T20:55:26.338Z",
    "endTime": "2023-05-31T21:05:05.434Z"
  }],
  "aggregate": [{
    "metricName": "com.google.heart_minutes.summary",
    "floatValue": 6.0
  }, {
    "metricName": "com.google.calories.expended",
    "floatValue": 110.88110837622476
  }, {
    "metricName": "com.google.step_count.delta",
    "intValue": 1916
  }, {
    "metricName": "com.google.distance.delta",
    "floatValue": 1492.8793976170593
  }, {
    "metricName": "com.google.speed.summary",
    "floatValue": 1.097037523997584
  }, {
    "metricName": "com.google.active_minutes",
    "intValue": 21
  }]
}