{
  "fitnessActivity": "walking",
  "startTime": "2023-09-28T10:10:24.900Z",
  "endTime": "2023-09-28T10:26:01.261Z",
  "duration": "936.361s",
  "segment": [{
    "fitnessActivity": "walking",
    "startTime": "2023-09-28T10:10:24.900Z",
    "endTime": "2023-09-28T10:26:01.261Z"
  }],
  "aggregate": [{
    "metricName": "com.google.heart_minutes.summary",
    "floatValue": 6.0
  }, {
    "metricName": "com.google.calories.expended",
    "floatValue": 77.93384472240574
  }, {
    "metricName": "com.google.step_count.delta",
    "intValue": 1137
  }, {
    "metricName": "com.google.distance.delta",
    "floatValue": 865.3329515701301
  }, {
    "metricName": "com.google.speed.summary",
    "floatValue": 0.9327990529637539
  }, {
    "metricName": "com.google.active_minutes",
    "intValue": 15
  }]
}