{
  "fitnessActivity": "walking",
  "startTime": "2023-08-26T13:58:57.418Z",
  "endTime": "2023-08-26T14:12:20.003Z",
  "duration": "802.585s",
  "segment": [{
    "fitnessActivity": "walking",
    "startTime": "2023-08-26T13:58:57.418Z",
    "endTime": "2023-08-26T13:59:27.262Z"
  }, {
    "fitnessActivity": "walking",
    "startTime": "2023-08-26T13:59:27.262Z",
    "endTime": "2023-08-26T14:12:20.003Z"
  }],
  "aggregate": [{
    "metricName": "com.google.heart_minutes.summary",
    "floatValue": 11.0
  }, {
    "metricName": "com.google.calories.expended",
    "floatValue": 66.79953492813347
  }, {
    "metricName": "com.google.step_count.delta",
    "intValue": 1307
  }, {
    "metricName": "com.google.distance.delta",
    "floatValue": 1051.3466461802732
  }, {
    "metricName": "com.google.speed.summary",
    "floatValue": 1.341678446757757
  }, {
    "metricName": "com.google.active_minutes",
    "intValue": 14
  }]
}