{
  "fitnessActivity": "weightlifting",
  "startTime": "2023-03-22T08:25:39.695Z",
  "endTime": "2023-03-22T11:35:30.262Z",
  "duration": "11390.567s",
  "segment": [{
    "fitnessActivity": "weightlifting",
    "startTime": "2023-03-22T08:25:39.695Z",
    "endTime": "2023-03-22T11:35:30.262Z"
  }],
  "aggregate": [{
    "metricName": "com.google.heart_minutes.summary",
    "floatValue": 378.0
  }, {
    "metricName": "com.google.calories.expended",
    "floatValue": 1385.8523183333336
  }, {
    "metricName": "com.google.active_minutes",
    "intValue": 189
  }]
}