{
  "fitnessActivity": "biking",
  "startTime": "2023-07-19T06:04:48.104Z",
  "endTime": "2023-07-19T06:30:34.482Z",
  "duration": "1546.378s",
  "segment": [{
    "fitnessActivity": "biking",
    "startTime": "2023-07-19T06:04:48.104Z",
    "endTime": "2023-07-19T06:30:34.482Z"
  }],
  "aggregate": [{
    "metricName": "com.google.heart_minutes.summary",
    "floatValue": 47.0
  }, {
    "metricName": "com.google.calories.expended",
    "floatValue": 204.0
  }, {
    "metricName": "com.google.distance.delta",
    "floatValue": 7266.0
  }, {
    "metricName": "com.google.speed.summary",
    "floatValue": 5.339106216822881
  }, {
    "metricName": "com.google.active_minutes",
    "intValue": 26
  }]
}