{
  "fitnessActivity": "walking",
  "startTime": "2023-09-15T12:21:20.158Z",
  "endTime": "2023-09-15T12:38:41.185Z",
  "duration": "1041.027s",
  "segment": [{
    "fitnessActivity": "walking",
    "startTime": "2023-09-15T12:21:20.158Z",
    "endTime": "2023-09-15T12:36:24.777Z"
  }, {
    "fitnessActivity": "walking",
    "startTime": "2023-09-15T12:36:24.777Z",
    "endTime": "2023-09-15T12:38:41.185Z"
  }],
  "aggregate": [{
    "metricName": "com.google.heart_minutes.summary",
    "floatValue": 5.0
  }, {
    "metricName": "com.google.calories.expended",
    "floatValue": 86.64525388160322
  }, {
    "metricName": "com.google.step_count.delta",
    "intValue": 1353
  }, {
    "metricName": "com.google.distance.delta",
    "floatValue": 978.2771081703772
  }, {
    "metricName": "com.google.speed.summary",
    "floatValue": 1.0214469702838058
  }, {
    "metricName": "com.google.active_minutes",
    "intValue": 16
  }]
}