{
  "fitnessActivity": "biking",
  "startTime": "2023-07-17T16:48:48.716Z",
  "endTime": "2023-07-17T17:35:12.551Z",
  "duration": "2783.835s",
  "segment": [{
    "fitnessActivity": "biking",
    "startTime": "2023-07-17T16:48:48.716Z",
    "endTime": "2023-07-17T17:35:12.551Z"
  }],
  "aggregate": [{
    "metricName": "com.google.heart_minutes.summary",
    "floatValue": 46.0
  }, {
    "metricName": "com.google.calories.expended",
    "floatValue": 242.96694193954468
  }, {
    "metricName": "com.google.distance.delta",
    "floatValue": 9144.87495869332
  }, {
    "metricName": "com.google.speed.summary",
    "floatValue": 3.332381173312629
  }, {
    "metricName": "com.google.active_minutes",
    "intValue": 47
  }]
}