{
  "fitnessActivity": "walking",
  "startTime": "2023-09-21T09:16:04.556Z",
  "endTime": "2023-09-21T10:21:23.435Z",
  "duration": "2688.907s",
  "segment": [{
    "fitnessActivity": "walking",
    "startTime": "2023-09-21T09:16:04.556Z",
    "endTime": "2023-09-21T09:16:54.319Z"
  }, {
    "fitnessActivity": "walking",
    "startTime": "2023-09-21T09:16:54.319Z",
    "endTime": "2023-09-21T09:27:42.286Z"
  }, {
    "fitnessActivity": "walking",
    "startTime": "2023-09-21T09:40:29.513Z",
    "endTime": "2023-09-21T09:53:29.912Z"
  }, {
    "fitnessActivity": "walking",
    "startTime": "2023-09-21T10:01:12.657Z",
    "endTime": "2023-09-21T10:21:23.435Z"
  }],
  "aggregate": [{
    "metricName": "com.google.heart_minutes.summary",
    "floatValue": 14.0
  }, {
    "metricName": "com.google.calories.expended",
    "floatValue": 248.32747475181486
  }, {
    "metricName": "com.google.step_count.delta",
    "intValue": 3731
  }, {
    "metricName": "com.google.distance.delta",
    "floatValue": 2838.032452261311
  }, {
    "metricName": "com.google.speed.summary",
    "floatValue": 0.9480450519899796
  }, {
    "metricName": "com.google.active_minutes",
    "intValue": 48
  }]
}