{
  "fitnessActivity": "walking",
  "startTime": "2023-05-08T19:44:30.358Z",
  "endTime": "2023-05-08T20:01:39.910Z",
  "duration": "1029.552s",
  "segment": [{
    "fitnessActivity": "walking",
    "startTime": "2023-05-08T19:44:30.358Z",
    "endTime": "2023-05-08T20:01:39.910Z"
  }],
  "aggregate": [{
    "metricName": "com.google.heart_minutes.summary",
    "floatValue": 3.0
  }, {
    "metricName": "com.google.calories.expended",
    "floatValue": 84.766448
  }, {
    "metricName": "com.google.step_count.delta",
    "intValue": 1191
  }, {
    "metricName": "com.google.distance.delta",
    "floatValue": 891.8585278468228
  }, {
    "metricName": "com.google.speed.summary",
    "floatValue": 1.1652933341299165
  }, {
    "metricName": "com.google.active_minutes",
    "intValue": 14
  }]
}