{
  "fitnessActivity": "walking",
  "startTime": "2023-04-26T14:57:54.534Z",
  "endTime": "2023-04-26T15:10:06.380Z",
  "duration": "731.846s",
  "segment": [{
    "fitnessActivity": "walking",
    "startTime": "2023-04-26T14:57:54.534Z",
    "endTime": "2023-04-26T15:05:58.322Z"
  }, {
    "fitnessActivity": "walking",
    "startTime": "2023-04-26T15:05:58.322Z",
    "endTime": "2023-04-26T15:09:38.307Z"
  }, {
    "fitnessActivity": "walking",
    "startTime": "2023-04-26T15:09:38.307Z",
    "endTime": "2023-04-26T15:10:06.380Z"
  }],
  "aggregate": [{
    "metricName": "com.google.heart_minutes.summary",
    "floatValue": 11.0
  }, {
    "metricName": "com.google.calories.expended",
    "floatValue": 60.25532066666667
  }, {
    "metricName": "com.google.step_count.delta",
    "intValue": 1281
  }, {
    "metricName": "com.google.distance.delta",
    "floatValue": 1000.7115472178103
  }, {
    "metricName": "com.google.speed.summary",
    "floatValue": 1.4074671935644985
  }, {
    "metricName": "com.google.active_minutes",
    "intValue": 12
  }]
}