{
  "fitnessActivity": "weightlifting",
  "startTime": "2023-02-18T10:46:54.814Z",
  "endTime": "2023-02-18T13:46:02.668Z",
  "duration": "10747.854s",
  "segment": [{
    "fitnessActivity": "weightlifting",
    "startTime": "2023-02-18T10:46:54.814Z",
    "endTime": "2023-02-18T13:46:02.668Z"
  }],
  "aggregate": [{
    "metricName": "com.google.heart_minutes.summary",
    "floatValue": 358.0
  }, {
    "metricName": "com.google.calories.expended",
    "floatValue": 1307.6555700000001
  }, {
    "metricName": "com.google.active_minutes",
    "intValue": 179
  }]
}