{
  "fitnessActivity": "walking",
  "startTime": "2023-09-08T08:14:41.694Z",
  "endTime": "2023-09-08T09:08:51.668Z",
  "duration": "3239.887s",
  "segment": [{
    "fitnessActivity": "walking",
    "startTime": "2023-09-08T08:14:41.694Z",
    "endTime": "2023-09-08T08:52:00.002Z"
  }, {
    "fitnessActivity": "walking",
    "startTime": "2023-09-08T08:52:00.002Z",
    "endTime": "2023-09-08T08:55:57.695Z"
  }, {
    "fitnessActivity": "walking",
    "startTime": "2023-09-08T08:56:07.782Z",
    "endTime": "2023-09-08T09:08:51.668Z"
  }],
  "aggregate": [{
    "metricName": "com.google.heart_minutes.summary",
    "floatValue": 16.0
  }, {
    "metricName": "com.google.calories.expended",
    "floatValue": 269.85880687585717
  }, {
    "metricName": "com.google.step_count.delta",
    "intValue": 3290
  }, {
    "metricName": "com.google.distance.delta",
    "floatValue": 2263.4810922724178
  }, {
    "metricName": "com.google.speed.summary",
    "floatValue": 0.8175549984750747
  }, {
    "metricName": "com.google.active_minutes",
    "intValue": 43
  }]
}