{
  "fitnessActivity": "walking",
  "startTime": "2023-09-04T23:52:12.372Z",
  "endTime": "2023-09-05T00:55:49.298Z",
  "duration": "2648.524s",
  "segment": [{
    "fitnessActivity": "walking",
    "startTime": "2023-09-04T23:52:12.372Z",
    "endTime": "2023-09-05T00:01:17.970Z"
  }, {
    "fitnessActivity": "walking",
    "startTime": "2023-09-05T00:01:17.970Z",
    "endTime": "2023-09-05T00:01:31.998Z"
  }, {
    "fitnessActivity": "walking",
    "startTime": "2023-09-05T00:09:32.174Z",
    "endTime": "2023-09-05T00:12:38.836Z"
  }, {
    "fitnessActivity": "walking",
    "startTime": "2023-09-05T00:12:38.836Z",
    "endTime": "2023-09-05T00:13:17.925Z"
  }, {
    "fitnessActivity": "walking",
    "startTime": "2023-09-05T00:17:02.291Z",
    "endTime": "2023-09-05T00:17:10.858Z"
  }, {
    "fitnessActivity": "walking",
    "startTime": "2023-09-05T00:17:10.858Z",
    "endTime": "2023-09-05T00:20:28.650Z"
  }, {
    "fitnessActivity": "walking",
    "startTime": "2023-09-05T00:23:06.050Z",
    "endTime": "2023-09-05T00:24:04.491Z"
  }, {
    "fitnessActivity": "walking",
    "startTime": "2023-09-05T00:26:05.484Z",
    "endTime": "2023-09-05T00:38:21.367Z"
  }, {
    "fitnessActivity": "walking",
    "startTime": "2023-09-05T00:38:21.367Z",
    "endTime": "2023-09-05T00:38:24.096Z"
  }, {
    "fitnessActivity": "walking",
    "startTime": "2023-09-05T00:41:29.563Z",
    "endTime": "2023-09-05T00:55:49.298Z"
  }],
  "aggregate": [{
    "metricName": "com.google.heart_minutes.summary",
    "floatValue": 26.0
  }, {
    "metricName": "com.google.calories.expended",
    "floatValue": 243.73855940150364
  }, {
    "metricName": "com.google.step_count.delta",
    "intValue": 4016
  }, {
    "metricName": "com.google.distance.delta",
    "floatValue": 2403.9485606873723
  }, {
    "metricName": "com.google.speed.summary",
    "floatValue": 0.8858545240137423
  }, {
    "metricName": "com.google.active_minutes",
    "intValue": 42
  }]
}