{
  "fitnessActivity": "walking",
  "startTime": "2023-08-07T20:46:45.450Z",
  "endTime": "2023-08-07T21:07:09.849Z",
  "duration": "1186.819s",
  "segment": [{
    "fitnessActivity": "walking",
    "startTime": "2023-08-07T20:46:45.450Z",
    "endTime": "2023-08-07T20:47:21.725Z"
  }, {
    "fitnessActivity": "walking",
    "startTime": "2023-08-07T20:47:21.725Z",
    "endTime": "2023-08-07T20:49:28.145Z"
  }, {
    "fitnessActivity": "walking",
    "startTime": "2023-08-07T20:49:28.145Z",
    "endTime": "2023-08-07T20:49:53.550Z"
  }, {
    "fitnessActivity": "walking",
    "startTime": "2023-08-07T20:50:31.130Z",
    "endTime": "2023-08-07T20:52:33.660Z"
  }, {
    "fitnessActivity": "walking",
    "startTime": "2023-08-07T20:52:33.660Z",
    "endTime": "2023-08-07T21:07:09.849Z"
  }],
  "aggregate": [{
    "metricName": "com.google.heart_minutes.summary",
    "floatValue": 8.0
  }, {
    "metricName": "com.google.calories.expended",
    "floatValue": 99.52898615843814
  }, {
    "metricName": "com.google.step_count.delta",
    "intValue": 1736
  }, {
    "metricName": "com.google.distance.delta",
    "floatValue": 1269.8286260866996
  }, {
    "metricName": "com.google.speed.summary",
    "floatValue": 1.0715275180651485
  }, {
    "metricName": "com.google.active_minutes",
    "intValue": 21
  }]
}