{
  "fitnessActivity": "walking",
  "startTime": "2023-09-21T10:54:09.682Z",
  "endTime": "2023-09-21T11:53:23.163Z",
  "duration": "2622.773s",
  "segment": [{
    "fitnessActivity": "walking",
    "startTime": "2023-09-21T10:54:09.682Z",
    "endTime": "2023-09-21T10:54:37.498Z"
  }, {
    "fitnessActivity": "walking",
    "startTime": "2023-09-21T10:54:37.498Z",
    "endTime": "2023-09-21T11:08:38.677Z"
  }, {
    "fitnessActivity": "walking",
    "startTime": "2023-09-21T11:08:38.677Z",
    "endTime": "2023-09-21T11:09:39.630Z"
  }, {
    "fitnessActivity": "walking",
    "startTime": "2023-09-21T11:11:30.394Z",
    "endTime": "2023-09-21T11:12:06.107Z"
  }, {
    "fitnessActivity": "walking",
    "startTime": "2023-09-21T11:12:06.107Z",
    "endTime": "2023-09-21T11:21:15.228Z"
  }, {
    "fitnessActivity": "walking",
    "startTime": "2023-09-21T11:21:15.228Z",
    "endTime": "2023-09-21T11:21:33.649Z"
  }, {
    "fitnessActivity": "walking",
    "startTime": "2023-09-21T11:24:37.594Z",
    "endTime": "2023-09-21T11:26:17.512Z"
  }, {
    "fitnessActivity": "walking",
    "startTime": "2023-09-21T11:26:17.512Z",
    "endTime": "2023-09-21T11:31:22.479Z"
  }, {
    "fitnessActivity": "walking",
    "startTime": "2023-09-21T11:38:01.774Z",
    "endTime": "2023-09-21T11:48:47.704Z"
  }, {
    "fitnessActivity": "walking",
    "startTime": "2023-09-21T11:48:47.704Z",
    "endTime": "2023-09-21T11:48:55.936Z"
  }, {
    "fitnessActivity": "walking",
    "startTime": "2023-09-21T11:52:52.640Z",
    "endTime": "2023-09-21T11:53:23.089Z"
  }, {
    "fitnessActivity": "walking",
    "startTime": "2023-09-21T11:53:23.089Z",
    "endTime": "2023-09-21T11:53:23.163Z"
  }],
  "aggregate": [{
    "metricName": "com.google.heart_minutes.summary",
    "floatValue": 12.0
  }, {
    "metricName": "com.google.calories.expended",
    "floatValue": 236.85509462783716
  }, {
    "metricName": "com.google.step_count.delta",
    "intValue": 4093
  }, {
    "metricName": "com.google.distance.delta",
    "floatValue": 1984.3985111020647
  }, {
    "metricName": "com.google.speed.summary",
    "floatValue": 0.8722502482927706
  }, {
    "metricName": "com.google.active_minutes",
    "intValue": 50
  }]
}