{
  "fitnessActivity": "walking",
  "startTime": "2023-06-03T14:26:28.575Z",
  "endTime": "2023-06-03T15:38:36.752Z",
  "duration": "1839.616s",
  "segment": [{
    "fitnessActivity": "walking",
    "startTime": "2023-06-03T14:26:28.575Z",
    "endTime": "2023-06-03T14:28:59.934Z"
  }, {
    "fitnessActivity": "walking",
    "startTime": "2023-06-03T14:28:59.934Z",
    "endTime": "2023-06-03T14:30:18.740Z"
  }, {
    "fitnessActivity": "walking",
    "startTime": "2023-06-03T14:34:08.374Z",
    "endTime": "2023-06-03T14:35:03.411Z"
  }, {
    "fitnessActivity": "walking",
    "startTime": "2023-06-03T14:35:03.411Z",
    "endTime": "2023-06-03T14:36:34.025Z"
  }, {
    "fitnessActivity": "walking",
    "startTime": "2023-06-03T14:47:16.041Z",
    "endTime": "2023-06-03T14:54:19.361Z"
  }, {
    "fitnessActivity": "walking",
    "startTime": "2023-06-03T15:03:21.013Z",
    "endTime": "2023-06-03T15:03:27.029Z"
  }, {
    "fitnessActivity": "walking",
    "startTime": "2023-06-03T15:03:27.029Z",
    "endTime": "2023-06-03T15:03:57.104Z"
  }, {
    "fitnessActivity": "walking",
    "startTime": "2023-06-03T15:05:58.243Z",
    "endTime": "2023-06-03T15:07:29.115Z"
  }, {
    "fitnessActivity": "walking",
    "startTime": "2023-06-03T15:13:01.841Z",
    "endTime": "2023-06-03T15:15:33.315Z"
  }, {
    "fitnessActivity": "walking",
    "startTime": "2023-06-03T15:20:49.940Z",
    "endTime": "2023-06-03T15:26:52.661Z"
  }, {
    "fitnessActivity": "walking",
    "startTime": "2023-06-03T15:31:57.430Z",
    "endTime": "2023-06-03T15:38:36.752Z"
  }],
  "aggregate": [{
    "metricName": "com.google.heart_minutes.summary",
    "floatValue": 2.0
  }, {
    "metricName": "com.google.calories.expended",
    "floatValue": 200.84405595434586
  }, {
    "metricName": "com.google.step_count.delta",
    "intValue": 2260
  }, {
    "metricName": "com.google.distance.delta",
    "floatValue": 1542.4659998295497
  }, {
    "metricName": "com.google.speed.summary",
    "floatValue": 0.5653796619551936
  }, {
    "metricName": "com.google.active_minutes",
    "intValue": 33
  }]
}