{
  "fitnessActivity": "walking",
  "startTime": "2023-06-28T06:05:22.233Z",
  "endTime": "2023-06-28T06:17:16.542Z",
  "duration": "714.309s",
  "segment": [{
    "fitnessActivity": "walking",
    "startTime": "2023-06-28T06:05:22.233Z",
    "endTime": "2023-06-28T06:05:37.329Z"
  }, {
    "fitnessActivity": "walking",
    "startTime": "2023-06-28T06:05:37.329Z",
    "endTime": "2023-06-28T06:17:16.542Z"
  }],
  "aggregate": [{
    "metricName": "com.google.heart_minutes.summary",
    "floatValue": 9.0
  }, {
    "metricName": "com.google.calories.expended",
    "floatValue": 58.81138712810523
  }, {
    "metricName": "com.google.step_count.delta",
    "intValue": 1225
  }, {
    "metricName": "com.google.distance.delta",
    "floatValue": 1006.7979462176573
  }, {
    "metricName": "com.google.speed.summary",
    "floatValue": 1.6634106497069991
  }, {
    "metricName": "com.google.active_minutes",
    "intValue": 11
  }]
}