{
  "fitnessActivity": "weightlifting",
  "startTime": "2023-06-10T09:48:50.095Z",
  "endTime": "2023-06-10T12:08:42.444Z",
  "duration": "8392.349s",
  "segment": [{
    "fitnessActivity": "weightlifting",
    "startTime": "2023-06-10T09:48:50.095Z",
    "endTime": "2023-06-10T12:08:42.444Z"
  }],
  "aggregate": [{
    "metricName": "com.google.heart_minutes.summary",
    "floatValue": 278.0
  }, {
    "metricName": "com.google.calories.expended",
    "floatValue": 1091.007290856247
  }, {
    "metricName": "com.google.step_count.delta",
    "intValue": 2200
  }, {
    "metricName": "com.google.distance.delta",
    "floatValue": 1472.307990891353
  }, {
    "metricName": "com.google.speed.summary",
    "floatValue": 0.49145747219629005
  }, {
    "metricName": "com.google.active_minutes",
    "intValue": 140
  }]
}