{
  "fitnessActivity": "walking",
  "startTime": "2023-09-29T10:10:05.343Z",
  "endTime": "2023-09-29T10:49:24.949Z",
  "duration": "2359.606s",
  "segment": [{
    "fitnessActivity": "walking",
    "startTime": "2023-09-29T10:10:05.343Z",
    "endTime": "2023-09-29T10:17:21.488Z"
  }, {
    "fitnessActivity": "walking",
    "startTime": "2023-09-29T10:17:21.488Z",
    "endTime": "2023-09-29T10:18:13.174Z"
  }, {
    "fitnessActivity": "walking",
    "startTime": "2023-09-29T10:18:13.174Z",
    "endTime": "2023-09-29T10:46:28.120Z"
  }, {
    "fitnessActivity": "walking",
    "startTime": "2023-09-29T10:46:28.120Z",
    "endTime": "2023-09-29T10:49:24.949Z"
  }],
  "aggregate": [{
    "metricName": "com.google.heart_minutes.summary",
    "floatValue": 12.0
  }, {
    "metricName": "com.google.calories.expended",
    "floatValue": 196.3913144717229
  }, {
    "metricName": "com.google.step_count.delta",
    "intValue": 2639
  }, {
    "metricName": "com.google.distance.delta",
    "floatValue": 1940.25404424853
  }, {
    "metricName": "com.google.speed.summary",
    "floatValue": 0.9085757725782091
  }, {
    "metricName": "com.google.active_minutes",
    "intValue": 33
  }]
}