{
  "fitnessActivity": "walking",
  "startTime": "2023-09-14T10:34:31.352Z",
  "endTime": "2023-09-14T10:59:21.670Z",
  "duration": "1315.093s",
  "segment": [{
    "fitnessActivity": "walking",
    "startTime": "2023-09-14T10:34:31.352Z",
    "endTime": "2023-09-14T10:37:01.935Z"
  }, {
    "fitnessActivity": "walking",
    "startTime": "2023-09-14T10:39:57.160Z",
    "endTime": "2023-09-14T10:41:06.359Z"
  }, {
    "fitnessActivity": "walking",
    "startTime": "2023-09-14T10:41:06.359Z",
    "endTime": "2023-09-14T10:59:21.670Z"
  }],
  "aggregate": [{
    "metricName": "com.google.heart_minutes.summary",
    "floatValue": 2.0
  }, {
    "metricName": "com.google.calories.expended",
    "floatValue": 112.95027476690677
  }, {
    "metricName": "com.google.step_count.delta",
    "intValue": 1396
  }, {
    "metricName": "com.google.distance.delta",
    "floatValue": 907.1146484163415
  }, {
    "metricName": "com.google.speed.summary",
    "floatValue": 0.7500413661417418
  }, {
    "metricName": "com.google.active_minutes",
    "intValue": 19
  }]
}