{
  "fitnessActivity": "weightlifting",
  "startTime": "2023-06-03T09:27:46.894Z",
  "endTime": "2023-06-03T11:48:52.795Z",
  "duration": "8465.901s",
  "segment": [{
    "fitnessActivity": "weightlifting",
    "startTime": "2023-06-03T09:27:46.894Z",
    "endTime": "2023-06-03T11:48:52.795Z"
  }],
  "aggregate": [{
    "metricName": "com.google.heart_minutes.summary",
    "floatValue": 280.0
  }, {
    "metricName": "com.google.calories.expended",
    "floatValue": 1100.5690676909637
  }, {
    "metricName": "com.google.step_count.delta",
    "intValue": 1805
  }, {
    "metricName": "com.google.distance.delta",
    "floatValue": 1082.6362728348488
  }, {
    "metricName": "com.google.speed.summary",
    "floatValue": 0.812123049549716
  }, {
    "metricName": "com.google.active_minutes",
    "intValue": 140
  }]
}