{
  "fitnessActivity": "walking",
  "startTime": "2023-06-23T13:23:41.325Z",
  "endTime": "2023-06-23T13:40:20.063Z",
  "duration": "998.738s",
  "segment": [{
    "fitnessActivity": "walking",
    "startTime": "2023-06-23T13:23:41.325Z",
    "endTime": "2023-06-23T13:40:20.063Z"
  }],
  "aggregate": [{
    "metricName": "com.google.heart_minutes.summary",
    "floatValue": 11.0
  }, {
    "metricName": "com.google.calories.expended",
    "floatValue": 82.22942866666666
  }, {
    "metricName": "com.google.step_count.delta",
    "intValue": 1533
  }, {
    "metricName": "com.google.distance.delta",
    "floatValue": 1165.9028547273942
  }, {
    "metricName": "com.google.speed.summary",
    "floatValue": 1.2436076272095213
  }, {
    "metricName": "com.google.active_minutes",
    "intValue": 17
  }]
}