{
  "fitnessActivity": "weightlifting",
  "startTime": "2023-08-26T15:18:23.956Z",
  "endTime": "2023-08-26T17:01:31.571Z",
  "duration": "6187.615s",
  "segment": [{
    "fitnessActivity": "weightlifting",
    "startTime": "2023-08-26T15:18:23.956Z",
    "endTime": "2023-08-26T17:01:31.571Z"
  }],
  "aggregate": [{
    "metricName": "com.google.heart_minutes.summary",
    "floatValue": 205.0
  }, {
    "metricName": "com.google.calories.expended",
    "floatValue": 813.155722180748
  }, {
    "metricName": "com.google.step_count.delta",
    "intValue": 3020
  }, {
    "metricName": "com.google.distance.delta",
    "floatValue": 918.507233286812
  }, {
    "metricName": "com.google.speed.summary",
    "floatValue": 0.4752806348053544
  }, {
    "metricName": "com.google.active_minutes",
    "intValue": 103
  }]
}