{
  "fitnessActivity": "walking",
  "startTime": "2023-09-22T11:19:22.694Z",
  "endTime": "2023-09-22T11:33:26.936Z",
  "duration": "278.575s",
  "segment": [{
    "fitnessActivity": "walking",
    "startTime": "2023-09-22T11:19:22.694Z",
    "endTime": "2023-09-22T11:20:59.336Z"
  }, {
    "fitnessActivity": "walking",
    "startTime": "2023-09-22T11:20:59.336Z",
    "endTime": "2023-09-22T11:21:53.388Z"
  }, {
    "fitnessActivity": "walking",
    "startTime": "2023-09-22T11:23:08.506Z",
    "endTime": "2023-09-22T11:25:15.201Z"
  }, {
    "fitnessActivity": "walking",
    "startTime": "2023-09-22T11:33:25.750Z",
    "endTime": "2023-09-22T11:33:26.936Z"
  }],
  "aggregate": [{
    "metricName": "com.google.heart_minutes.summary",
    "floatValue": 1.0
  }, {
    "metricName": "com.google.calories.expended",
    "floatValue": 34.46651953623228
  }, {
    "metricName": "com.google.step_count.delta",
    "intValue": 738
  }, {
    "metricName": "com.google.distance.delta",
    "floatValue": 483.27052465964323
  }, {
    "metricName": "com.google.speed.summary",
    "floatValue": 0.6262416566830118
  }, {
    "metricName": "com.google.active_minutes",
    "intValue": 12
  }]
}