{
  "fitnessActivity": "weightlifting",
  "startTime": "2023-04-04T08:22:31.216Z",
  "endTime": "2023-04-04T10:18:43.026Z",
  "duration": "6971.810s",
  "segment": [{
    "fitnessActivity": "weightlifting",
    "startTime": "2023-04-04T08:22:31.216Z",
    "endTime": "2023-04-04T10:18:43.026Z"
  }],
  "aggregate": [{
    "metricName": "com.google.heart_minutes.summary",
    "floatValue": 230.0
  }, {
    "metricName": "com.google.calories.expended",
    "floatValue": 848.2368833333333
  }, {
    "metricName": "com.google.active_minutes",
    "intValue": 115
  }]
}