{
  "fitnessActivity": "weightlifting",
  "startTime": "2023-05-03T15:30:34.567Z",
  "endTime": "2023-05-03T16:59:56.550Z",
  "duration": "5361.983s",
  "segment": [{
    "fitnessActivity": "weightlifting",
    "startTime": "2023-05-03T15:30:34.567Z",
    "endTime": "2023-05-03T16:59:56.550Z"
  }],
  "aggregate": [{
    "metricName": "com.google.heart_minutes.summary",
    "floatValue": 176.0
  }, {
    "metricName": "com.google.calories.expended",
    "floatValue": 697.0577900000001
  }, {
    "metricName": "com.google.step_count.delta",
    "intValue": 1514
  }, {
    "metricName": "com.google.distance.delta",
    "floatValue": 937.3561026372898
  }, {
    "metricName": "com.google.speed.summary",
    "floatValue": 0.5198230859758086
  }, {
    "metricName": "com.google.active_minutes",
    "intValue": 88
  }]
}