{
  "fitnessActivity": "weightlifting",
  "startTime": "2023-08-16T11:32:07.142Z",
  "endTime": "2023-08-16T12:57:22.935Z",
  "duration": "5115.793s",
  "segment": [{
    "fitnessActivity": "weightlifting",
    "startTime": "2023-08-16T11:32:07.142Z",
    "endTime": "2023-08-16T12:57:22.935Z"
  }],
  "aggregate": [{
    "metricName": "com.google.heart_minutes.summary",
    "floatValue": 168.0
  }, {
    "metricName": "com.google.calories.expended",
    "floatValue": 672.3004504065323
  }, {
    "metricName": "com.google.step_count.delta",
    "intValue": 1584
  }, {
    "metricName": "com.google.distance.delta",
    "floatValue": 907.3315351040146
  }, {
    "metricName": "com.google.speed.summary",
    "floatValue": 0.5086960729200442
  }, {
    "metricName": "com.google.active_minutes",
    "intValue": 85
  }]
}