{
  "fitnessActivity": "weightlifting",
  "startTime": "2023-06-22T14:08:40.340Z",
  "endTime": "2023-06-22T15:45:43.859Z",
  "duration": "5823.519s",
  "segment": [{
    "fitnessActivity": "weightlifting",
    "startTime": "2023-06-22T14:08:40.340Z",
    "endTime": "2023-06-22T15:45:43.859Z"
  }],
  "aggregate": [{
    "metricName": "com.google.heart_minutes.summary",
    "floatValue": 192.0
  }, {
    "metricName": "com.google.calories.expended",
    "floatValue": 757.0588028977203
  }, {
    "metricName": "com.google.step_count.delta",
    "intValue": 2769
  }, {
    "metricName": "com.google.distance.delta",
    "floatValue": 1605.810970978849
  }, {
    "metricName": "com.google.speed.summary",
    "floatValue": 0.8784459347734054
  }, {
    "metricName": "com.google.active_minutes",
    "intValue": 96
  }]
}