{
  "fitnessActivity": "walking",
  "startTime": "2023-05-17T13:03:46.563Z",
  "endTime": "2023-05-17T13:15:58.352Z",
  "duration": "731.789s",
  "segment": [{
    "fitnessActivity": "walking",
    "startTime": "2023-05-17T13:03:46.563Z",
    "endTime": "2023-05-17T13:04:47.455Z"
  }, {
    "fitnessActivity": "running",
    "startTime": "2023-05-17T13:04:47.455Z",
    "endTime": "2023-05-17T13:05:53.122Z"
  }, {
    "fitnessActivity": "walking",
    "startTime": "2023-05-17T13:05:53.122Z",
    "endTime": "2023-05-17T13:09:55.208Z"
  }, {
    "fitnessActivity": "walking",
    "startTime": "2023-05-17T13:09:55.208Z",
    "endTime": "2023-05-17T13:15:58.352Z"
  }],
  "aggregate": [{
    "metricName": "com.google.heart_minutes.summary",
    "floatValue": 8.0
  }, {
    "metricName": "com.google.calories.expended",
    "floatValue": 65.51492314242097
  }, {
    "metricName": "com.google.step_count.delta",
    "intValue": 1220
  }, {
    "metricName": "com.google.distance.delta",
    "floatValue": 967.1748184812427
  }, {
    "metricName": "com.google.speed.summary",
    "floatValue": 1.3965063534285156
  }, {
    "metricName": "com.google.active_minutes",
    "intValue": 12
  }]
}