{
  "fitnessActivity": "walking",
  "startTime": "2023-04-28T06:51:11.648Z",
  "endTime": "2023-04-28T07:39:07.671Z",
  "duration": "1930.360s",
  "segment": [{
    "fitnessActivity": "walking",
    "startTime": "2023-04-28T06:51:11.648Z",
    "endTime": "2023-04-28T07:00:26.514Z"
  }, {
    "fitnessActivity": "walking",
    "startTime": "2023-04-28T07:09:30.897Z",
    "endTime": "2023-04-28T07:25:09.080Z"
  }, {
    "fitnessActivity": "walking",
    "startTime": "2023-04-28T07:31:50.360Z",
    "endTime": "2023-04-28T07:33:14Z"
  }, {
    "fitnessActivity": "walking",
    "startTime": "2023-04-28T07:33:14Z",
    "endTime": "2023-04-28T07:38:47.041Z"
  }, {
    "fitnessActivity": "walking",
    "startTime": "2023-04-28T07:38:47.041Z",
    "endTime": "2023-04-28T07:39:07.671Z"
  }],
  "aggregate": [{
    "metricName": "com.google.heart_minutes.summary",
    "floatValue": 17.0
  }, {
    "metricName": "com.google.calories.expended",
    "floatValue": 177.69846518977815
  }, {
    "metricName": "com.google.step_count.delta",
    "intValue": 2991
  }, {
    "metricName": "com.google.distance.delta",
    "floatValue": 2266.3222494388256
  }, {
    "metricName": "com.google.speed.summary",
    "floatValue": 1.064317267474396
  }, {
    "metricName": "com.google.active_minutes",
    "intValue": 35
  }]
}