{
  "fitnessActivity": "walking",
  "startTime": "2023-09-19T07:17:54.728Z",
  "endTime": "2023-09-19T08:16:54.180Z",
  "duration": "2020.585s",
  "segment": [{
    "fitnessActivity": "walking",
    "startTime": "2023-09-19T07:17:54.728Z",
    "endTime": "2023-09-19T07:19:25.767Z"
  }, {
    "fitnessActivity": "walking",
    "startTime": "2023-09-19T07:21:25.926Z",
    "endTime": "2023-09-19T07:29:33.810Z"
  }, {
    "fitnessActivity": "walking",
    "startTime": "2023-09-19T07:29:33.810Z",
    "endTime": "2023-09-19T07:31:04.814Z"
  }, {
    "fitnessActivity": "walking",
    "startTime": "2023-09-19T07:31:04.814Z",
    "endTime": "2023-09-19T07:32:30.512Z"
  }, {
    "fitnessActivity": "walking",
    "startTime": "2023-09-19T07:40:45.492Z",
    "endTime": "2023-09-19T07:47:21.012Z"
  }, {
    "fitnessActivity": "walking",
    "startTime": "2023-09-19T07:56:54.344Z",
    "endTime": "2023-09-19T07:58:02.212Z"
  }, {
    "fitnessActivity": "walking",
    "startTime": "2023-09-19T07:58:02.212Z",
    "endTime": "2023-09-19T08:00:39.001Z"
  }, {
    "fitnessActivity": "walking",
    "startTime": "2023-09-19T08:00:39.001Z",
    "endTime": "2023-09-19T08:01:01.611Z"
  }, {
    "fitnessActivity": "walking",
    "startTime": "2023-09-19T08:06:32.007Z",
    "endTime": "2023-09-19T08:16:32.007Z"
  }, {
    "fitnessActivity": "walking",
    "startTime": "2023-09-19T08:16:32.007Z",
    "endTime": "2023-09-19T08:16:54.180Z"
  }],
  "aggregate": [{
    "metricName": "com.google.heart_minutes.summary",
    "floatValue": 12.0
  }, {
    "metricName": "com.google.calories.expended",
    "floatValue": 198.4638323283259
  }, {
    "metricName": "com.google.step_count.delta",
    "intValue": 2819
  }, {
    "metricName": "com.google.distance.delta",
    "floatValue": 2080.1559126782795
  }, {
    "metricName": "com.google.speed.summary",
    "floatValue": 0.8006822295994847
  }, {
    "metricName": "com.google.active_minutes",
    "intValue": 39
  }]
}