{
  "fitnessActivity": "walking",
  "startTime": "2023-08-26T17:01:31.571Z",
  "endTime": "2023-08-26T17:28:44.017Z",
  "duration": "639.463s",
  "segment": [{
    "fitnessActivity": "walking",
    "startTime": "2023-08-26T17:01:31.571Z",
    "endTime": "2023-08-26T17:01:54.428Z"
  }, {
    "fitnessActivity": "walking",
    "startTime": "2023-08-26T17:05:54.133Z",
    "endTime": "2023-08-26T17:13:57.030Z"
  }, {
    "fitnessActivity": "walking",
    "startTime": "2023-08-26T17:23:15.866Z",
    "endTime": "2023-08-26T17:24:18.792Z"
  }, {
    "fitnessActivity": "walking",
    "startTime": "2023-08-26T17:24:18.792Z",
    "endTime": "2023-08-26T17:24:29.384Z"
  }, {
    "fitnessActivity": "walking",
    "startTime": "2023-08-26T17:27:43.826Z",
    "endTime": "2023-08-26T17:28:44.017Z"
  }],
  "aggregate": [{
    "metricName": "com.google.heart_minutes.summary",
    "floatValue": 5.0
  }, {
    "metricName": "com.google.calories.expended",
    "floatValue": 73.02510981973347
  }, {
    "metricName": "com.google.step_count.delta",
    "intValue": 935
  }, {
    "metricName": "com.google.distance.delta",
    "floatValue": 828.0281961013927
  }, {
    "metricName": "com.google.speed.summary",
    "floatValue": 1.2021977339868677
  }, {
    "metricName": "com.google.active_minutes",
    "intValue": 12
  }]
}