{
  "fitnessActivity": "walking",
  "startTime": "2023-09-15T05:18:33.026Z",
  "endTime": "2023-09-15T06:06:36.670Z",
  "duration": "1856.335s",
  "segment": [{
    "fitnessActivity": "walking",
    "startTime": "2023-09-15T05:18:33.026Z",
    "endTime": "2023-09-15T05:20:16.986Z"
  }, {
    "fitnessActivity": "walking",
    "startTime": "2023-09-15T05:20:16.986Z",
    "endTime": "2023-09-15T05:24:02.897Z"
  }, {
    "fitnessActivity": "walking",
    "startTime": "2023-09-15T05:31:38.730Z",
    "endTime": "2023-09-15T05:32:08.816Z"
  }, {
    "fitnessActivity": "walking",
    "startTime": "2023-09-15T05:32:08.816Z",
    "endTime": "2023-09-15T05:32:16.737Z"
  }, {
    "fitnessActivity": "walking",
    "startTime": "2023-09-15T05:38:55.746Z",
    "endTime": "2023-09-15T05:58:33.618Z"
  }, {
    "fitnessActivity": "walking",
    "startTime": "2023-09-15T06:01:26.085Z",
    "endTime": "2023-09-15T06:01:36.497Z"
  }, {
    "fitnessActivity": "walking",
    "startTime": "2023-09-15T06:01:36.497Z",
    "endTime": "2023-09-15T06:06:30.194Z"
  }, {
    "fitnessActivity": "walking",
    "startTime": "2023-09-15T06:06:30.194Z",
    "endTime": "2023-09-15T06:06:36.670Z"
  }],
  "aggregate": [{
    "metricName": "com.google.heart_minutes.summary",
    "floatValue": 9.0
  }, {
    "metricName": "com.google.calories.expended",
    "floatValue": 175.00651824905552
  }, {
    "metricName": "com.google.step_count.delta",
    "intValue": 2686
  }, {
    "metricName": "com.google.distance.delta",
    "floatValue": 1380.726431980142
  }, {
    "metricName": "com.google.speed.summary",
    "floatValue": 0.8393247110183555
  }, {
    "metricName": "com.google.active_minutes",
    "intValue": 33
  }]
}