{
  "fitnessActivity": "walking",
  "startTime": "2023-08-28T09:34:35.044Z",
  "endTime": "2023-08-28T09:47:26.806Z",
  "duration": "771.762s",
  "segment": [{
    "fitnessActivity": "walking",
    "startTime": "2023-08-28T09:34:35.044Z",
    "endTime": "2023-08-28T09:47:26.806Z"
  }],
  "aggregate": [{
    "metricName": "com.google.heart_minutes.summary",
    "floatValue": 11.0
  }, {
    "metricName": "com.google.calories.expended",
    "floatValue": 64.23417877362824
  }, {
    "metricName": "com.google.step_count.delta",
    "intValue": 1248
  }, {
    "metricName": "com.google.distance.delta",
    "floatValue": 897.6325840223456
  }, {
    "metricName": "com.google.speed.summary",
    "floatValue": 1.236170201422252
  }, {
    "metricName": "com.google.active_minutes",
    "intValue": 13
  }]
}