{
  "fitnessActivity": "walking",
  "startTime": "2023-07-07T20:02:56.491Z",
  "endTime": "2023-07-07T20:29:11.012Z",
  "duration": "1574.521s",
  "segment": [{
    "fitnessActivity": "walking",
    "startTime": "2023-07-07T20:02:56.491Z",
    "endTime": "2023-07-07T20:29:11.012Z"
  }],
  "aggregate": [{
    "metricName": "com.google.heart_minutes.summary",
    "floatValue": 2.0
  }, {
    "metricName": "com.google.calories.expended",
    "floatValue": 129.63579057352953
  }, {
    "metricName": "com.google.step_count.delta",
    "intValue": 1877
  }, {
    "metricName": "com.google.distance.delta",
    "floatValue": 1104.8664107933691
  }, {
    "metricName": "com.google.speed.summary",
    "floatValue": 0.9579611540114434
  }, {
    "metricName": "com.google.active_minutes",
    "intValue": 23
  }]
}