{
  "fitnessActivity": "walking",
  "startTime": "2023-09-10T10:29:39.795Z",
  "endTime": "2023-09-10T10:41:20.443Z",
  "duration": "700.648s",
  "segment": [{
    "fitnessActivity": "walking",
    "startTime": "2023-09-10T10:29:39.795Z",
    "endTime": "2023-09-10T10:41:20.443Z"
  }],
  "aggregate": [{
    "metricName": "com.google.heart_minutes.summary",
    "floatValue": 2.0
  }, {
    "metricName": "com.google.calories.expended",
    "floatValue": 58.31532116039021
  }, {
    "metricName": "com.google.step_count.delta",
    "intValue": 744
  }, {
    "metricName": "com.google.distance.delta",
    "floatValue": 501.64825119969123
  }, {
    "metricName": "com.google.speed.summary",
    "floatValue": 0.7521735215349459
  }, {
    "metricName": "com.google.active_minutes",
    "intValue": 12
  }]
}