{
  "fitnessActivity": "walking",
  "startTime": "2023-05-10T13:58:08.565Z",
  "endTime": "2023-05-10T14:15:31.164Z",
  "duration": "770.794s",
  "segment": [{
    "fitnessActivity": "walking",
    "startTime": "2023-05-10T13:58:08.565Z",
    "endTime": "2023-05-10T13:59:34.294Z"
  }, {
    "fitnessActivity": "walking",
    "startTime": "2023-05-10T13:59:34.294Z",
    "endTime": "2023-05-10T14:10:28.568Z"
  }, {
    "fitnessActivity": "walking",
    "startTime": "2023-05-10T14:15:00.373Z",
    "endTime": "2023-05-10T14:15:00.745Z"
  }, {
    "fitnessActivity": "walking",
    "startTime": "2023-05-10T14:15:00.745Z",
    "endTime": "2023-05-10T14:15:31.164Z"
  }],
  "aggregate": [{
    "metricName": "com.google.heart_minutes.summary",
    "floatValue": 8.0
  }, {
    "metricName": "com.google.calories.expended",
    "floatValue": 68.8556509904753
  }, {
    "metricName": "com.google.step_count.delta",
    "intValue": 1338
  }, {
    "metricName": "com.google.distance.delta",
    "floatValue": 1027.7698701111065
  }, {
    "metricName": "com.google.speed.summary",
    "floatValue": 1.0959827129199833
  }, {
    "metricName": "com.google.active_minutes",
    "intValue": 16
  }]
}