{
  "fitnessActivity": "weightlifting",
  "startTime": "2023-04-12T08:30:33.811Z",
  "endTime": "2023-04-12T10:24:57.494Z",
  "duration": "6863.683s",
  "segment": [{
    "fitnessActivity": "weightlifting",
    "startTime": "2023-04-12T08:30:33.811Z",
    "endTime": "2023-04-12T10:24:57.494Z"
  }],
  "aggregate": [{
    "metricName": "com.google.heart_minutes.summary",
    "floatValue": 226.0
  }, {
    "metricName": "com.google.calories.expended",
    "floatValue": 835.0814316666667
  }, {
    "metricName": "com.google.active_minutes",
    "intValue": 113
  }]
}