{
  "fitnessActivity": "weightlifting",
  "startTime": "2023-09-05T09:50:08.987Z",
  "endTime": "2023-09-05T14:08:53.544Z",
  "duration": "15524.557s",
  "segment": [{
    "fitnessActivity": "weightlifting",
    "startTime": "2023-09-05T09:50:08.987Z",
    "endTime": "2023-09-05T14:08:53.544Z"
  }],
  "aggregate": [{
    "metricName": "com.google.heart_minutes.summary",
    "floatValue": 514.0
  }, {
    "metricName": "com.google.calories.expended",
    "floatValue": 2040.1854929356766
  }, {
    "metricName": "com.google.step_count.delta",
    "intValue": 7483
  }, {
    "metricName": "com.google.distance.delta",
    "floatValue": 2929.5303069916845
  }, {
    "metricName": "com.google.speed.summary",
    "floatValue": 0.6332382296607352
  }, {
    "metricName": "com.google.active_minutes",
    "intValue": 258
  }]
}