{
  "fitnessActivity": "walking",
  "startTime": "2023-06-28T15:57:07.626Z",
  "endTime": "2023-06-28T16:10:34.338Z",
  "duration": "806.712s",
  "segment": [{
    "fitnessActivity": "walking",
    "startTime": "2023-06-28T15:57:07.626Z",
    "endTime": "2023-06-28T16:10:34.338Z"
  }],
  "aggregate": [{
    "metricName": "com.google.heart_minutes.summary",
    "floatValue": 10.0
  }, {
    "metricName": "com.google.calories.expended",
    "floatValue": 66.419288
  }, {
    "metricName": "com.google.step_count.delta",
    "intValue": 1340
  }, {
    "metricName": "com.google.distance.delta",
    "floatValue": 1034.0260349655582
  }, {
    "metricName": "com.google.speed.summary",
    "floatValue": 1.3049680916022128
  }, {
    "metricName": "com.google.active_minutes",
    "intValue": 13
  }]
}