{
  "fitnessActivity": "walking",
  "startTime": "2023-08-31T07:58:14.095Z",
  "endTime": "2023-08-31T08:17:11.423Z",
  "duration": "489.250s",
  "segment": [{
    "fitnessActivity": "walking",
    "startTime": "2023-08-31T07:58:14.095Z",
    "endTime": "2023-08-31T07:58:49.893Z"
  }, {
    "fitnessActivity": "walking",
    "startTime": "2023-08-31T08:04:46.891Z",
    "endTime": "2023-08-31T08:06:42.393Z"
  }, {
    "fitnessActivity": "walking",
    "startTime": "2023-08-31T08:06:42.393Z",
    "endTime": "2023-08-31T08:10:19.334Z"
  }, {
    "fitnessActivity": "walking",
    "startTime": "2023-08-31T08:15:10.414Z",
    "endTime": "2023-08-31T08:15:10.635Z"
  }, {
    "fitnessActivity": "walking",
    "startTime": "2023-08-31T08:15:10.635Z",
    "endTime": "2023-08-31T08:17:11.423Z"
  }],
  "aggregate": [{
    "metricName": "com.google.heart_minutes.summary",
    "floatValue": 2.0
  }, {
    "metricName": "com.google.calories.expended",
    "floatValue": 53.644514534151305
  }, {
    "metricName": "com.google.step_count.delta",
    "intValue": 802
  }, {
    "metricName": "com.google.distance.delta",
    "floatValue": 653.4883998797694
  }, {
    "metricName": "com.google.speed.summary",
    "floatValue": 0.7646405069595958
  }, {
    "metricName": "com.google.active_minutes",
    "intValue": 13
  }]
}