{
  "fitnessActivity": "walking",
  "startTime": "2023-05-17T16:36:52.866Z",
  "endTime": "2023-05-17T16:51:34.539Z",
  "duration": "881.673s",
  "segment": [{
    "fitnessActivity": "walking",
    "startTime": "2023-05-17T16:36:52.866Z",
    "endTime": "2023-05-17T16:51:34.539Z"
  }],
  "aggregate": [{
    "metricName": "com.google.heart_minutes.summary",
    "floatValue": 13.0
  }, {
    "metricName": "com.google.calories.expended",
    "floatValue": 72.591077
  }, {
    "metricName": "com.google.step_count.delta",
    "intValue": 1448
  }, {
    "metricName": "com.google.distance.delta",
    "floatValue": 1123.976275477766
  }, {
    "metricName": "com.google.speed.summary",
    "floatValue": 1.342922504535913
  }, {
    "metricName": "com.google.active_minutes",
    "intValue": 15
  }]
}