{
  "fitnessActivity": "walking",
  "startTime": "2023-06-07T20:02:16.399Z",
  "endTime": "2023-06-07T20:34:23.079Z",
  "duration": "1322.962s",
  "segment": [{
    "fitnessActivity": "walking",
    "startTime": "2023-06-07T20:02:16.399Z",
    "endTime": "2023-06-07T20:03:09.286Z"
  }, {
    "fitnessActivity": "walking",
    "startTime": "2023-06-07T20:03:09.286Z",
    "endTime": "2023-06-07T20:23:46.521Z"
  }, {
    "fitnessActivity": "walking",
    "startTime": "2023-06-07T20:33:50.239Z",
    "endTime": "2023-06-07T20:33:50.497Z"
  }, {
    "fitnessActivity": "walking",
    "startTime": "2023-06-07T20:33:50.497Z",
    "endTime": "2023-06-07T20:34:23.079Z"
  }],
  "aggregate": [{
    "metricName": "com.google.heart_minutes.summary",
    "floatValue": 9.0
  }, {
    "metricName": "com.google.calories.expended",
    "floatValue": 120.90382435557784
  }, {
    "metricName": "com.google.step_count.delta",
    "intValue": 1800
  }, {
    "metricName": "com.google.distance.delta",
    "floatValue": 1346.3539385860993
  }, {
    "metricName": "com.google.speed.summary",
    "floatValue": 1.0739920587066372
  }, {
    "metricName": "com.google.active_minutes",
    "intValue": 22
  }]
}