{
  "fitnessActivity": "walking",
  "startTime": "2023-07-15T16:08:38.276Z",
  "endTime": "2023-07-15T16:33:46.503Z",
  "duration": "176.934s",
  "segment": [{
    "fitnessActivity": "walking",
    "startTime": "2023-07-15T16:08:38.276Z",
    "endTime": "2023-07-15T16:09:23.003Z"
  }, {
    "fitnessActivity": "walking",
    "startTime": "2023-07-15T16:09:23.003Z",
    "endTime": "2023-07-15T16:09:31.377Z"
  }, {
    "fitnessActivity": "walking",
    "startTime": "2023-07-15T16:18:47.474Z",
    "endTime": "2023-07-15T16:19:48.519Z"
  }, {
    "fitnessActivity": "walking",
    "startTime": "2023-07-15T16:19:48.519Z",
    "endTime": "2023-07-15T16:19:50.244Z"
  }, {
    "fitnessActivity": "walking",
    "startTime": "2023-07-15T16:32:45.440Z",
    "endTime": "2023-07-15T16:33:46.503Z"
  }],
  "aggregate": [{
    "metricName": "com.google.calories.expended",
    "floatValue": 41.360458376597904
  }, {
    "metricName": "com.google.step_count.delta",
    "intValue": 856
  }, {
    "metricName": "com.google.distance.delta",
    "floatValue": 481.3804675534286
  }, {
    "metricName": "com.google.speed.summary",
    "floatValue": 0.49600180950732153
  }, {
    "metricName": "com.google.active_minutes",
    "intValue": 12
  }]
}