{
  "fitnessActivity": "walking",
  "startTime": "2023-09-07T03:04:40.681Z",
  "endTime": "2023-09-07T03:47:09.381Z",
  "duration": "1710.557s",
  "segment": [{
    "fitnessActivity": "walking",
    "startTime": "2023-09-07T03:04:40.681Z",
    "endTime": "2023-09-07T03:12:01.726Z"
  }, {
    "fitnessActivity": "walking",
    "startTime": "2023-09-07T03:12:01.726Z",
    "endTime": "2023-09-07T03:12:14.090Z"
  }, {
    "fitnessActivity": "walking",
    "startTime": "2023-09-07T03:20:29.449Z",
    "endTime": "2023-09-07T03:21:33.339Z"
  }, {
    "fitnessActivity": "walking",
    "startTime": "2023-09-07T03:21:33.339Z",
    "endTime": "2023-09-07T03:24:47.384Z"
  }, {
    "fitnessActivity": "walking",
    "startTime": "2023-09-07T03:27:28.574Z",
    "endTime": "2023-09-07T03:29:29.634Z"
  }, {
    "fitnessActivity": "walking",
    "startTime": "2023-09-07T03:32:31.228Z",
    "endTime": "2023-09-07T03:46:49.459Z"
  }, {
    "fitnessActivity": "walking",
    "startTime": "2023-09-07T03:46:49.459Z",
    "endTime": "2023-09-07T03:47:09.381Z"
  }],
  "aggregate": [{
    "metricName": "com.google.heart_minutes.summary",
    "floatValue": 23.0
  }, {
    "metricName": "com.google.calories.expended",
    "floatValue": 159.08500763339725
  }, {
    "metricName": "com.google.step_count.delta",
    "intValue": 3196
  }, {
    "metricName": "com.google.distance.delta",
    "floatValue": 3267.917254332906
  }, {
    "metricName": "com.google.speed.summary",
    "floatValue": 1.6424500442923347
  }, {
    "metricName": "com.google.active_minutes",
    "intValue": 35
  }]
}