{
  "fitnessActivity": "walking",
  "startTime": "2023-09-14T01:08:31.917Z",
  "endTime": "2023-09-14T01:15:37.110Z",
  "duration": "425.193s",
  "segment": [{
    "fitnessActivity": "walking",
    "startTime": "2023-09-14T01:08:31.917Z",
    "endTime": "2023-09-14T01:15:37.110Z"
  }],
  "aggregate": [{
    "metricName": "com.google.heart_minutes.summary",
    "floatValue": 5.0
  }, {
    "metricName": "com.google.calories.expended",
    "floatValue": 35.38904892349625
  }, {
    "metricName": "com.google.step_count.delta",
    "intValue": 649
  }, {
    "metricName": "com.google.distance.delta",
    "floatValue": 502.71884518580345
  }, {
    "metricName": "com.google.speed.summary",
    "floatValue": 1.3670012150448896
  }, {
    "metricName": "com.google.active_minutes",
    "intValue": 7
  }]
}