{
  "fitnessActivity": "walking",
  "startTime": "2023-09-07T23:52:22.720Z",
  "endTime": "2023-09-08T00:35:25.362Z",
  "duration": "1808.490s",
  "segment": [{
    "fitnessActivity": "walking",
    "startTime": "2023-09-07T23:52:22.720Z",
    "endTime": "2023-09-07T23:59:42.220Z"
  }, {
    "fitnessActivity": "walking",
    "startTime": "2023-09-07T23:59:42.220Z",
    "endTime": "2023-09-08T00:01:03.582Z"
  }, {
    "fitnessActivity": "walking",
    "startTime": "2023-09-08T00:08:20.713Z",
    "endTime": "2023-09-08T00:17:10.551Z"
  }, {
    "fitnessActivity": "walking",
    "startTime": "2023-09-08T00:20:11.536Z",
    "endTime": "2023-09-08T00:20:11.783Z"
  }, {
    "fitnessActivity": "walking",
    "startTime": "2023-09-08T00:20:11.783Z",
    "endTime": "2023-09-08T00:30:44.551Z"
  }, {
    "fitnessActivity": "walking",
    "startTime": "2023-09-08T00:33:20.587Z",
    "endTime": "2023-09-08T00:35:25.362Z"
  }],
  "aggregate": [{
    "metricName": "com.google.heart_minutes.summary",
    "floatValue": 22.0
  }, {
    "metricName": "com.google.calories.expended",
    "floatValue": 165.9599036171688
  }, {
    "metricName": "com.google.step_count.delta",
    "intValue": 3016
  }, {
    "metricName": "com.google.distance.delta",
    "floatValue": 2314.5721338238504
  }, {
    "metricName": "com.google.speed.summary",
    "floatValue": 0.9946389057967934
  }, {
    "metricName": "com.google.active_minutes",
    "intValue": 33
  }]
}