{
  "fitnessActivity": "weightlifting",
  "startTime": "2023-06-28T14:23:53.224Z",
  "endTime": "2023-06-28T15:36:40.330Z",
  "duration": "4367.106s",
  "segment": [{
    "fitnessActivity": "weightlifting",
    "startTime": "2023-06-28T14:23:53.224Z",
    "endTime": "2023-06-28T15:36:40.330Z"
  }],
  "aggregate": [{
    "metricName": "com.google.heart_minutes.summary",
    "floatValue": 144.0
  }, {
    "metricName": "com.google.calories.expended",
    "floatValue": 567.7247795512391
  }, {
    "metricName": "com.google.step_count.delta",
    "intValue": 1199
  }, {
    "metricName": "com.google.distance.delta",
    "floatValue": 827.6533601712815
  }, {
    "metricName": "com.google.speed.summary",
    "floatValue": 0.6877080133148066
  }, {
    "metricName": "com.google.active_minutes",
    "intValue": 72
  }]
}