{
  "fitnessActivity": "weightlifting",
  "startTime": "2023-04-24T10:20:03.325Z",
  "endTime": "2023-04-24T12:18:21.064Z",
  "duration": "7097.739s",
  "segment": [{
    "fitnessActivity": "weightlifting",
    "startTime": "2023-04-24T10:20:03.325Z",
    "endTime": "2023-04-24T12:18:21.064Z"
  }],
  "aggregate": [{
    "metricName": "com.google.heart_minutes.summary",
    "floatValue": 234.0
  }, {
    "metricName": "com.google.calories.expended",
    "floatValue": 922.70607
  }, {
    "metricName": "com.google.active_minutes",
    "intValue": 117
  }]
}