{
  "fitnessActivity": "walking",
  "startTime": "2023-05-26T06:36:37.280Z",
  "endTime": "2023-05-26T06:48:14.532Z",
  "duration": "697.252s",
  "segment": [{
    "fitnessActivity": "walking",
    "startTime": "2023-05-26T06:36:37.280Z",
    "endTime": "2023-05-26T06:46:49.314Z"
  }, {
    "fitnessActivity": "walking",
    "startTime": "2023-05-26T06:46:49.314Z",
    "endTime": "2023-05-26T06:48:14.532Z"
  }],
  "aggregate": [{
    "metricName": "com.google.heart_minutes.summary",
    "floatValue": 8.0
  }, {
    "metricName": "com.google.calories.expended",
    "floatValue": 57.40708133333332
  }, {
    "metricName": "com.google.step_count.delta",
    "intValue": 1116
  }, {
    "metricName": "com.google.distance.delta",
    "floatValue": 877.4827358220424
  }, {
    "metricName": "com.google.speed.summary",
    "floatValue": 1.3150894726942923
  }, {
    "metricName": "com.google.active_minutes",
    "intValue": 12
  }]
}