{
  "fitnessActivity": "walking",
  "startTime": "2023-05-11T13:34:13.259Z",
  "endTime": "2023-05-11T13:51:16.297Z",
  "duration": "1023.038s",
  "segment": [{
    "fitnessActivity": "walking",
    "startTime": "2023-05-11T13:34:13.259Z",
    "endTime": "2023-05-11T13:45:32.207Z"
  }, {
    "fitnessActivity": "walking",
    "startTime": "2023-05-11T13:45:32.207Z",
    "endTime": "2023-05-11T13:51:16.297Z"
  }],
  "aggregate": [{
    "metricName": "com.google.heart_minutes.summary",
    "floatValue": 9.0
  }, {
    "metricName": "com.google.calories.expended",
    "floatValue": 84.23011839437902
  }, {
    "metricName": "com.google.step_count.delta",
    "intValue": 1357
  }, {
    "metricName": "com.google.distance.delta",
    "floatValue": 1038.038351933518
  }, {
    "metricName": "com.google.speed.summary",
    "floatValue": 1.10575270563842
  }, {
    "metricName": "com.google.active_minutes",
    "intValue": 16
  }]
}