{
  "fitnessActivity": "walking",
  "startTime": "2023-09-26T03:44:55.595Z",
  "endTime": "2023-09-26T03:57:50.819Z",
  "duration": "775.224s",
  "segment": [{
    "fitnessActivity": "walking",
    "startTime": "2023-09-26T03:44:55.595Z",
    "endTime": "2023-09-26T03:57:50.819Z"
  }],
  "aggregate": [{
    "metricName": "com.google.heart_minutes.summary",
    "floatValue": 5.0
  }, {
    "metricName": "com.google.calories.expended",
    "floatValue": 64.5223229513855
  }, {
    "metricName": "com.google.step_count.delta",
    "intValue": 923
  }, {
    "metricName": "com.google.distance.delta",
    "floatValue": 607.994905602708
  }, {
    "metricName": "com.google.speed.summary",
    "floatValue": 0.9380653728139987
  }, {
    "metricName": "com.google.active_minutes",
    "intValue": 11
  }]
}