{
  "fitnessActivity": "walking",
  "startTime": "2023-06-21T06:40:09.619Z",
  "endTime": "2023-06-21T06:50:39.386Z",
  "duration": "629.767s",
  "segment": [{
    "fitnessActivity": "walking",
    "startTime": "2023-06-21T06:40:09.619Z",
    "endTime": "2023-06-21T06:41:49.058Z"
  }, {
    "fitnessActivity": "walking",
    "startTime": "2023-06-21T06:41:49.058Z",
    "endTime": "2023-06-21T06:50:04.030Z"
  }, {
    "fitnessActivity": "walking",
    "startTime": "2023-06-21T06:50:04.030Z",
    "endTime": "2023-06-21T06:50:39.386Z"
  }],
  "aggregate": [{
    "metricName": "com.google.heart_minutes.summary",
    "floatValue": 4.0
  }, {
    "metricName": "com.google.calories.expended",
    "floatValue": 51.85080124154041
  }, {
    "metricName": "com.google.step_count.delta",
    "intValue": 950
  }, {
    "metricName": "com.google.distance.delta",
    "floatValue": 713.4909295162226
  }, {
    "metricName": "com.google.speed.summary",
    "floatValue": 1.150974918371755
  }, {
    "metricName": "com.google.active_minutes",
    "intValue": 10
  }]
}