{
  "fitnessActivity": "weightlifting",
  "startTime": "2023-04-25T17:12:45.314Z",
  "endTime": "2023-04-25T18:57:12.572Z",
  "duration": "6267.258s",
  "segment": [{
    "fitnessActivity": "weightlifting",
    "startTime": "2023-04-25T17:12:45.314Z",
    "endTime": "2023-04-25T18:57:12.572Z"
  }],
  "aggregate": [{
    "metricName": "com.google.heart_minutes.summary",
    "floatValue": 208.0
  }, {
    "metricName": "com.google.calories.expended",
    "floatValue": 814.74354
  }, {
    "metricName": "com.google.step_count.delta",
    "intValue": 799
  }, {
    "metricName": "com.google.distance.delta",
    "floatValue": 462.0928506410186
  }, {
    "metricName": "com.google.speed.summary",
    "floatValue": 0.33064694331194144
  }, {
    "metricName": "com.google.active_minutes",
    "intValue": 104
  }]
}