{
  "fitnessActivity": "walking",
  "startTime": "2023-06-16T12:39:11.733Z",
  "endTime": "2023-06-16T12:54:08.009Z",
  "duration": "456.904s",
  "segment": [{
    "fitnessActivity": "walking",
    "startTime": "2023-06-16T12:39:11.733Z",
    "endTime": "2023-06-16T12:39:50.553Z"
  }, {
    "fitnessActivity": "walking",
    "startTime": "2023-06-16T12:39:50.553Z",
    "endTime": "2023-06-16T12:45:22.936Z"
  }, {
    "fitnessActivity": "walking",
    "startTime": "2023-06-16T12:45:22.936Z",
    "endTime": "2023-06-16T12:45:55.393Z"
  }, {
    "fitnessActivity": "walking",
    "startTime": "2023-06-16T12:53:14.765Z",
    "endTime": "2023-06-16T12:53:21.489Z"
  }, {
    "fitnessActivity": "walking",
    "startTime": "2023-06-16T12:53:21.489Z",
    "endTime": "2023-06-16T12:54:08.009Z"
  }],
  "aggregate": [{
    "metricName": "com.google.heart_minutes.summary",
    "floatValue": 6.0
  }, {
    "metricName": "com.google.calories.expended",
    "floatValue": 46.4568003190249
  }, {
    "metricName": "com.google.step_count.delta",
    "intValue": 983
  }, {
    "metricName": "com.google.distance.delta",
    "floatValue": 742.5729537222566
  }, {
    "metricName": "com.google.speed.summary",
    "floatValue": 0.9623506620430293
  }, {
    "metricName": "com.google.active_minutes",
    "intValue": 12
  }]
}