{
  "fitnessActivity": "weightlifting",
  "startTime": "2023-04-01T09:38:13.146Z",
  "endTime": "2023-04-01T12:22:00.187Z",
  "duration": "9827.041s",
  "segment": [{
    "fitnessActivity": "weightlifting",
    "startTime": "2023-04-01T09:38:13.146Z",
    "endTime": "2023-04-01T12:22:00.187Z"
  }],
  "aggregate": [{
    "metricName": "com.google.heart_minutes.summary",
    "floatValue": 326.0
  }, {
    "metricName": "com.google.calories.expended",
    "floatValue": 1195.6233216666667
  }, {
    "metricName": "com.google.active_minutes",
    "intValue": 163
  }]
}