{
  "fitnessActivity": "walking",
  "startTime": "2023-09-08T03:50:22.162Z",
  "endTime": "2023-09-08T04:02:27.591Z",
  "duration": "725.429s",
  "segment": [{
    "fitnessActivity": "walking",
    "startTime": "2023-09-08T03:50:22.162Z",
    "endTime": "2023-09-08T03:53:25.366Z"
  }, {
    "fitnessActivity": "walking",
    "startTime": "2023-09-08T03:53:25.366Z",
    "endTime": "2023-09-08T04:02:27.591Z"
  }],
  "aggregate": [{
    "metricName": "com.google.heart_minutes.summary",
    "floatValue": 5.0
  }, {
    "metricName": "com.google.calories.expended",
    "floatValue": 60.37783646752595
  }, {
    "metricName": "com.google.step_count.delta",
    "intValue": 592
  }, {
    "metricName": "com.google.distance.delta",
    "floatValue": 430.73505242309005
  }, {
    "metricName": "com.google.speed.summary",
    "floatValue": 1.1069051640177292
  }, {
    "metricName": "com.google.active_minutes",
    "intValue": 7
  }]
}