{
  "fitnessActivity": "walking",
  "startTime": "2023-09-06T02:44:57.626Z",
  "endTime": "2023-09-06T02:59:05.233Z",
  "duration": "847.607s",
  "segment": [{
    "fitnessActivity": "walking",
    "startTime": "2023-09-06T02:44:57.626Z",
    "endTime": "2023-09-06T02:49:31.071Z"
  }, {
    "fitnessActivity": "walking",
    "startTime": "2023-09-06T02:49:31.071Z",
    "endTime": "2023-09-06T02:59:05.233Z"
  }],
  "aggregate": [{
    "metricName": "com.google.heart_minutes.summary",
    "floatValue": 2.0
  }, {
    "metricName": "com.google.calories.expended",
    "floatValue": 70.54677013291732
  }, {
    "metricName": "com.google.step_count.delta",
    "intValue": 847
  }, {
    "metricName": "com.google.distance.delta",
    "floatValue": 602.8158802144486
  }, {
    "metricName": "com.google.speed.summary",
    "floatValue": 0.7898366882382695
  }, {
    "metricName": "com.google.active_minutes",
    "intValue": 12
  }]
}