{
  "fitnessActivity": "walking",
  "startTime": "2023-07-25T05:44:16.757Z",
  "endTime": "2023-07-25T05:55:29.363Z",
  "duration": "672.606s",
  "segment": [{
    "fitnessActivity": "walking",
    "startTime": "2023-07-25T05:44:16.757Z",
    "endTime": "2023-07-25T05:45:54.125Z"
  }, {
    "fitnessActivity": "walking",
    "startTime": "2023-07-25T05:45:54.125Z",
    "endTime": "2023-07-25T05:55:29.363Z"
  }],
  "aggregate": [{
    "metricName": "com.google.heart_minutes.summary",
    "floatValue": 10.0
  }, {
    "metricName": "com.google.calories.expended",
    "floatValue": 56.691330015935975
  }, {
    "metricName": "com.google.step_count.delta",
    "intValue": 1181
  }, {
    "metricName": "com.google.distance.delta",
    "floatValue": 915.6755980243743
  }, {
    "metricName": "com.google.speed.summary",
    "floatValue": 1.4615305276001096
  }, {
    "metricName": "com.google.active_minutes",
    "intValue": 11
  }]
}