{
  "fitnessActivity": "walking",
  "startTime": "2023-08-25T11:57:43.665Z",
  "endTime": "2023-08-25T12:37:54.967Z",
  "duration": "1593.459s",
  "segment": [{
    "fitnessActivity": "walking",
    "startTime": "2023-08-25T11:57:43.665Z",
    "endTime": "2023-08-25T12:10:49.660Z"
  }, {
    "fitnessActivity": "walking",
    "startTime": "2023-08-25T12:17:26.827Z",
    "endTime": "2023-08-25T12:18:31.938Z"
  }, {
    "fitnessActivity": "walking",
    "startTime": "2023-08-25T12:18:31.938Z",
    "endTime": "2023-08-25T12:24:39.730Z"
  }, {
    "fitnessActivity": "walking",
    "startTime": "2023-08-25T12:31:40.406Z",
    "endTime": "2023-08-25T12:31:58.931Z"
  }, {
    "fitnessActivity": "walking",
    "startTime": "2023-08-25T12:31:58.931Z",
    "endTime": "2023-08-25T12:37:54.967Z"
  }],
  "aggregate": [{
    "metricName": "com.google.heart_minutes.summary",
    "floatValue": 10.0
  }, {
    "metricName": "com.google.calories.expended",
    "floatValue": 148.93388944923637
  }, {
    "metricName": "com.google.step_count.delta",
    "intValue": 2091
  }, {
    "metricName": "com.google.distance.delta",
    "floatValue": 1714.6095569216475
  }, {
    "metricName": "com.google.speed.summary",
    "floatValue": 0.8618237269734755
  }, {
    "metricName": "com.google.active_minutes",
    "intValue": 35
  }]
}