{
  "fitnessActivity": "walking",
  "startTime": "2023-10-03T07:56:03.906Z",
  "endTime": "2023-10-03T08:11:42.512Z",
  "duration": "475.557s",
  "segment": [{
    "fitnessActivity": "walking",
    "startTime": "2023-10-03T07:56:03.906Z",
    "endTime": "2023-10-03T07:59:15.036Z"
  }, {
    "fitnessActivity": "walking",
    "startTime": "2023-10-03T08:06:58.085Z",
    "endTime": "2023-10-03T08:11:42.512Z"
  }],
  "aggregate": [{
    "metricName": "com.google.heart_minutes.summary",
    "floatValue": 3.0
  }, {
    "metricName": "com.google.calories.expended",
    "floatValue": 48.81505569138689
  }, {
    "metricName": "com.google.step_count.delta",
    "intValue": 725
  }, {
    "metricName": "com.google.distance.delta",
    "floatValue": 492.6188920878051
  }, {
    "metricName": "com.google.speed.summary",
    "floatValue": 0.7527690188346096
  }, {
    "metricName": "com.google.active_minutes",
    "intValue": 10
  }]
}