{
  "fitnessActivity": "weightlifting",
  "startTime": "2023-05-29T10:44:13.293Z",
  "endTime": "2023-05-29T12:17:19.915Z",
  "duration": "5586.622s",
  "segment": [{
    "fitnessActivity": "weightlifting",
    "startTime": "2023-05-29T10:44:13.293Z",
    "endTime": "2023-05-29T12:17:19.915Z"
  }],
  "aggregate": [{
    "metricName": "com.google.heart_minutes.summary",
    "floatValue": 184.0
  }, {
    "metricName": "com.google.calories.expended",
    "floatValue": 726.2608599999999
  }, {
    "metricName": "com.google.step_count.delta",
    "intValue": 1643
  }, {
    "metricName": "com.google.distance.delta",
    "floatValue": 1205.5089363990867
  }, {
    "metricName": "com.google.speed.summary",
    "floatValue": 0.5886646018754131
  }, {
    "metricName": "com.google.active_minutes",
    "intValue": 93
  }]
}