{
  "fitnessActivity": "weightlifting",
  "startTime": "2023-04-14T09:06:58.828Z",
  "endTime": "2023-04-14T11:49:10.952Z",
  "duration": "9732.124s",
  "segment": [{
    "fitnessActivity": "weightlifting",
    "startTime": "2023-04-14T09:06:58.828Z",
    "endTime": "2023-04-14T11:49:10.952Z"
  }],
  "aggregate": [{
    "metricName": "com.google.heart_minutes.summary",
    "floatValue": 324.0
  }, {
    "metricName": "com.google.calories.expended",
    "floatValue": 1184.0750866666667
  }, {
    "metricName": "com.google.active_minutes",
    "intValue": 162
  }]
}