{
  "fitnessActivity": "biking",
  "startTime": "2023-06-27T14:31:30.623Z",
  "endTime": "2023-06-27T14:46:16.827Z",
  "duration": "884.229s",
  "segment": [{
    "fitnessActivity": "biking",
    "startTime": "2023-06-27T14:31:30.623Z",
    "endTime": "2023-06-27T14:46:14.852Z"
  }],
  "aggregate": [{
    "metricName": "com.google.heart_minutes.summary",
    "floatValue": 14.0
  }, {
    "metricName": "com.google.calories.expended",
    "floatValue": 76.67237140645439
  }, {
    "metricName": "com.google.step_count.delta",
    "intValue": 0
  }, {
    "metricName": "com.google.distance.delta",
    "floatValue": 3136.4331767088274
  }, {
    "metricName": "com.google.speed.summary",
    "floatValue": 3.683102136825813
  }, {
    "metricName": "com.google.active_minutes",
    "intValue": 14
  }]
}