{
  "fitnessActivity": "biking",
  "startTime": "2023-07-20T06:04:40.680Z",
  "endTime": "2023-07-20T07:34:39.282Z",
  "duration": "5398.602s",
  "segment": [{
    "fitnessActivity": "biking",
    "startTime": "2023-07-20T06:04:40.680Z",
    "endTime": "2023-07-20T07:34:39.282Z"
  }],
  "aggregate": [{
    "metricName": "com.google.heart_minutes.summary",
    "floatValue": 124.0
  }, {
    "metricName": "com.google.calories.expended",
    "floatValue": 235.0
  }, {
    "metricName": "com.google.distance.delta",
    "floatValue": 8734.0
  }, {
    "metricName": "com.google.speed.summary",
    "floatValue": 2.3191469055709937
  }, {
    "metricName": "com.google.active_minutes",
    "intValue": 90
  }]
}