{
  "fitnessActivity": "walking",
  "startTime": "2023-08-26T22:12:39.004Z",
  "endTime": "2023-08-26T22:34:46.664Z",
  "duration": "1327.660s",
  "segment": [{
    "fitnessActivity": "walking",
    "startTime": "2023-08-26T22:12:39.004Z",
    "endTime": "2023-08-26T22:34:46.664Z"
  }],
  "aggregate": [{
    "metricName": "com.google.heart_minutes.summary",
    "floatValue": 4.0
  }, {
    "metricName": "com.google.calories.expended",
    "floatValue": 110.50187725049335
  }, {
    "metricName": "com.google.step_count.delta",
    "intValue": 1347
  }, {
    "metricName": "com.google.distance.delta",
    "floatValue": 1014.8752523355306
  }, {
    "metricName": "com.google.speed.summary",
    "floatValue": 0.784102544254288
  }, {
    "metricName": "com.google.active_minutes",
    "intValue": 21
  }]
}