{
  "fitnessActivity": "weightlifting",
  "startTime": "2023-06-08T09:51:21.159Z",
  "endTime": "2023-06-08T12:00:08.268Z",
  "duration": "7727.109s",
  "segment": [{
    "fitnessActivity": "weightlifting",
    "startTime": "2023-06-08T09:51:21.159Z",
    "endTime": "2023-06-08T12:00:08.268Z"
  }],
  "aggregate": [{
    "metricName": "com.google.heart_minutes.summary",
    "floatValue": 256.0
  }, {
    "metricName": "com.google.calories.expended",
    "floatValue": 1004.5259385948943
  }, {
    "metricName": "com.google.step_count.delta",
    "intValue": 1724
  }, {
    "metricName": "com.google.distance.delta",
    "floatValue": 1064.0081979332936
  }, {
    "metricName": "com.google.speed.summary",
    "floatValue": 0.6939280980280185
  }, {
    "metricName": "com.google.active_minutes",
    "intValue": 128
  }]
}