{
  "fitnessActivity": "weightlifting",
  "startTime": "2023-07-05T14:30:48.462Z",
  "endTime": "2023-07-05T15:59:06.980Z",
  "duration": "5298.518s",
  "segment": [{
    "fitnessActivity": "weightlifting",
    "startTime": "2023-07-05T14:30:48.462Z",
    "endTime": "2023-07-05T15:59:06.980Z"
  }],
  "aggregate": [{
    "metricName": "com.google.heart_minutes.summary",
    "floatValue": 176.0
  }, {
    "metricName": "com.google.calories.expended",
    "floatValue": 688.8085527345277
  }, {
    "metricName": "com.google.step_count.delta",
    "intValue": 1522
  }, {
    "metricName": "com.google.distance.delta",
    "floatValue": 1123.3764493082042
  }, {
    "metricName": "com.google.speed.summary",
    "floatValue": 0.4829611993120306
  }, {
    "metricName": "com.google.active_minutes",
    "intValue": 88
  }]
}