{
  "fitnessActivity": "walking",
  "startTime": "2023-06-29T20:02:30.279Z",
  "endTime": "2023-06-29T20:29:58.832Z",
  "duration": "1081.372s",
  "segment": [{
    "fitnessActivity": "walking",
    "startTime": "2023-06-29T20:02:30.279Z",
    "endTime": "2023-06-29T20:03:27.757Z"
  }, {
    "fitnessActivity": "walking",
    "startTime": "2023-06-29T20:03:27.757Z",
    "endTime": "2023-06-29T20:19:31.164Z"
  }, {
    "fitnessActivity": "walking",
    "startTime": "2023-06-29T20:28:58.345Z",
    "endTime": "2023-06-29T20:29:58.832Z"
  }],
  "aggregate": [{
    "metricName": "com.google.heart_minutes.summary",
    "floatValue": 3.0
  }, {
    "metricName": "com.google.calories.expended",
    "floatValue": 100.28791466971587
  }, {
    "metricName": "com.google.step_count.delta",
    "intValue": 1301
  }, {
    "metricName": "com.google.distance.delta",
    "floatValue": 846.4880217073854
  }, {
    "metricName": "com.google.speed.summary",
    "floatValue": 0.7572467663701485
  }, {
    "metricName": "com.google.active_minutes",
    "intValue": 17
  }]
}