{
  "fitnessActivity": "walking",
  "startTime": "2023-09-04T05:38:20.344Z",
  "endTime": "2023-09-04T06:13:31.188Z",
  "duration": "848.492s",
  "segment": [{
    "fitnessActivity": "walking",
    "startTime": "2023-09-04T05:38:20.344Z",
    "endTime": "2023-09-04T05:40:51.409Z"
  }, {
    "fitnessActivity": "walking",
    "startTime": "2023-09-04T05:40:51.409Z",
    "endTime": "2023-09-04T05:48:41.371Z"
  }, {
    "fitnessActivity": "walking",
    "startTime": "2023-09-04T05:59:18.930Z",
    "endTime": "2023-09-04T05:59:36.559Z"
  }, {
    "fitnessActivity": "walking",
    "startTime": "2023-09-04T06:10:01.352Z",
    "endTime": "2023-09-04T06:11:46.523Z"
  }, {
    "fitnessActivity": "walking",
    "startTime": "2023-09-04T06:11:46.523Z",
    "endTime": "2023-09-04T06:12:15.893Z"
  }, {
    "fitnessActivity": "walking",
    "startTime": "2023-09-04T06:12:15.893Z",
    "endTime": "2023-09-04T06:13:31.188Z"
  }],
  "aggregate": [{
    "metricName": "com.google.heart_minutes.summary",
    "floatValue": 7.0
  }, {
    "metricName": "com.google.calories.expended",
    "floatValue": 95.79440701492408
  }, {
    "metricName": "com.google.step_count.delta",
    "intValue": 1403
  }, {
    "metricName": "com.google.distance.delta",
    "floatValue": 1042.2749314049888
  }, {
    "metricName": "com.google.speed.summary",
    "floatValue": 0.9874734855381403
  }, {
    "metricName": "com.google.active_minutes",
    "intValue": 16
  }]
}