{
  "fitnessActivity": "walking",
  "startTime": "2023-06-15T17:07:14.442Z",
  "endTime": "2023-06-15T17:31:15.069Z",
  "duration": "927.080s",
  "segment": [{
    "fitnessActivity": "walking",
    "startTime": "2023-06-15T17:07:14.442Z",
    "endTime": "2023-06-15T17:08:19.842Z"
  }, {
    "fitnessActivity": "walking",
    "startTime": "2023-06-15T17:16:53.389Z",
    "endTime": "2023-06-15T17:30:37.329Z"
  }, {
    "fitnessActivity": "walking",
    "startTime": "2023-06-15T17:30:37.329Z",
    "endTime": "2023-06-15T17:31:15.069Z"
  }],
  "aggregate": [{
    "metricName": "com.google.heart_minutes.summary",
    "floatValue": 11.0
  }, {
    "metricName": "com.google.calories.expended",
    "floatValue": 86.52029316366838
  }, {
    "metricName": "com.google.step_count.delta",
    "intValue": 1421
  }, {
    "metricName": "com.google.distance.delta",
    "floatValue": 1093.7547341254265
  }, {
    "metricName": "com.google.speed.summary",
    "floatValue": 1.2044480436385108
  }, {
    "metricName": "com.google.active_minutes",
    "intValue": 15
  }]
}