{
  "fitnessActivity": "walking",
  "startTime": "2023-08-30T20:43:21.262Z",
  "endTime": "2023-08-30T20:53:50.646Z",
  "duration": "629.384s",
  "segment": [{
    "fitnessActivity": "walking",
    "startTime": "2023-08-30T20:43:21.262Z",
    "endTime": "2023-08-30T20:52:13.748Z"
  }, {
    "fitnessActivity": "walking",
    "startTime": "2023-08-30T20:52:13.748Z",
    "endTime": "2023-08-30T20:53:50.646Z"
  }],
  "aggregate": [{
    "metricName": "com.google.heart_minutes.summary",
    "floatValue": 1.0
  }, {
    "metricName": "com.google.calories.expended",
    "floatValue": 52.38397896406046
  }, {
    "metricName": "com.google.step_count.delta",
    "intValue": 868
  }, {
    "metricName": "com.google.distance.delta",
    "floatValue": 579.1018218449493
  }, {
    "metricName": "com.google.speed.summary",
    "floatValue": 0.92642673413154
  }, {
    "metricName": "com.google.active_minutes",
    "intValue": 10
  }]
}