{
  "fitnessActivity": "walking",
  "startTime": "2023-09-01T10:53:02.810Z",
  "endTime": "2023-09-01T11:24:52.658Z",
  "duration": "1764.502s",
  "segment": [{
    "fitnessActivity": "walking",
    "startTime": "2023-09-01T10:53:02.810Z",
    "endTime": "2023-09-01T10:54:47.424Z"
  }, {
    "fitnessActivity": "walking",
    "startTime": "2023-09-01T10:54:47.424Z",
    "endTime": "2023-09-01T11:07:57.335Z"
  }, {
    "fitnessActivity": "walking",
    "startTime": "2023-09-01T11:10:22.681Z",
    "endTime": "2023-09-01T11:12:14.168Z"
  }, {
    "fitnessActivity": "walking",
    "startTime": "2023-09-01T11:12:14.168Z",
    "endTime": "2023-09-01T11:24:52.658Z"
  }],
  "aggregate": [{
    "metricName": "com.google.heart_minutes.summary",
    "floatValue": 5.0
  }, {
    "metricName": "com.google.calories.expended",
    "floatValue": 149.7589303243412
  }, {
    "metricName": "com.google.step_count.delta",
    "intValue": 1882
  }, {
    "metricName": "com.google.distance.delta",
    "floatValue": 1299.9287781845217
  }, {
    "metricName": "com.google.speed.summary",
    "floatValue": 0.8098516568500798
  }, {
    "metricName": "com.google.active_minutes",
    "intValue": 22
  }]
}