{
  "fitnessActivity": "walking",
  "startTime": "2023-09-29T20:13:47.444Z",
  "endTime": "2023-09-29T20:23:36.979Z",
  "duration": "589.535s",
  "segment": [{
    "fitnessActivity": "walking",
    "startTime": "2023-09-29T20:13:47.444Z",
    "endTime": "2023-09-29T20:16:55.345Z"
  }, {
    "fitnessActivity": "walking",
    "startTime": "2023-09-29T20:16:55.345Z",
    "endTime": "2023-09-29T20:23:36.979Z"
  }],
  "aggregate": [{
    "metricName": "com.google.heart_minutes.summary",
    "floatValue": 7.0
  }, {
    "metricName": "com.google.calories.expended",
    "floatValue": 49.0672701937636
  }, {
    "metricName": "com.google.step_count.delta",
    "intValue": 832
  }, {
    "metricName": "com.google.distance.delta",
    "floatValue": 619.9776883132603
  }, {
    "metricName": "com.google.speed.summary",
    "floatValue": 1.1575749257408063
  }, {
    "metricName": "com.google.active_minutes",
    "intValue": 10
  }]
}