{
  "fitnessActivity": "weightlifting",
  "startTime": "2023-08-30T09:20:07.088Z",
  "endTime": "2023-08-30T13:45:56.012Z",
  "duration": "15948.924s",
  "segment": [{
    "fitnessActivity": "weightlifting",
    "startTime": "2023-08-30T09:20:07.088Z",
    "endTime": "2023-08-30T13:45:56.012Z"
  }],
  "aggregate": [{
    "metricName": "com.google.heart_minutes.summary",
    "floatValue": 528.0
  }, {
    "metricName": "com.google.calories.expended",
    "floatValue": 2095.954388439789
  }, {
    "metricName": "com.google.step_count.delta",
    "intValue": 5002
  }, {
    "metricName": "com.google.distance.delta",
    "floatValue": 2655.6087084312967
  }, {
    "metricName": "com.google.speed.summary",
    "floatValue": 0.9223884265566631
  }, {
    "metricName": "com.google.active_minutes",
    "intValue": 264
  }]
}