{
  "fitnessActivity": "walking",
  "startTime": "2023-04-26T05:46:07.369Z",
  "endTime": "2023-04-26T05:55:35.757Z",
  "duration": "568.388s",
  "segment": [{
    "fitnessActivity": "walking",
    "startTime": "2023-04-26T05:46:07.369Z",
    "endTime": "2023-04-26T05:46:45.894Z"
  }, {
    "fitnessActivity": "walking",
    "startTime": "2023-04-26T05:46:45.894Z",
    "endTime": "2023-04-26T05:53:49.308Z"
  }, {
    "fitnessActivity": "walking",
    "startTime": "2023-04-26T05:53:49.308Z",
    "endTime": "2023-04-26T05:55:35.757Z"
  }],
  "aggregate": [{
    "metricName": "com.google.heart_minutes.summary",
    "floatValue": 9.0
  }, {
    "metricName": "com.google.calories.expended",
    "floatValue": 48.00267175329619
  }, {
    "metricName": "com.google.step_count.delta",
    "intValue": 1102
  }, {
    "metricName": "com.google.distance.delta",
    "floatValue": 896.8219941630123
  }, {
    "metricName": "com.google.speed.summary",
    "floatValue": 1.575177499013412
  }, {
    "metricName": "com.google.active_minutes",
    "intValue": 9
  }]
}