{
  "fitnessActivity": "walking",
  "startTime": "2023-09-11T02:12:07.733Z",
  "endTime": "2023-09-11T02:20:24.867Z",
  "duration": "497.134s",
  "segment": [{
    "fitnessActivity": "walking",
    "startTime": "2023-09-11T02:12:07.733Z",
    "endTime": "2023-09-11T02:12:43.632Z"
  }, {
    "fitnessActivity": "walking",
    "startTime": "2023-09-11T02:12:43.632Z",
    "endTime": "2023-09-11T02:20:17.909Z"
  }, {
    "fitnessActivity": "walking",
    "startTime": "2023-09-11T02:20:17.909Z",
    "endTime": "2023-09-11T02:20:24.867Z"
  }],
  "aggregate": [{
    "metricName": "com.google.heart_minutes.summary",
    "floatValue": 6.0
  }, {
    "metricName": "com.google.calories.expended",
    "floatValue": 41.37671169193337
  }, {
    "metricName": "com.google.step_count.delta",
    "intValue": 825
  }, {
    "metricName": "com.google.distance.delta",
    "floatValue": 606.7126294067843
  }, {
    "metricName": "com.google.speed.summary",
    "floatValue": 1.224484340761362
  }, {
    "metricName": "com.google.active_minutes",
    "intValue": 8
  }]
}