{
  "fitnessActivity": "walking",
  "startTime": "2023-09-01T02:36:56.913Z",
  "endTime": "2023-09-01T02:52:05.361Z",
  "duration": "908.448s",
  "segment": [{
    "fitnessActivity": "walking",
    "startTime": "2023-09-01T02:36:56.913Z",
    "endTime": "2023-09-01T02:37:40.140Z"
  }, {
    "fitnessActivity": "walking",
    "startTime": "2023-09-01T02:37:40.140Z",
    "endTime": "2023-09-01T02:49:39.995Z"
  }, {
    "fitnessActivity": "walking",
    "startTime": "2023-09-01T02:49:39.995Z",
    "endTime": "2023-09-01T02:52:05.361Z"
  }],
  "aggregate": [{
    "metricName": "com.google.heart_minutes.summary",
    "floatValue": 2.0
  }, {
    "metricName": "com.google.calories.expended",
    "floatValue": 75.61060002890719
  }, {
    "metricName": "com.google.step_count.delta",
    "intValue": 1215
  }, {
    "metricName": "com.google.distance.delta",
    "floatValue": 882.5604420709967
  }, {
    "metricName": "com.google.speed.summary",
    "floatValue": 0.9661413738017481
  }, {
    "metricName": "com.google.active_minutes",
    "intValue": 16
  }]
}