{
  "fitnessActivity": "walking",
  "startTime": "2023-08-22T11:24:03.528Z",
  "endTime": "2023-08-22T11:48:17.463Z",
  "duration": "759.143s",
  "segment": [{
    "fitnessActivity": "walking",
    "startTime": "2023-08-22T11:24:03.528Z",
    "endTime": "2023-08-22T11:26:50.376Z"
  }, {
    "fitnessActivity": "walking",
    "startTime": "2023-08-22T11:31:27.435Z",
    "endTime": "2023-08-22T11:39:49.324Z"
  }, {
    "fitnessActivity": "walking",
    "startTime": "2023-08-22T11:39:49.324Z",
    "endTime": "2023-08-22T11:40:00.953Z"
  }, {
    "fitnessActivity": "walking",
    "startTime": "2023-08-22T11:46:58.686Z",
    "endTime": "2023-08-22T11:48:17.463Z"
  }],
  "aggregate": [{
    "metricName": "com.google.heart_minutes.summary",
    "floatValue": 6.0
  }, {
    "metricName": "com.google.calories.expended",
    "floatValue": 77.03958057409531
  }, {
    "metricName": "com.google.step_count.delta",
    "intValue": 1230
  }, {
    "metricName": "com.google.distance.delta",
    "floatValue": 586.4084198949646
  }, {
    "metricName": "com.google.speed.summary",
    "floatValue": 0.7547325340907414
  }, {
    "metricName": "com.google.active_minutes",
    "intValue": 15
  }]
}