{
  "fitnessActivity": "weightlifting",
  "startTime": "2023-08-13T11:24:51.849Z",
  "endTime": "2023-08-13T13:04:00.157Z",
  "duration": "5948.308s",
  "segment": [{
    "fitnessActivity": "weightlifting",
    "startTime": "2023-08-13T11:24:51.849Z",
    "endTime": "2023-08-13T13:04:00.157Z"
  }],
  "aggregate": [{
    "metricName": "com.google.heart_minutes.summary",
    "floatValue": 198.0
  }, {
    "metricName": "com.google.calories.expended",
    "floatValue": 781.7067945393371
  }, {
    "metricName": "com.google.step_count.delta",
    "intValue": 2052
  }, {
    "metricName": "com.google.distance.delta",
    "floatValue": 1087.0773516937793
  }, {
    "metricName": "com.google.speed.summary",
    "floatValue": 0.5466339543721738
  }, {
    "metricName": "com.google.active_minutes",
    "intValue": 100
  }]
}