{
  "fitnessActivity": "walking",
  "startTime": "2023-07-14T20:59:17.595Z",
  "endTime": "2023-07-14T21:17:07.600Z",
  "duration": "1070.005s",
  "segment": [{
    "fitnessActivity": "walking",
    "startTime": "2023-07-14T20:59:17.595Z",
    "endTime": "2023-07-14T21:17:07.600Z"
  }],
  "aggregate": [{
    "metricName": "com.google.heart_minutes.summary",
    "floatValue": 32.0
  }, {
    "metricName": "com.google.calories.expended",
    "floatValue": 89.33947417669144
  }, {
    "metricName": "com.google.step_count.delta",
    "intValue": 2584
  }, {
    "metricName": "com.google.distance.delta",
    "floatValue": 1056.5332123568533
  }, {
    "metricName": "com.google.speed.summary",
    "floatValue": 1.0077332048335303
  }, {
    "metricName": "com.google.active_minutes",
    "intValue": 18
  }]
}