{
  "fitnessActivity": "walking",
  "startTime": "2023-08-24T19:46:32.797Z",
  "endTime": "2023-08-24T20:10:46.247Z",
  "duration": "1453.450s",
  "segment": [{
    "fitnessActivity": "walking",
    "startTime": "2023-08-24T19:46:32.797Z",
    "endTime": "2023-08-24T19:46:45.374Z"
  }, {
    "fitnessActivity": "walking",
    "startTime": "2023-08-24T19:46:45.374Z",
    "endTime": "2023-08-24T20:09:31.785Z"
  }, {
    "fitnessActivity": "walking",
    "startTime": "2023-08-24T20:09:31.785Z",
    "endTime": "2023-08-24T20:10:46.247Z"
  }],
  "aggregate": [{
    "metricName": "com.google.heart_minutes.summary",
    "floatValue": 1.0
  }, {
    "metricName": "com.google.calories.expended",
    "floatValue": 120.97143831957676
  }, {
    "metricName": "com.google.step_count.delta",
    "intValue": 1866
  }, {
    "metricName": "com.google.distance.delta",
    "floatValue": 1280.1746041913152
  }, {
    "metricName": "com.google.speed.summary",
    "floatValue": 0.9459325834862492
  }, {
    "metricName": "com.google.active_minutes",
    "intValue": 24
  }]
}