{
  "fitnessActivity": "walking",
  "startTime": "2023-05-04T12:00:48.056Z",
  "endTime": "2023-05-04T12:21:17.781Z",
  "duration": "764.880s",
  "segment": [{
    "fitnessActivity": "walking",
    "startTime": "2023-05-04T12:00:48.056Z",
    "endTime": "2023-05-04T12:03:02.542Z"
  }, {
    "fitnessActivity": "walking",
    "startTime": "2023-05-04T12:03:02.542Z",
    "endTime": "2023-05-04T12:11:51.413Z"
  }, {
    "fitnessActivity": "walking",
    "startTime": "2023-05-04T12:19:36.258Z",
    "endTime": "2023-05-04T12:21:11.848Z"
  }, {
    "fitnessActivity": "walking",
    "startTime": "2023-05-04T12:21:11.848Z",
    "endTime": "2023-05-04T12:21:17.781Z"
  }],
  "aggregate": [{
    "metricName": "com.google.heart_minutes.summary",
    "floatValue": 9.0
  }, {
    "metricName": "com.google.calories.expended",
    "floatValue": 72.1993780027091
  }, {
    "metricName": "com.google.step_count.delta",
    "intValue": 1414
  }, {
    "metricName": "com.google.distance.delta",
    "floatValue": 1059.2377825580356
  }, {
    "metricName": "com.google.speed.summary",
    "floatValue": 0.9763833026982792
  }, {
    "metricName": "com.google.active_minutes",
    "intValue": 16
  }]
}