{
  "fitnessActivity": "walking",
  "startTime": "2023-05-20T10:23:42.805Z",
  "endTime": "2023-05-20T10:55:50.416Z",
  "duration": "1073.378s",
  "segment": [{
    "fitnessActivity": "walking",
    "startTime": "2023-05-20T10:23:42.805Z",
    "endTime": "2023-05-20T10:25:31.033Z"
  }, {
    "fitnessActivity": "walking",
    "startTime": "2023-05-20T10:31:33.119Z",
    "endTime": "2023-05-20T10:39:33.939Z"
  }, {
    "fitnessActivity": "walking",
    "startTime": "2023-05-20T10:47:46.086Z",
    "endTime": "2023-05-20T10:55:50.416Z"
  }],
  "aggregate": [{
    "metricName": "com.google.heart_minutes.summary",
    "floatValue": 7.0
  }, {
    "metricName": "com.google.calories.expended",
    "floatValue": 105.32597484881293
  }, {
    "metricName": "com.google.step_count.delta",
    "intValue": 1927
  }, {
    "metricName": "com.google.distance.delta",
    "floatValue": 1430.264843685402
  }, {
    "metricName": "com.google.speed.summary",
    "floatValue": 0.8931931929436709
  }, {
    "metricName": "com.google.active_minutes",
    "intValue": 26
  }]
}