{
  "fitnessActivity": "walking",
  "startTime": "2023-08-22T13:19:02.270Z",
  "endTime": "2023-08-22T13:37:55.077Z",
  "duration": "586.969s",
  "segment": [{
    "fitnessActivity": "walking",
    "startTime": "2023-08-22T13:19:02.270Z",
    "endTime": "2023-08-22T13:21:01.204Z"
  }, {
    "fitnessActivity": "walking",
    "startTime": "2023-08-22T13:26:06.226Z",
    "endTime": "2023-08-22T13:27:08.728Z"
  }, {
    "fitnessActivity": "walking",
    "startTime": "2023-08-22T13:27:08.728Z",
    "endTime": "2023-08-22T13:32:15.207Z"
  }, {
    "fitnessActivity": "walking",
    "startTime": "2023-08-22T13:36:16.023Z",
    "endTime": "2023-08-22T13:36:24.435Z"
  }, {
    "fitnessActivity": "walking",
    "startTime": "2023-08-22T13:36:24.435Z",
    "endTime": "2023-08-22T13:37:55.077Z"
  }],
  "aggregate": [{
    "metricName": "com.google.heart_minutes.summary",
    "floatValue": 3.0
  }, {
    "metricName": "com.google.calories.expended",
    "floatValue": 59.738888791855466
  }, {
    "metricName": "com.google.step_count.delta",
    "intValue": 1018
  }, {
    "metricName": "com.google.distance.delta",
    "floatValue": 2039.8479714558543
  }, {
    "metricName": "com.google.speed.summary",
    "floatValue": 0.9719576647562622
  }, {
    "metricName": "com.google.active_minutes",
    "intValue": 11
  }]
}