{
  "fitnessActivity": "walking",
  "startTime": "2023-05-11T14:42:35.760Z",
  "endTime": "2023-05-11T14:52:40.928Z",
  "duration": "605.168s",
  "segment": [{
    "fitnessActivity": "walking",
    "startTime": "2023-05-11T14:42:35.760Z",
    "endTime": "2023-05-11T14:52:40.928Z"
  }],
  "aggregate": [{
    "metricName": "com.google.heart_minutes.summary",
    "floatValue": 9.0
  }, {
    "metricName": "com.google.calories.expended",
    "floatValue": 49.82549866666666
  }, {
    "metricName": "com.google.step_count.delta",
    "intValue": 1086
  }, {
    "metricName": "com.google.distance.delta",
    "floatValue": 855.5212678582056
  }, {
    "metricName": "com.google.speed.summary",
    "floatValue": 1.4246490332203972
  }, {
    "metricName": "com.google.active_minutes",
    "intValue": 10
  }]
}