{
  "fitnessActivity": "biking",
  "startTime": "2023-06-26T13:00:22.161Z",
  "endTime": "2023-06-26T13:08:27.526Z",
  "duration": "485.365s",
  "segment": [{
    "fitnessActivity": "biking",
    "startTime": "2023-06-26T13:00:22.161Z",
    "endTime": "2023-06-26T13:08:27.526Z"
  }],
  "aggregate": [{
    "metricName": "com.google.heart_minutes.summary",
    "floatValue": 7.0
  }, {
    "metricName": "com.google.calories.expended",
    "floatValue": 42.06496666666667
  }, {
    "metricName": "com.google.active_minutes",
    "intValue": 7
  }]
}