{
  "fitnessActivity": "weightlifting",
  "startTime": "2023-03-18T10:38:18.703Z",
  "endTime": "2023-03-18T13:34:04.490Z",
  "duration": "10545.787s",
  "segment": [{
    "fitnessActivity": "weightlifting",
    "startTime": "2023-03-18T10:38:18.703Z",
    "endTime": "2023-03-18T13:34:04.490Z"
  }],
  "aggregate": [{
    "metricName": "com.google.heart_minutes.summary",
    "floatValue": 350.0
  }, {
    "metricName": "com.google.calories.expended",
    "floatValue": 1283.0707516666666
  }, {
    "metricName": "com.google.active_minutes",
    "intValue": 175
  }]
}