{
  "fitnessActivity": "walking",
  "startTime": "2023-06-07T07:02:53.680Z",
  "endTime": "2023-06-07T07:12:30.571Z",
  "duration": "576.891s",
  "segment": [{
    "fitnessActivity": "walking",
    "startTime": "2023-06-07T07:02:53.680Z",
    "endTime": "2023-06-07T07:02:55.205Z"
  }, {
    "fitnessActivity": "walking",
    "startTime": "2023-06-07T07:02:55.205Z",
    "endTime": "2023-06-07T07:12:30.571Z"
  }],
  "aggregate": [{
    "metricName": "com.google.heart_minutes.summary",
    "floatValue": 8.0
  }, {
    "metricName": "com.google.calories.expended",
    "floatValue": 47.4973246760429
  }, {
    "metricName": "com.google.step_count.delta",
    "intValue": 918
  }, {
    "metricName": "com.google.distance.delta",
    "floatValue": 710.3418576139983
  }, {
    "metricName": "com.google.speed.summary",
    "floatValue": 1.3528258385554943
  }, {
    "metricName": "com.google.active_minutes",
    "intValue": 10
  }]
}