{
  "fitnessActivity": "walking",
  "startTime": "2023-08-02T07:20:59.545Z",
  "endTime": "2023-08-02T07:38:13.561Z",
  "duration": "1034.016s",
  "segment": [{
    "fitnessActivity": "walking",
    "startTime": "2023-08-02T07:20:59.545Z",
    "endTime": "2023-08-02T07:38:13.561Z"
  }],
  "aggregate": [{
    "metricName": "com.google.heart_minutes.summary",
    "floatValue": 10.0
  }, {
    "metricName": "com.google.calories.expended",
    "floatValue": 87.31690666666667
  }, {
    "metricName": "com.google.step_count.delta",
    "intValue": 1394
  }, {
    "metricName": "com.google.distance.delta",
    "floatValue": 1997.403009922831
  }, {
    "metricName": "com.google.speed.summary",
    "floatValue": 1.2028693418843408
  }, {
    "metricName": "com.google.active_minutes",
    "intValue": 15
  }]
}