{
  "fitnessActivity": "weightlifting",
  "startTime": "2023-05-01T09:08:04.742Z",
  "endTime": "2023-05-02T08:42:34.551Z",
  "duration": "84869.809s",
  "segment": [{
    "fitnessActivity": "weightlifting",
    "startTime": "2023-05-01T09:08:04.742Z",
    "endTime": "2023-05-02T08:42:34.551Z"
  }],
  "aggregate": [{
    "metricName": "com.google.heart_minutes.summary",
    "floatValue": 2826.0
  }, {
    "metricName": "com.google.calories.expended",
    "floatValue": 11033.075169999998
  }, {
    "metricName": "com.google.step_count.delta",
    "intValue": 7413
  }, {
    "metricName": "com.google.distance.delta",
    "floatValue": 4921.84663897724
  }, {
    "metricName": "com.google.speed.summary",
    "floatValue": 0.4379467658686295
  }, {
    "metricName": "com.google.active_minutes",
    "intValue": 1414
  }]
}