{
  "fitnessActivity": "walking",
  "startTime": "2023-06-02T13:44:07.351Z",
  "endTime": "2023-06-02T13:57:22.767Z",
  "duration": "795.416s",
  "segment": [{
    "fitnessActivity": "walking",
    "startTime": "2023-06-02T13:44:07.351Z",
    "endTime": "2023-06-02T13:44:20.981Z"
  }, {
    "fitnessActivity": "walking",
    "startTime": "2023-06-02T13:44:20.981Z",
    "endTime": "2023-06-02T13:56:24.517Z"
  }, {
    "fitnessActivity": "walking",
    "startTime": "2023-06-02T13:56:24.517Z",
    "endTime": "2023-06-02T13:57:22.767Z"
  }],
  "aggregate": [{
    "metricName": "com.google.heart_minutes.summary",
    "floatValue": 11.0
  }, {
    "metricName": "com.google.calories.expended",
    "floatValue": 65.66831305998355
  }, {
    "metricName": "com.google.step_count.delta",
    "intValue": 1323
  }, {
    "metricName": "com.google.distance.delta",
    "floatValue": 1018.2222289213099
  }, {
    "metricName": "com.google.speed.summary",
    "floatValue": 1.2778824412342968
  }, {
    "metricName": "com.google.active_minutes",
    "intValue": 13
  }]
}