{
  "fitnessActivity": "walking",
  "startTime": "2023-05-30T04:24:56.109Z",
  "endTime": "2023-05-30T04:35:03.055Z",
  "duration": "606.946s",
  "segment": [{
    "fitnessActivity": "walking",
    "startTime": "2023-05-30T04:24:56.109Z",
    "endTime": "2023-05-30T04:27:32.634Z"
  }, {
    "fitnessActivity": "walking",
    "startTime": "2023-05-30T04:27:32.634Z",
    "endTime": "2023-05-30T04:35:03.055Z"
  }],
  "aggregate": [{
    "metricName": "com.google.heart_minutes.summary",
    "floatValue": 10.0
  }, {
    "metricName": "com.google.calories.expended",
    "floatValue": 52.18065277782077
  }, {
    "metricName": "com.google.step_count.delta",
    "intValue": 1167
  }, {
    "metricName": "com.google.distance.delta",
    "floatValue": 981.2435074949171
  }, {
    "metricName": "com.google.speed.summary",
    "floatValue": 1.616086334642952
  }, {
    "metricName": "com.google.active_minutes",
    "intValue": 11
  }]
}