{
  "fitnessActivity": "walking",
  "startTime": "2023-04-28T06:29:17.239Z",
  "endTime": "2023-04-28T06:41:56.200Z",
  "duration": "758.961s",
  "segment": [{
    "fitnessActivity": "walking",
    "startTime": "2023-04-28T06:29:17.239Z",
    "endTime": "2023-04-28T06:30:25.786Z"
  }, {
    "fitnessActivity": "walking",
    "startTime": "2023-04-28T06:30:25.786Z",
    "endTime": "2023-04-28T06:41:56.200Z"
  }],
  "aggregate": [{
    "metricName": "com.google.heart_minutes.summary",
    "floatValue": 10.0
  }, {
    "metricName": "com.google.calories.expended",
    "floatValue": 62.48773065153895
  }, {
    "metricName": "com.google.step_count.delta",
    "intValue": 1341
  }, {
    "metricName": "com.google.distance.delta",
    "floatValue": 1055.2700600084931
  }, {
    "metricName": "com.google.speed.summary",
    "floatValue": 1.3871150863651431
  }, {
    "metricName": "com.google.active_minutes",
    "intValue": 12
  }]
}