{
  "fitnessActivity": "walking",
  "startTime": "2023-05-11T06:47:39.778Z",
  "endTime": "2023-05-11T06:58:44.817Z",
  "duration": "665.039s",
  "segment": [{
    "fitnessActivity": "walking",
    "startTime": "2023-05-11T06:47:39.778Z",
    "endTime": "2023-05-11T06:55:51.457Z"
  }, {
    "fitnessActivity": "walking",
    "startTime": "2023-05-11T06:55:51.457Z",
    "endTime": "2023-05-11T06:58:11.267Z"
  }, {
    "fitnessActivity": "walking",
    "startTime": "2023-05-11T06:58:11.267Z",
    "endTime": "2023-05-11T06:58:44.817Z"
  }],
  "aggregate": [{
    "metricName": "com.google.heart_minutes.summary",
    "floatValue": 10.0
  }, {
    "metricName": "com.google.calories.expended",
    "floatValue": 54.75481734903388
  }, {
    "metricName": "com.google.step_count.delta",
    "intValue": 1197
  }, {
    "metricName": "com.google.distance.delta",
    "floatValue": 941.9452232530211
  }, {
    "metricName": "com.google.speed.summary",
    "floatValue": 1.4146910353062834
  }, {
    "metricName": "com.google.active_minutes",
    "intValue": 11
  }]
}