{
  "fitnessActivity": "walking",
  "startTime": "2023-09-20T04:28:43.733Z",
  "endTime": "2023-09-20T04:52:34.781Z",
  "duration": "1153.688s",
  "segment": [{
    "fitnessActivity": "walking",
    "startTime": "2023-09-20T04:28:43.733Z",
    "endTime": "2023-09-20T04:41:36.220Z"
  }, {
    "fitnessActivity": "walking",
    "startTime": "2023-09-20T04:46:13.580Z",
    "endTime": "2023-09-20T04:48:48.081Z"
  }, {
    "fitnessActivity": "walking",
    "startTime": "2023-09-20T04:48:48.081Z",
    "endTime": "2023-09-20T04:52:34.781Z"
  }],
  "aggregate": [{
    "metricName": "com.google.heart_minutes.summary",
    "floatValue": 3.0
  }, {
    "metricName": "com.google.calories.expended",
    "floatValue": 101.5532134272595
  }, {
    "metricName": "com.google.step_count.delta",
    "intValue": 784
  }, {
    "metricName": "com.google.distance.delta",
    "floatValue": 552.2924043827454
  }, {
    "metricName": "com.google.speed.summary",
    "floatValue": 0.7430008728343037
  }, {
    "metricName": "com.google.active_minutes",
    "intValue": 11
  }]
}