{
  "fitnessActivity": "walking",
  "startTime": "2023-05-03T14:13:45.891Z",
  "endTime": "2023-05-03T14:34:40.194Z",
  "duration": "713.971s",
  "segment": [{
    "fitnessActivity": "walking",
    "startTime": "2023-05-03T14:13:45.891Z",
    "endTime": "2023-05-03T14:18:23.880Z"
  }, {
    "fitnessActivity": "walking",
    "startTime": "2023-05-03T14:18:23.880Z",
    "endTime": "2023-05-03T14:22:53.240Z"
  }, {
    "fitnessActivity": "walking",
    "startTime": "2023-05-03T14:31:53.572Z",
    "endTime": "2023-05-03T14:32:09.172Z"
  }, {
    "fitnessActivity": "walking",
    "startTime": "2023-05-03T14:32:09.172Z",
    "endTime": "2023-05-03T14:34:40.194Z"
  }],
  "aggregate": [{
    "metricName": "com.google.calories.expended",
    "floatValue": 69.50576437993789
  }, {
    "metricName": "com.google.step_count.delta",
    "intValue": 1084
  }, {
    "metricName": "com.google.distance.delta",
    "floatValue": 789.9083779117009
  }, {
    "metricName": "com.google.speed.summary",
    "floatValue": 0.8278811686165567
  }, {
    "metricName": "com.google.active_minutes",
    "intValue": 14
  }]
}