{
  "fitnessActivity": "weightlifting",
  "startTime": "2023-02-13T09:01:21.602Z",
  "endTime": "2023-02-13T11:53:53.564Z",
  "duration": "10351.962s",
  "segment": [{
    "fitnessActivity": "weightlifting",
    "startTime": "2023-02-13T09:01:21.602Z",
    "endTime": "2023-02-13T11:53:53.564Z"
  }],
  "aggregate": [{
    "metricName": "com.google.heart_minutes.summary",
    "floatValue": 342.0
  }, {
    "metricName": "com.google.calories.expended",
    "floatValue": 1259.48871
  }, {
    "metricName": "com.google.active_minutes",
    "intValue": 171
  }]
}