{
  "fitnessActivity": "walking",
  "startTime": "2023-06-08T12:16:14.883Z",
  "endTime": "2023-06-08T12:30:52.342Z",
  "duration": "877.459s",
  "segment": [{
    "fitnessActivity": "walking",
    "startTime": "2023-06-08T12:16:14.883Z",
    "endTime": "2023-06-08T12:30:52.342Z"
  }],
  "aggregate": [{
    "metricName": "com.google.heart_minutes.summary",
    "floatValue": 13.0
  }, {
    "metricName": "com.google.calories.expended",
    "floatValue": 72.24412433333333
  }, {
    "metricName": "com.google.step_count.delta",
    "intValue": 1423
  }, {
    "metricName": "com.google.distance.delta",
    "floatValue": 1094.4635382589827
  }, {
    "metricName": "com.google.speed.summary",
    "floatValue": 1.3256506485216384
  }, {
    "metricName": "com.google.active_minutes",
    "intValue": 14
  }]
}