{
  "fitnessActivity": "walking",
  "startTime": "2023-08-31T13:27:44.811Z",
  "endTime": "2023-08-31T13:49:43.207Z",
  "duration": "678.970s",
  "segment": [{
    "fitnessActivity": "walking",
    "startTime": "2023-08-31T13:27:44.811Z",
    "endTime": "2023-08-31T13:31:30.313Z"
  }, {
    "fitnessActivity": "walking",
    "startTime": "2023-08-31T13:42:09.739Z",
    "endTime": "2023-08-31T13:44:28.367Z"
  }, {
    "fitnessActivity": "walking",
    "startTime": "2023-08-31T13:44:28.367Z",
    "endTime": "2023-08-31T13:49:43.207Z"
  }],
  "aggregate": [{
    "metricName": "com.google.heart_minutes.summary",
    "floatValue": 6.0
  }, {
    "metricName": "com.google.calories.expended",
    "floatValue": 69.26251932318665
  }, {
    "metricName": "com.google.step_count.delta",
    "intValue": 1057
  }, {
    "metricName": "com.google.distance.delta",
    "floatValue": 909.2497887735572
  }, {
    "metricName": "com.google.speed.summary",
    "floatValue": 0.8593419806549424
  }, {
    "metricName": "com.google.active_minutes",
    "intValue": 16
  }]
}