{
  "fitnessActivity": "walking",
  "startTime": "2023-05-10T06:43:05.096Z",
  "endTime": "2023-05-10T06:56:23.725Z",
  "duration": "798.629s",
  "segment": [{
    "fitnessActivity": "walking",
    "startTime": "2023-05-10T06:43:05.096Z",
    "endTime": "2023-05-10T06:43:30.080Z"
  }, {
    "fitnessActivity": "walking",
    "startTime": "2023-05-10T06:43:30.080Z",
    "endTime": "2023-05-10T06:56:23.725Z"
  }],
  "aggregate": [{
    "metricName": "com.google.heart_minutes.summary",
    "floatValue": 11.0
  }, {
    "metricName": "com.google.calories.expended",
    "floatValue": 65.9408571662401
  }, {
    "metricName": "com.google.step_count.delta",
    "intValue": 1304
  }, {
    "metricName": "com.google.distance.delta",
    "floatValue": 1038.5170739831608
  }, {
    "metricName": "com.google.speed.summary",
    "floatValue": 1.468374755542575
  }, {
    "metricName": "com.google.active_minutes",
    "intValue": 12
  }]
}