{
  "fitnessActivity": "weightlifting",
  "startTime": "2023-04-07T13:45:56.392Z",
  "endTime": "2023-04-07T15:59:01.305Z",
  "duration": "7984.913s",
  "segment": [{
    "fitnessActivity": "weightlifting",
    "startTime": "2023-04-07T13:45:56.392Z",
    "endTime": "2023-04-07T15:59:01.305Z"
  }],
  "aggregate": [{
    "metricName": "com.google.heart_minutes.summary",
    "floatValue": 266.0
  }, {
    "metricName": "com.google.calories.expended",
    "floatValue": 971.4977483333334
  }, {
    "metricName": "com.google.active_minutes",
    "intValue": 133
  }]
}