{
  "fitnessActivity": "weightlifting",
  "startTime": "2023-08-24T16:23:31.363Z",
  "endTime": "2023-08-24T17:27:29.167Z",
  "duration": "3837.804s",
  "segment": [{
    "fitnessActivity": "weightlifting",
    "startTime": "2023-08-24T16:23:31.363Z",
    "endTime": "2023-08-24T17:27:29.167Z"
  }],
  "aggregate": [{
    "metricName": "com.google.heart_minutes.summary",
    "floatValue": 126.0
  }, {
    "metricName": "com.google.calories.expended",
    "floatValue": 504.3513992399598
  }, {
    "metricName": "com.google.step_count.delta",
    "intValue": 1359
  }, {
    "metricName": "com.google.distance.delta",
    "floatValue": 717.703774923896
  }, {
    "metricName": "com.google.speed.summary",
    "floatValue": 0.5368140518993129
  }, {
    "metricName": "com.google.active_minutes",
    "intValue": 64
  }]
}