{
  "fitnessActivity": "weightlifting",
  "startTime": "2023-03-25T09:40:34.510Z",
  "endTime": "2023-03-25T12:29:21.800Z",
  "duration": "10127.290s",
  "segment": [{
    "fitnessActivity": "weightlifting",
    "startTime": "2023-03-25T09:40:34.510Z",
    "endTime": "2023-03-25T12:29:21.800Z"
  }],
  "aggregate": [{
    "metricName": "com.google.heart_minutes.summary",
    "floatValue": 336.0
  }, {
    "metricName": "com.google.calories.expended",
    "floatValue": 1232.1536166666665
  }, {
    "metricName": "com.google.active_minutes",
    "intValue": 168
  }]
}