{
  "fitnessActivity": "walking",
  "startTime": "2023-09-05T08:54:22.352Z",
  "endTime": "2023-09-05T09:41:31.008Z",
  "duration": "1935.829s",
  "segment": [{
    "fitnessActivity": "walking",
    "startTime": "2023-09-05T08:54:22.352Z",
    "endTime": "2023-09-05T08:55:22.494Z"
  }, {
    "fitnessActivity": "walking",
    "startTime": "2023-09-05T09:10:15.321Z",
    "endTime": "2023-09-05T09:12:06.438Z"
  }, {
    "fitnessActivity": "walking",
    "startTime": "2023-09-05T09:12:06.438Z",
    "endTime": "2023-09-05T09:41:31.008Z"
  }],
  "aggregate": [{
    "metricName": "com.google.heart_minutes.summary",
    "floatValue": 19.0
  }, {
    "metricName": "com.google.calories.expended",
    "floatValue": 178.92495112603757
  }, {
    "metricName": "com.google.step_count.delta",
    "intValue": 2463
  }, {
    "metricName": "com.google.distance.delta",
    "floatValue": 1728.0009595084498
  }, {
    "metricName": "com.google.speed.summary",
    "floatValue": 0.9344929211484254
  }, {
    "metricName": "com.google.active_minutes",
    "intValue": 28
  }]
}