{
  "fitnessActivity": "weightlifting",
  "startTime": "2023-02-22T08:17:13.784Z",
  "endTime": "2023-02-22T10:54:40.899Z",
  "duration": "9447.115s",
  "segment": [{
    "fitnessActivity": "weightlifting",
    "startTime": "2023-02-22T08:17:13.784Z",
    "endTime": "2023-02-22T10:54:40.899Z"
  }],
  "aggregate": [{
    "metricName": "com.google.heart_minutes.summary",
    "floatValue": 312.0
  }, {
    "metricName": "com.google.calories.expended",
    "floatValue": 1149.3989916666667
  }, {
    "metricName": "com.google.active_minutes",
    "intValue": 156
  }]
}