{
  "fitnessActivity": "weightlifting",
  "startTime": "2023-06-15T14:40:16.257Z",
  "endTime": "2023-06-15T16:16:25.122Z",
  "duration": "5768.865s",
  "segment": [{
    "fitnessActivity": "weightlifting",
    "startTime": "2023-06-15T14:40:16.257Z",
    "endTime": "2023-06-15T16:16:25.122Z"
  }],
  "aggregate": [{
    "metricName": "com.google.heart_minutes.summary",
    "floatValue": 190.0
  }, {
    "metricName": "com.google.calories.expended",
    "floatValue": 749.9537703884125
  }, {
    "metricName": "com.google.step_count.delta",
    "intValue": 4284
  }, {
    "metricName": "com.google.distance.delta",
    "floatValue": 3608.072293466764
  }, {
    "metricName": "com.google.speed.summary",
    "floatValue": 0.9160658382825804
  }, {
    "metricName": "com.google.active_minutes",
    "intValue": 95
  }]
}