{
  "fitnessActivity": "weightlifting",
  "startTime": "2023-07-01T08:11:37.895Z",
  "endTime": "2023-07-01T10:10:44.544Z",
  "duration": "7146.649s",
  "segment": [{
    "fitnessActivity": "weightlifting",
    "startTime": "2023-07-01T08:11:37.895Z",
    "endTime": "2023-07-01T10:10:44.544Z"
  }],
  "aggregate": [{
    "metricName": "com.google.heart_minutes.summary",
    "floatValue": 236.0
  }, {
    "metricName": "com.google.calories.expended",
    "floatValue": 929.066005738144
  }, {
    "metricName": "com.google.step_count.delta",
    "intValue": 1372
  }, {
    "metricName": "com.google.distance.delta",
    "floatValue": 787.1498342433794
  }, {
    "metricName": "com.google.speed.summary",
    "floatValue": 0.5184159566477127
  }, {
    "metricName": "com.google.active_minutes",
    "intValue": 118
  }]
}