{
  "fitnessActivity": "walking",
  "startTime": "2023-09-05T22:59:58.391Z",
  "endTime": "2023-09-05T23:13:02.039Z",
  "duration": "783.648s",
  "segment": [{
    "fitnessActivity": "walking",
    "startTime": "2023-09-05T22:59:58.391Z",
    "endTime": "2023-09-05T23:00:11.674Z"
  }, {
    "fitnessActivity": "walking",
    "startTime": "2023-09-05T23:00:11.674Z",
    "endTime": "2023-09-05T23:13:02.039Z"
  }],
  "aggregate": [{
    "metricName": "com.google.heart_minutes.summary",
    "floatValue": 8.0
  }, {
    "metricName": "com.google.calories.expended",
    "floatValue": 65.22343736284289
  }, {
    "metricName": "com.google.step_count.delta",
    "intValue": 1096
  }, {
    "metricName": "com.google.distance.delta",
    "floatValue": 666.1068542520729
  }, {
    "metricName": "com.google.speed.summary",
    "floatValue": 1.3285471456314253
  }, {
    "metricName": "com.google.active_minutes",
    "intValue": 13
  }]
}