{
  "fitnessActivity": "walking",
  "startTime": "2023-05-03T05:46:55.954Z",
  "endTime": "2023-05-03T05:57:45.293Z",
  "duration": "649.339s",
  "segment": [{
    "fitnessActivity": "walking",
    "startTime": "2023-05-03T05:46:55.954Z",
    "endTime": "2023-05-03T05:48:11.959Z"
  }, {
    "fitnessActivity": "walking",
    "startTime": "2023-05-03T05:48:11.959Z",
    "endTime": "2023-05-03T05:57:45.293Z"
  }],
  "aggregate": [{
    "metricName": "com.google.heart_minutes.summary",
    "floatValue": 10.0
  }, {
    "metricName": "com.google.calories.expended",
    "floatValue": 53.462197388971276
  }, {
    "metricName": "com.google.step_count.delta",
    "intValue": 1204
  }, {
    "metricName": "com.google.distance.delta",
    "floatValue": 971.725422022415
  }, {
    "metricName": "com.google.speed.summary",
    "floatValue": 1.517112691808938
  }, {
    "metricName": "com.google.active_minutes",
    "intValue": 11
  }]
}