{
  "fitnessActivity": "biking",
  "startTime": "2023-07-21T06:40:26.861Z",
  "endTime": "2023-07-21T07:12:30.287Z",
  "duration": "1923.426s",
  "segment": [{
    "fitnessActivity": "biking",
    "startTime": "2023-07-21T06:40:26.861Z",
    "endTime": "2023-07-21T07:12:30.287Z"
  }],
  "aggregate": [{
    "metricName": "com.google.heart_minutes.summary",
    "floatValue": 31.0
  }, {
    "metricName": "com.google.calories.expended",
    "floatValue": 170.65062573898317
  }, {
    "metricName": "com.google.distance.delta",
    "floatValue": 9223.644412532236
  }, {
    "metricName": "com.google.speed.summary",
    "floatValue": 5.045847900319815
  }, {
    "metricName": "com.google.active_minutes",
    "intValue": 31
  }]
}