{
  "fitnessActivity": "walking",
  "startTime": "2023-08-17T14:34:56.854Z",
  "endTime": "2023-08-17T16:24:54.872Z",
  "duration": "6272.592s",
  "segment": [{
    "fitnessActivity": "walking",
    "startTime": "2023-08-17T14:34:56.854Z",
    "endTime": "2023-08-17T15:40:50.811Z"
  }, {
    "fitnessActivity": "walking",
    "startTime": "2023-08-17T15:44:18.090Z",
    "endTime": "2023-08-17T16:03:47.391Z"
  }, {
    "fitnessActivity": "walking",
    "startTime": "2023-08-17T16:03:47.391Z",
    "endTime": "2023-08-17T16:03:50.600Z"
  }, {
    "fitnessActivity": "walking",
    "startTime": "2023-08-17T16:05:48.747Z",
    "endTime": "2023-08-17T16:24:16.800Z"
  }, {
    "fitnessActivity": "walking",
    "startTime": "2023-08-17T16:24:16.800Z",
    "endTime": "2023-08-17T16:24:54.872Z"
  }],
  "aggregate": [{
    "metricName": "com.google.heart_minutes.summary",
    "floatValue": 10.0
  }, {
    "metricName": "com.google.calories.expended",
    "floatValue": 528.5610185672065
  }, {
    "metricName": "com.google.step_count.delta",
    "intValue": 9045
  }, {
    "metricName": "com.google.distance.delta",
    "floatValue": 3851.76525463353
  }, {
    "metricName": "com.google.speed.summary",
    "floatValue": 1.0039778616993216
  }, {
    "metricName": "com.google.active_minutes",
    "intValue": 107
  }]
}