{
  "fitnessActivity": "walking",
  "startTime": "2023-09-17T09:08:45.838Z",
  "endTime": "2023-09-17T09:22:56.846Z",
  "duration": "851.008s",
  "segment": [{
    "fitnessActivity": "walking",
    "startTime": "2023-09-17T09:08:45.838Z",
    "endTime": "2023-09-17T09:20:57.271Z"
  }, {
    "fitnessActivity": "walking",
    "startTime": "2023-09-17T09:20:57.271Z",
    "endTime": "2023-09-17T09:22:56.846Z"
  }],
  "aggregate": [{
    "metricName": "com.google.heart_minutes.summary",
    "floatValue": 2.0
  }, {
    "metricName": "com.google.calories.expended",
    "floatValue": 70.8298672515462
  }, {
    "metricName": "com.google.step_count.delta",
    "intValue": 992
  }, {
    "metricName": "com.google.distance.delta",
    "floatValue": 721.5425140771905
  }, {
    "metricName": "com.google.speed.summary",
    "floatValue": 0.8937522351015155
  }, {
    "metricName": "com.google.active_minutes",
    "intValue": 12
  }]
}