{
  "fitnessActivity": "walking",
  "startTime": "2023-07-28T20:35:10.742Z",
  "endTime": "2023-07-28T20:56:53.469Z",
  "duration": "1302.727s",
  "segment": [{
    "fitnessActivity": "walking",
    "startTime": "2023-07-28T20:35:10.742Z",
    "endTime": "2023-07-28T20:35:19.963Z"
  }, {
    "fitnessActivity": "walking",
    "startTime": "2023-07-28T20:35:19.963Z",
    "endTime": "2023-07-28T20:56:53.469Z"
  }],
  "aggregate": [{
    "metricName": "com.google.heart_minutes.summary",
    "floatValue": 1.0
  }, {
    "metricName": "com.google.calories.expended",
    "floatValue": 109.93925169970593
  }, {
    "metricName": "com.google.step_count.delta",
    "intValue": 1794
  }, {
    "metricName": "com.google.distance.delta",
    "floatValue": 1181.9960267073689
  }, {
    "metricName": "com.google.speed.summary",
    "floatValue": 0.9849574837371766
  }, {
    "metricName": "com.google.active_minutes",
    "intValue": 21
  }]
}