{
  "fitnessActivity": "weightlifting",
  "startTime": "2023-03-08T08:17:33.598Z",
  "endTime": "2023-03-08T10:25:15.804Z",
  "duration": "7662.206s",
  "segment": [{
    "fitnessActivity": "weightlifting",
    "startTime": "2023-03-08T08:17:33.598Z",
    "endTime": "2023-03-08T10:25:15.804Z"
  }],
  "aggregate": [{
    "metricName": "com.google.heart_minutes.summary",
    "floatValue": 254.0
  }, {
    "metricName": "com.google.calories.expended",
    "floatValue": 932.2350633333332
  }, {
    "metricName": "com.google.active_minutes",
    "intValue": 127
  }]
}