{
  "fitnessActivity": "walking",
  "startTime": "2023-09-02T10:20:04.788Z",
  "endTime": "2023-09-02T10:53:25.571Z",
  "duration": "1362.225s",
  "segment": [{
    "fitnessActivity": "walking",
    "startTime": "2023-09-02T10:20:04.788Z",
    "endTime": "2023-09-02T10:23:40.077Z"
  }, {
    "fitnessActivity": "walking",
    "startTime": "2023-09-02T10:34:18.635Z",
    "endTime": "2023-09-02T10:53:25.571Z"
  }],
  "aggregate": [{
    "metricName": "com.google.heart_minutes.summary",
    "floatValue": 4.0
  }, {
    "metricName": "com.google.calories.expended",
    "floatValue": 126.11294771294082
  }, {
    "metricName": "com.google.step_count.delta",
    "intValue": 1989
  }, {
    "metricName": "com.google.distance.delta",
    "floatValue": 1673.98872761822
  }, {
    "metricName": "com.google.speed.summary",
    "floatValue": 1.1055406233543492
  }, {
    "metricName": "com.google.active_minutes",
    "intValue": 24
  }]
}