{
  "fitnessActivity": "walking",
  "startTime": "2023-06-08T20:14:05.836Z",
  "endTime": "2023-06-08T20:26:23.943Z",
  "duration": "738.107s",
  "segment": [{
    "fitnessActivity": "walking",
    "startTime": "2023-06-08T20:14:05.836Z",
    "endTime": "2023-06-08T20:17:22.930Z"
  }, {
    "fitnessActivity": "walking",
    "startTime": "2023-06-08T20:17:22.930Z",
    "endTime": "2023-06-08T20:26:23.943Z"
  }],
  "aggregate": [{
    "metricName": "com.google.heart_minutes.summary",
    "floatValue": 6.0
  }, {
    "metricName": "com.google.calories.expended",
    "floatValue": 60.77077426995116
  }, {
    "metricName": "com.google.step_count.delta",
    "intValue": 1138
  }, {
    "metricName": "com.google.distance.delta",
    "floatValue": 868.2732418463496
  }, {
    "metricName": "com.google.speed.summary",
    "floatValue": 1.291655045780242
  }, {
    "metricName": "com.google.active_minutes",
    "intValue": 12
  }]
}