{
  "fitnessActivity": "walking",
  "startTime": "2023-05-30T20:15:34.422Z",
  "endTime": "2023-05-30T20:30:16.982Z",
  "duration": "882.560s",
  "segment": [{
    "fitnessActivity": "walking",
    "startTime": "2023-05-30T20:15:34.422Z",
    "endTime": "2023-05-30T20:30:16.982Z"
  }],
  "aggregate": [{
    "metricName": "com.google.heart_minutes.summary",
    "floatValue": 9.0
  }, {
    "metricName": "com.google.calories.expended",
    "floatValue": 72.66410666666667
  }, {
    "metricName": "com.google.step_count.delta",
    "intValue": 1334
  }, {
    "metricName": "com.google.distance.delta",
    "floatValue": 1017.0646982687518
  }, {
    "metricName": "com.google.speed.summary",
    "floatValue": 1.2644999488268138
  }, {
    "metricName": "com.google.active_minutes",
    "intValue": 14
  }]
}