{
  "fitnessActivity": "weightlifting",
  "startTime": "2023-05-25T14:08:12.723Z",
  "endTime": "2023-05-25T15:40:11.220Z",
  "duration": "5518.497s",
  "segment": [{
    "fitnessActivity": "weightlifting",
    "startTime": "2023-05-25T14:08:12.723Z",
    "endTime": "2023-05-25T15:40:11.220Z"
  }],
  "aggregate": [{
    "metricName": "com.google.heart_minutes.summary",
    "floatValue": 182.0
  }, {
    "metricName": "com.google.calories.expended",
    "floatValue": 717.40461
  }, {
    "metricName": "com.google.step_count.delta",
    "intValue": 2455
  }, {
    "metricName": "com.google.distance.delta",
    "floatValue": 1481.7398835172621
  }, {
    "metricName": "com.google.speed.summary",
    "floatValue": 0.8193071409049414
  }, {
    "metricName": "com.google.active_minutes",
    "intValue": 91
  }]
}