{
  "fitnessActivity": "walking",
  "startTime": "2023-09-21T04:41:39.150Z",
  "endTime": "2023-09-21T05:28:23.458Z",
  "duration": "2262.735s",
  "segment": [{
    "fitnessActivity": "walking",
    "startTime": "2023-09-21T04:41:39.150Z",
    "endTime": "2023-09-21T04:49:05.771Z"
  }, {
    "fitnessActivity": "walking",
    "startTime": "2023-09-21T04:49:05.771Z",
    "endTime": "2023-09-21T04:51:02.172Z"
  }, {
    "fitnessActivity": "walking",
    "startTime": "2023-09-21T04:52:02.036Z",
    "endTime": "2023-09-21T05:00:40.099Z"
  }, {
    "fitnessActivity": "walking",
    "startTime": "2023-09-21T05:00:40.099Z",
    "endTime": "2023-09-21T05:01:17.712Z"
  }, {
    "fitnessActivity": "walking",
    "startTime": "2023-09-21T05:05:23.177Z",
    "endTime": "2023-09-21T05:08:44.723Z"
  }, {
    "fitnessActivity": "walking",
    "startTime": "2023-09-21T05:08:44.723Z",
    "endTime": "2023-09-21T05:20:07.395Z"
  }, {
    "fitnessActivity": "walking",
    "startTime": "2023-09-21T05:24:03.639Z",
    "endTime": "2023-09-21T05:24:07.457Z"
  }, {
    "fitnessActivity": "walking",
    "startTime": "2023-09-21T05:24:07.457Z",
    "endTime": "2023-09-21T05:28:23.458Z"
  }],
  "aggregate": [{
    "metricName": "com.google.heart_minutes.summary",
    "floatValue": 11.0
  }, {
    "metricName": "com.google.calories.expended",
    "floatValue": 199.128754834625
  }, {
    "metricName": "com.google.step_count.delta",
    "intValue": 3041
  }, {
    "metricName": "com.google.distance.delta",
    "floatValue": 2467.8884771216776
  }, {
    "metricName": "com.google.speed.summary",
    "floatValue": 1.0038647422428755
  }, {
    "metricName": "com.google.active_minutes",
    "intValue": 38
  }]
}