{
  "fitnessActivity": "weightlifting",
  "startTime": "2023-07-29T11:20:17.777Z",
  "endTime": "2023-07-29T21:25:59.004Z",
  "duration": "36341.227s",
  "segment": [{
    "fitnessActivity": "weightlifting",
    "startTime": "2023-07-29T11:20:17.777Z",
    "endTime": "2023-07-29T21:25:59.004Z"
  }],
  "aggregate": [{
    "metricName": "com.google.heart_minutes.summary",
    "floatValue": 1208.0
  }, {
    "metricName": "com.google.calories.expended",
    "floatValue": 4868.217603609517
  }, {
    "metricName": "com.google.step_count.delta",
    "intValue": 9516
  }, {
    "metricName": "com.google.distance.delta",
    "floatValue": 5358.461689383663
  }, {
    "metricName": "com.google.speed.summary",
    "floatValue": 0.4612978861671203
  }, {
    "metricName": "com.google.active_minutes",
    "intValue": 605
  }]
}