{
  "fitnessActivity": "walking",
  "startTime": "2023-06-14T17:00:23.383Z",
  "endTime": "2023-06-14T17:14:42.073Z",
  "duration": "858.690s",
  "segment": [{
    "fitnessActivity": "walking",
    "startTime": "2023-06-14T17:00:23.383Z",
    "endTime": "2023-06-14T17:01:13.291Z"
  }, {
    "fitnessActivity": "walking",
    "startTime": "2023-06-14T17:01:13.291Z",
    "endTime": "2023-06-14T17:11:13.291Z"
  }, {
    "fitnessActivity": "walking",
    "startTime": "2023-06-14T17:11:13.291Z",
    "endTime": "2023-06-14T17:14:42.073Z"
  }],
  "aggregate": [{
    "metricName": "com.google.heart_minutes.summary",
    "floatValue": 10.0
  }, {
    "metricName": "com.google.calories.expended",
    "floatValue": 70.69879726718824
  }, {
    "metricName": "com.google.step_count.delta",
    "intValue": 1427
  }, {
    "metricName": "com.google.distance.delta",
    "floatValue": 1098.1344798958169
  }, {
    "metricName": "com.google.speed.summary",
    "floatValue": 1.307496561770588
  }, {
    "metricName": "com.google.active_minutes",
    "intValue": 14
  }]
}