{
  "fitnessActivity": "walking",
  "startTime": "2023-06-18T16:04:44.017Z",
  "endTime": "2023-06-18T16:15:56.885Z",
  "duration": "672.868s",
  "segment": [{
    "fitnessActivity": "walking",
    "startTime": "2023-06-18T16:04:44.017Z",
    "endTime": "2023-06-18T16:15:56.885Z"
  }],
  "aggregate": [{
    "metricName": "com.google.heart_minutes.summary",
    "floatValue": 10.0
  }, {
    "metricName": "com.google.calories.expended",
    "floatValue": 55.39946533333333
  }, {
    "metricName": "com.google.step_count.delta",
    "intValue": 1117
  }, {
    "metricName": "com.google.distance.delta",
    "floatValue": 867.5737210120001
  }, {
    "metricName": "com.google.speed.summary",
    "floatValue": 1.3653455990333296
  }, {
    "metricName": "com.google.active_minutes",
    "intValue": 10
  }]
}