{
  "fitnessActivity": "walking",
  "startTime": "2023-06-09T06:55:35.797Z",
  "endTime": "2023-06-09T07:12:45.745Z",
  "duration": "1029.948s",
  "segment": [{
    "fitnessActivity": "walking",
    "startTime": "2023-06-09T06:55:35.797Z",
    "endTime": "2023-06-09T07:12:45.745Z"
  }],
  "aggregate": [{
    "metricName": "com.google.heart_minutes.summary",
    "floatValue": 7.0
  }, {
    "metricName": "com.google.calories.expended",
    "floatValue": 84.79905199999999
  }, {
    "metricName": "com.google.step_count.delta",
    "intValue": 1281
  }, {
    "metricName": "com.google.distance.delta",
    "floatValue": 972.0658178726446
  }, {
    "metricName": "com.google.speed.summary",
    "floatValue": 1.121688246149977
  }, {
    "metricName": "com.google.active_minutes",
    "intValue": 13
  }]
}