{
  "fitnessActivity": "weightlifting",
  "startTime": "2023-07-10T13:56:11.207Z",
  "endTime": "2023-07-10T15:21:47.314Z",
  "duration": "5136.107s",
  "segment": [{
    "fitnessActivity": "weightlifting",
    "startTime": "2023-07-10T13:56:11.207Z",
    "endTime": "2023-07-10T15:21:47.314Z"
  }],
  "aggregate": [{
    "metricName": "com.google.heart_minutes.summary",
    "floatValue": 168.0
  }, {
    "metricName": "com.google.calories.expended",
    "floatValue": 667.6950855615997
  }, {
    "metricName": "com.google.step_count.delta",
    "intValue": 1230
  }, {
    "metricName": "com.google.distance.delta",
    "floatValue": 876.7061409585813
  }, {
    "metricName": "com.google.speed.summary",
    "floatValue": 0.5195709267080634
  }, {
    "metricName": "com.google.active_minutes",
    "intValue": 84
  }]
}