{
  "fitnessActivity": "walking",
  "startTime": "2023-04-30T22:33:24.077Z",
  "endTime": "2023-04-30T22:43:25.940Z",
  "duration": "601.863s",
  "segment": [{
    "fitnessActivity": "walking",
    "startTime": "2023-04-30T22:33:24.077Z",
    "endTime": "2023-04-30T22:43:25.940Z"
  }],
  "aggregate": [{
    "metricName": "com.google.heart_minutes.summary",
    "floatValue": 6.0
  }, {
    "metricName": "com.google.calories.expended",
    "floatValue": 49.553387
  }, {
    "metricName": "com.google.step_count.delta",
    "intValue": 966
  }, {
    "metricName": "com.google.distance.delta",
    "floatValue": 738.7518201591021
  }, {
    "metricName": "com.google.speed.summary",
    "floatValue": 1.250676082075268
  }, {
    "metricName": "com.google.active_minutes",
    "intValue": 10
  }]
}