{
  "fitnessActivity": "weightlifting",
  "startTime": "2023-05-17T14:11:21.885Z",
  "endTime": "2023-05-17T16:07:33.382Z",
  "duration": "6971.497s",
  "segment": [{
    "fitnessActivity": "weightlifting",
    "startTime": "2023-05-17T14:11:21.885Z",
    "endTime": "2023-05-17T16:07:33.382Z"
  }],
  "aggregate": [{
    "metricName": "com.google.heart_minutes.summary",
    "floatValue": 230.0
  }, {
    "metricName": "com.google.calories.expended",
    "floatValue": 906.2946100000001
  }, {
    "metricName": "com.google.step_count.delta",
    "intValue": 1664
  }, {
    "metricName": "com.google.distance.delta",
    "floatValue": 1163.9669343342039
  }, {
    "metricName": "com.google.speed.summary",
    "floatValue": 0.4867280449658991
  }, {
    "metricName": "com.google.active_minutes",
    "intValue": 115
  }]
}