{
  "fitnessActivity": "walking",
  "startTime": "2023-09-28T08:03:20.202Z",
  "endTime": "2023-09-28T08:16:08.728Z",
  "duration": "768.526s",
  "segment": [{
    "fitnessActivity": "walking",
    "startTime": "2023-09-28T08:03:20.202Z",
    "endTime": "2023-09-28T08:07:20.261Z"
  }, {
    "fitnessActivity": "walking",
    "startTime": "2023-09-28T08:07:20.261Z",
    "endTime": "2023-09-28T08:16:08.728Z"
  }],
  "aggregate": [{
    "metricName": "com.google.heart_minutes.summary",
    "floatValue": 1.0
  }, {
    "metricName": "com.google.calories.expended",
    "floatValue": 63.96479673989204
  }, {
    "metricName": "com.google.step_count.delta",
    "intValue": 973
  }, {
    "metricName": "com.google.distance.delta",
    "floatValue": 731.9942141638759
  }, {
    "metricName": "com.google.speed.summary",
    "floatValue": 0.9843388322815502
  }, {
    "metricName": "com.google.active_minutes",
    "intValue": 13
  }]
}