{
  "fitnessActivity": "walking",
  "startTime": "2023-04-27T13:31:09.696Z",
  "endTime": "2023-04-27T13:44:04.507Z",
  "duration": "774.811s",
  "segment": [{
    "fitnessActivity": "walking",
    "startTime": "2023-04-27T13:31:09.696Z",
    "endTime": "2023-04-27T13:34:47.917Z"
  }, {
    "fitnessActivity": "walking",
    "startTime": "2023-04-27T13:34:47.917Z",
    "endTime": "2023-04-27T13:44:04.507Z"
  }],
  "aggregate": [{
    "metricName": "com.google.heart_minutes.summary",
    "floatValue": 9.0
  }, {
    "metricName": "com.google.calories.expended",
    "floatValue": 63.79276435460086
  }, {
    "metricName": "com.google.step_count.delta",
    "intValue": 1210
  }, {
    "metricName": "com.google.distance.delta",
    "floatValue": 938.3263179736285
  }, {
    "metricName": "com.google.speed.summary",
    "floatValue": 1.3571611843414524
  }, {
    "metricName": "com.google.active_minutes",
    "intValue": 12
  }]
}