{
  "fitnessActivity": "weightlifting",
  "startTime": "2023-07-23T19:44:48.183Z",
  "endTime": "2023-07-23T19:45:06.230Z",
  "duration": "18.047s",
  "segment": [{
    "fitnessActivity": "weightlifting",
    "startTime": "2023-07-23T19:44:48.183Z",
    "endTime": "2023-07-23T19:45:06.230Z"
  }],
  "aggregate": [{
    "metricName": "com.google.calories.expended",
    "floatValue": 2.3912275
  }, {
    "metricName": "com.google.step_count.delta",
    "intValue": 22
  }, {
    "metricName": "com.google.distance.delta",
    "floatValue": 17.0521627433205
  }, {
    "metricName": "com.google.active_minutes",
    "intValue": 1
  }]
}