{
  "fitnessActivity": "weightlifting",
  "startTime": "2023-08-09T11:31:33.422Z",
  "endTime": "2023-08-09T14:15:14.954Z",
  "duration": "9821.532s",
  "segment": [{
    "fitnessActivity": "weightlifting",
    "startTime": "2023-08-09T11:31:33.422Z",
    "endTime": "2023-08-09T14:15:14.954Z"
  }],
  "aggregate": [{
    "metricName": "com.google.heart_minutes.summary",
    "floatValue": 326.0
  }, {
    "metricName": "com.google.calories.expended",
    "floatValue": 1290.7129720225525
  }, {
    "metricName": "com.google.step_count.delta",
    "intValue": 7520
  }, {
    "metricName": "com.google.distance.delta",
    "floatValue": 2984.4567707845767
  }, {
    "metricName": "com.google.speed.summary",
    "floatValue": 0.8093142407742393
  }, {
    "metricName": "com.google.active_minutes",
    "intValue": 164
  }]
}