{
  "fitnessActivity": "walking",
  "startTime": "2023-07-16T19:30:57.250Z",
  "endTime": "2023-07-16T19:59:43.805Z",
  "duration": "959.404s",
  "segment": [{
    "fitnessActivity": "walking",
    "startTime": "2023-07-16T19:30:57.250Z",
    "endTime": "2023-07-16T19:33:15.447Z"
  }, {
    "fitnessActivity": "walking",
    "startTime": "2023-07-16T19:34:56.649Z",
    "endTime": "2023-07-16T19:41:58.325Z"
  }, {
    "fitnessActivity": "walking",
    "startTime": "2023-07-16T19:53:04.274Z",
    "endTime": "2023-07-16T19:59:43.805Z"
  }],
  "aggregate": [{
    "metricName": "com.google.calories.expended",
    "floatValue": 94.81990759643605
  }, {
    "metricName": "com.google.step_count.delta",
    "intValue": 1309
  }, {
    "metricName": "com.google.distance.delta",
    "floatValue": 907.8485934312689
  }, {
    "metricName": "com.google.speed.summary",
    "floatValue": 0.9272666911681499
  }, {
    "metricName": "com.google.active_minutes",
    "intValue": 19
  }]
}