{
  "fitnessActivity": "walking",
  "startTime": "2023-05-25T19:26:07.991Z",
  "endTime": "2023-05-25T19:44:12.401Z",
  "duration": "1084.410s",
  "segment": [{
    "fitnessActivity": "walking",
    "startTime": "2023-05-25T19:26:07.991Z",
    "endTime": "2023-05-25T19:42:46.724Z"
  }, {
    "fitnessActivity": "walking",
    "startTime": "2023-05-25T19:42:46.724Z",
    "endTime": "2023-05-25T19:44:12.401Z"
  }],
  "aggregate": [{
    "metricName": "com.google.heart_minutes.summary",
    "floatValue": 13.0
  }, {
    "metricName": "com.google.calories.expended",
    "floatValue": 89.28309
  }, {
    "metricName": "com.google.step_count.delta",
    "intValue": 1843
  }, {
    "metricName": "com.google.distance.delta",
    "floatValue": 1456.8779926599716
  }, {
    "metricName": "com.google.speed.summary",
    "floatValue": 1.390655375336176
  }, {
    "metricName": "com.google.active_minutes",
    "intValue": 18
  }]
}