{
  "fitnessActivity": "walking",
  "startTime": "2023-08-16T16:50:14.383Z",
  "endTime": "2023-08-16T17:21:30.687Z",
  "duration": "1430.016s",
  "segment": [{
    "fitnessActivity": "walking",
    "startTime": "2023-08-16T16:50:14.383Z",
    "endTime": "2023-08-16T16:54:24.267Z"
  }, {
    "fitnessActivity": "walking",
    "startTime": "2023-08-16T16:54:24.267Z",
    "endTime": "2023-08-16T16:55:09.789Z"
  }, {
    "fitnessActivity": "walking",
    "startTime": "2023-08-16T16:55:09.789Z",
    "endTime": "2023-08-16T16:56:07.631Z"
  }, {
    "fitnessActivity": "walking",
    "startTime": "2023-08-16T17:00:32.949Z",
    "endTime": "2023-08-16T17:08:54.202Z"
  }, {
    "fitnessActivity": "walking",
    "startTime": "2023-08-16T17:11:55.172Z",
    "endTime": "2023-08-16T17:21:23.573Z"
  }, {
    "fitnessActivity": "walking",
    "startTime": "2023-08-16T17:21:23.573Z",
    "endTime": "2023-08-16T17:21:30.687Z"
  }],
  "aggregate": [{
    "metricName": "com.google.heart_minutes.summary",
    "floatValue": 14.0
  }, {
    "metricName": "com.google.calories.expended",
    "floatValue": 127.92094752966577
  }, {
    "metricName": "com.google.step_count.delta",
    "intValue": 2086
  }, {
    "metricName": "com.google.distance.delta",
    "floatValue": 2162.3296624139016
  }, {
    "metricName": "com.google.speed.summary",
    "floatValue": 1.2819208904086468
  }, {
    "metricName": "com.google.active_minutes",
    "intValue": 25
  }]
}