{
  "fitnessActivity": "walking",
  "startTime": "2023-07-16T20:17:22.468Z",
  "endTime": "2023-07-16T20:48:23.354Z",
  "duration": "1679.353s",
  "segment": [{
    "fitnessActivity": "walking",
    "startTime": "2023-07-16T20:17:22.468Z",
    "endTime": "2023-07-16T20:21:24.577Z"
  }, {
    "fitnessActivity": "walking",
    "startTime": "2023-07-16T20:24:26.110Z",
    "endTime": "2023-07-16T20:48:23.354Z"
  }],
  "aggregate": [{
    "metricName": "com.google.heart_minutes.summary",
    "floatValue": 5.0
  }, {
    "metricName": "com.google.calories.expended",
    "floatValue": 142.85554492871563
  }, {
    "metricName": "com.google.step_count.delta",
    "intValue": 2220
  }, {
    "metricName": "com.google.distance.delta",
    "floatValue": 1479.1908724243226
  }, {
    "metricName": "com.google.speed.summary",
    "floatValue": 0.9051246227728144
  }, {
    "metricName": "com.google.active_minutes",
    "intValue": 29
  }]
}