{
  "fitnessActivity": "walking",
  "startTime": "2023-07-14T06:42:09.617Z",
  "endTime": "2023-07-14T06:47:26.209Z",
  "duration": "316.592s",
  "segment": [{
    "fitnessActivity": "walking",
    "startTime": "2023-07-14T06:42:09.617Z",
    "endTime": "2023-07-14T06:47:26.209Z"
  }],
  "aggregate": [{
    "metricName": "com.google.heart_minutes.summary",
    "floatValue": 5.0
  }, {
    "metricName": "com.google.calories.expended",
    "floatValue": 26.98507088888889
  }, {
    "metricName": "com.google.step_count.delta",
    "intValue": 408
  }, {
    "metricName": "com.google.distance.delta",
    "floatValue": 162.02966053785394
  }, {
    "metricName": "com.google.speed.summary",
    "floatValue": 0.9120170703078293
  }, {
    "metricName": "com.google.active_minutes",
    "intValue": 4
  }]
}