{
  "fitnessActivity": "weightlifting",
  "startTime": "2023-08-19T14:23:17.241Z",
  "endTime": "2023-08-19T15:53:07.098Z",
  "duration": "5389.857s",
  "segment": [{
    "fitnessActivity": "weightlifting",
    "startTime": "2023-08-19T14:23:17.241Z",
    "endTime": "2023-08-19T15:53:07.098Z"
  }],
  "aggregate": [{
    "metricName": "com.google.heart_minutes.summary",
    "floatValue": 178.0
  }, {
    "metricName": "com.google.calories.expended",
    "floatValue": 708.3170270428848
  }, {
    "metricName": "com.google.step_count.delta",
    "intValue": 2175
  }, {
    "metricName": "com.google.distance.delta",
    "floatValue": 958.9057084226118
  }, {
    "metricName": "com.google.speed.summary",
    "floatValue": 0.535988008762637
  }, {
    "metricName": "com.google.active_minutes",
    "intValue": 90
  }]
}