{
  "fitnessActivity": "biking",
  "startTime": "2023-07-17T07:42:30.085Z",
  "endTime": "2023-07-17T07:54:28.036Z",
  "duration": "717.951s",
  "segment": [{
    "fitnessActivity": "biking",
    "startTime": "2023-07-17T07:42:30.085Z",
    "endTime": "2023-07-17T07:54:28.036Z"
  }],
  "aggregate": [{
    "metricName": "com.google.heart_minutes.summary",
    "floatValue": 11.0
  }, {
    "metricName": "com.google.calories.expended",
    "floatValue": 62.66117026779175
  }, {
    "metricName": "com.google.distance.delta",
    "floatValue": 1754.3855148897364
  }, {
    "metricName": "com.google.speed.summary",
    "floatValue": 2.541513603564695
  }, {
    "metricName": "com.google.active_minutes",
    "intValue": 12
  }]
}