{
  "fitnessActivity": "walking",
  "startTime": "2023-05-03T06:32:10.382Z",
  "endTime": "2023-05-03T06:53:40.582Z",
  "duration": "1290.200s",
  "segment": [{
    "fitnessActivity": "walking",
    "startTime": "2023-05-03T06:32:10.382Z",
    "endTime": "2023-05-03T06:47:31.998Z"
  }, {
    "fitnessActivity": "walking",
    "startTime": "2023-05-03T06:47:31.998Z",
    "endTime": "2023-05-03T06:53:40.582Z"
  }],
  "aggregate": [{
    "metricName": "com.google.heart_minutes.summary",
    "floatValue": 6.0
  }, {
    "metricName": "com.google.calories.expended",
    "floatValue": 106.22646666666667
  }, {
    "metricName": "com.google.step_count.delta",
    "intValue": 1466
  }, {
    "metricName": "com.google.distance.delta",
    "floatValue": 1098.091960073852
  }, {
    "metricName": "com.google.speed.summary",
    "floatValue": 1.0491356320386944
  }, {
    "metricName": "com.google.active_minutes",
    "intValue": 17
  }]
}