{
  "fitnessActivity": "weightlifting",
  "startTime": "2023-07-16T09:33:58.463Z",
  "endTime": "2023-07-16T11:48:37.877Z",
  "duration": "8079.414s",
  "segment": [{
    "fitnessActivity": "weightlifting",
    "startTime": "2023-07-16T09:33:58.463Z",
    "endTime": "2023-07-16T11:48:37.877Z"
  }],
  "aggregate": [{
    "metricName": "com.google.heart_minutes.summary",
    "floatValue": 268.0
  }, {
    "metricName": "com.google.calories.expended",
    "floatValue": 1057.7299905940245
  }, {
    "metricName": "com.google.step_count.delta",
    "intValue": 2790
  }, {
    "metricName": "com.google.distance.delta",
    "floatValue": 820.3921037544366
  }, {
    "metricName": "com.google.speed.summary",
    "floatValue": 0.43479022527606426
  }, {
    "metricName": "com.google.active_minutes",
    "intValue": 134
  }]
}