{
  "fitnessActivity": "walking",
  "startTime": "2023-04-26T06:44:27.466Z",
  "endTime": "2023-04-26T06:56:33.560Z",
  "duration": "726.094s",
  "segment": [{
    "fitnessActivity": "walking",
    "startTime": "2023-04-26T06:44:27.466Z",
    "endTime": "2023-04-26T06:56:33.560Z"
  }],
  "aggregate": [{
    "metricName": "com.google.heart_minutes.summary",
    "floatValue": 8.0
  }, {
    "metricName": "com.google.calories.expended",
    "floatValue": 59.781739333333334
  }, {
    "metricName": "com.google.step_count.delta",
    "intValue": 1126
  }, {
    "metricName": "com.google.distance.delta",
    "floatValue": 865.3893010610094
  }, {
    "metricName": "com.google.speed.summary",
    "floatValue": 1.305622656541198
  }, {
    "metricName": "com.google.active_minutes",
    "intValue": 12
  }]
}