{
  "fitnessActivity": "walking",
  "startTime": "2023-09-02T08:18:51.821Z",
  "endTime": "2023-09-02T09:39:28.501Z",
  "duration": "2913.960s",
  "segment": [{
    "fitnessActivity": "walking",
    "startTime": "2023-09-02T08:18:51.821Z",
    "endTime": "2023-09-02T08:24:09.607Z"
  }, {
    "fitnessActivity": "walking",
    "startTime": "2023-09-02T08:24:09.607Z",
    "endTime": "2023-09-02T08:30:25.461Z"
  }, {
    "fitnessActivity": "walking",
    "startTime": "2023-09-02T08:37:16.049Z",
    "endTime": "2023-09-02T08:37:20.127Z"
  }, {
    "fitnessActivity": "walking",
    "startTime": "2023-09-02T08:37:20.127Z",
    "endTime": "2023-09-02T08:38:53.620Z"
  }, {
    "fitnessActivity": "walking",
    "startTime": "2023-09-02T08:45:34.488Z",
    "endTime": "2023-09-02T08:52:42.156Z"
  }, {
    "fitnessActivity": "walking",
    "startTime": "2023-09-02T08:57:24.571Z",
    "endTime": "2023-09-02T08:57:45.335Z"
  }, {
    "fitnessActivity": "walking",
    "startTime": "2023-09-02T08:57:45.335Z",
    "endTime": "2023-09-02T09:01:48.555Z"
  }, {
    "fitnessActivity": "walking",
    "startTime": "2023-09-02T09:07:59.481Z",
    "endTime": "2023-09-02T09:09:58.081Z"
  }, {
    "fitnessActivity": "walking",
    "startTime": "2023-09-02T09:09:58.081Z",
    "endTime": "2023-09-02T09:11:18.110Z"
  }, {
    "fitnessActivity": "walking",
    "startTime": "2023-09-02T09:18:56.033Z",
    "endTime": "2023-09-02T09:39:06.335Z"
  }, {
    "fitnessActivity": "walking",
    "startTime": "2023-09-02T09:39:06.335Z",
    "endTime": "2023-09-02T09:39:28.501Z"
  }],
  "aggregate": [{
    "metricName": "com.google.heart_minutes.summary",
    "floatValue": 12.0
  }, {
    "metricName": "com.google.calories.expended",
    "floatValue": 280.8735461718419
  }, {
    "metricName": "com.google.step_count.delta",
    "intValue": 4167
  }, {
    "metricName": "com.google.distance.delta",
    "floatValue": 2559.9627236992383
  }, {
    "metricName": "com.google.speed.summary",
    "floatValue": 0.6963771984774234
  }, {
    "metricName": "com.google.active_minutes",
    "intValue": 59
  }]
}