{
  "fitnessActivity": "walking",
  "startTime": "2023-09-09T05:19:44.223Z",
  "endTime": "2023-09-09T05:32:27.709Z",
  "duration": "763.486s",
  "segment": [{
    "fitnessActivity": "walking",
    "startTime": "2023-09-09T05:19:44.223Z",
    "endTime": "2023-09-09T05:23:03.635Z"
  }, {
    "fitnessActivity": "walking",
    "startTime": "2023-09-09T05:23:03.635Z",
    "endTime": "2023-09-09T05:32:27.709Z"
  }],
  "aggregate": [{
    "metricName": "com.google.heart_minutes.summary",
    "floatValue": 5.0
  }, {
    "metricName": "com.google.calories.expended",
    "floatValue": 63.54533008279493
  }, {
    "metricName": "com.google.step_count.delta",
    "intValue": 1114
  }, {
    "metricName": "com.google.distance.delta",
    "floatValue": 577.3041487302187
  }, {
    "metricName": "com.google.speed.summary",
    "floatValue": 1.1343904654515615
  }, {
    "metricName": "com.google.active_minutes",
    "intValue": 13
  }]
}