{
  "fitnessActivity": "walking",
  "startTime": "2023-08-29T14:03:45.781Z",
  "endTime": "2023-08-29T14:51:06.067Z",
  "duration": "2840.286s",
  "segment": [{
    "fitnessActivity": "walking",
    "startTime": "2023-08-29T14:03:45.781Z",
    "endTime": "2023-08-29T14:04:03.314Z"
  }, {
    "fitnessActivity": "walking",
    "startTime": "2023-08-29T14:04:03.314Z",
    "endTime": "2023-08-29T14:51:06.067Z"
  }],
  "aggregate": [{
    "metricName": "com.google.heart_minutes.summary",
    "floatValue": 16.0
  }, {
    "metricName": "com.google.calories.expended",
    "floatValue": 236.39854671263254
  }, {
    "metricName": "com.google.step_count.delta",
    "intValue": 3842
  }, {
    "metricName": "com.google.distance.delta",
    "floatValue": 2693.739547829868
  }, {
    "metricName": "com.google.speed.summary",
    "floatValue": 0.9607411688239788
  }, {
    "metricName": "com.google.active_minutes",
    "intValue": 45
  }]
}