{
  "fitnessActivity": "walking",
  "startTime": "2023-09-13T10:07:32.202Z",
  "endTime": "2023-09-13T10:18:24.040Z",
  "duration": "409.769s",
  "segment": [{
    "fitnessActivity": "walking",
    "startTime": "2023-09-13T10:07:32.202Z",
    "endTime": "2023-09-13T10:08:48.073Z"
  }, {
    "fitnessActivity": "walking",
    "startTime": "2023-09-13T10:08:48.073Z",
    "endTime": "2023-09-13T10:11:49.379Z"
  }, {
    "fitnessActivity": "walking",
    "startTime": "2023-09-13T10:15:51.448Z",
    "endTime": "2023-09-13T10:18:24.040Z"
  }],
  "aggregate": [{
    "metricName": "com.google.calories.expended",
    "floatValue": 38.93262428162596
  }, {
    "metricName": "com.google.step_count.delta",
    "intValue": 555
  }, {
    "metricName": "com.google.distance.delta",
    "floatValue": 416.45749415923746
  }, {
    "metricName": "com.google.speed.summary",
    "floatValue": 0.6326638640123081
  }, {
    "metricName": "com.google.active_minutes",
    "intValue": 10
  }]
}