{
  "fitnessActivity": "walking",
  "startTime": "2023-06-03T13:49:52.238Z",
  "endTime": "2023-06-03T14:08:11.846Z",
  "duration": "952.368s",
  "segment": [{
    "fitnessActivity": "walking",
    "startTime": "2023-06-03T13:49:52.238Z",
    "endTime": "2023-06-03T13:57:33.027Z"
  }, {
    "fitnessActivity": "walking",
    "startTime": "2023-06-03T13:58:49.862Z",
    "endTime": "2023-06-03T14:02:19.658Z"
  }, {
    "fitnessActivity": "walking",
    "startTime": "2023-06-03T14:03:30.063Z",
    "endTime": "2023-06-03T14:08:11.846Z"
  }],
  "aggregate": [{
    "metricName": "com.google.heart_minutes.summary",
    "floatValue": 4.0
  }, {
    "metricName": "com.google.calories.expended",
    "floatValue": 81.3334281055532
  }, {
    "metricName": "com.google.step_count.delta",
    "intValue": 1005
  }, {
    "metricName": "com.google.distance.delta",
    "floatValue": 740.2565817373794
  }, {
    "metricName": "com.google.speed.summary",
    "floatValue": 0.949950268284309
  }, {
    "metricName": "com.google.active_minutes",
    "intValue": 13
  }]
}