{
  "fitnessActivity": "walking",
  "startTime": "2023-08-19T16:03:53.699Z",
  "endTime": "2023-08-19T16:16:24.753Z",
  "duration": "751.054s",
  "segment": [{
    "fitnessActivity": "walking",
    "startTime": "2023-08-19T16:03:53.699Z",
    "endTime": "2023-08-19T16:16:01.413Z"
  }, {
    "fitnessActivity": "walking",
    "startTime": "2023-08-19T16:16:01.413Z",
    "endTime": "2023-08-19T16:16:24.753Z"
  }],
  "aggregate": [{
    "metricName": "com.google.heart_minutes.summary",
    "floatValue": 8.0
  }, {
    "metricName": "com.google.calories.expended",
    "floatValue": 62.510640462537125
  }, {
    "metricName": "com.google.step_count.delta",
    "intValue": 1236
  }, {
    "metricName": "com.google.distance.delta",
    "floatValue": 910.1965674341315
  }, {
    "metricName": "com.google.speed.summary",
    "floatValue": 1.2114871084368677
  }, {
    "metricName": "com.google.active_minutes",
    "intValue": 12
  }]
}