{
  "fitnessActivity": "walking",
  "startTime": "2023-05-29T19:57:11.480Z",
  "endTime": "2023-05-29T20:16:50.258Z",
  "duration": "1109.531s",
  "segment": [{
    "fitnessActivity": "walking",
    "startTime": "2023-05-29T19:57:11.480Z",
    "endTime": "2023-05-29T19:57:41.408Z"
  }, {
    "fitnessActivity": "walking",
    "startTime": "2023-05-29T19:57:41.408Z",
    "endTime": "2023-05-29T20:06:05.802Z"
  }, {
    "fitnessActivity": "walking",
    "startTime": "2023-05-29T20:06:05.802Z",
    "endTime": "2023-05-29T20:08:49.851Z"
  }, {
    "fitnessActivity": "walking",
    "startTime": "2023-05-29T20:09:59.098Z",
    "endTime": "2023-05-29T20:11:08.104Z"
  }, {
    "fitnessActivity": "walking",
    "startTime": "2023-05-29T20:11:08.104Z",
    "endTime": "2023-05-29T20:16:50.258Z"
  }],
  "aggregate": [{
    "metricName": "com.google.heart_minutes.summary",
    "floatValue": 2.0
  }, {
    "metricName": "com.google.calories.expended",
    "floatValue": 92.72546766913113
  }, {
    "metricName": "com.google.step_count.delta",
    "intValue": 1386
  }, {
    "metricName": "com.google.distance.delta",
    "floatValue": 997.0618762920886
  }, {
    "metricName": "com.google.speed.summary",
    "floatValue": 0.8625099399406521
  }, {
    "metricName": "com.google.active_minutes",
    "intValue": 18
  }]
}