{
  "fitnessActivity": "walking",
  "startTime": "2023-04-28T09:39:03.504Z",
  "endTime": "2023-04-28T09:55:25.673Z",
  "duration": "982.169s",
  "segment": [{
    "fitnessActivity": "walking",
    "startTime": "2023-04-28T09:39:03.504Z",
    "endTime": "2023-04-28T09:40:30.959Z"
  }, {
    "fitnessActivity": "walking",
    "startTime": "2023-04-28T09:40:30.959Z",
    "endTime": "2023-04-28T09:55:25.673Z"
  }],
  "aggregate": [{
    "metricName": "com.google.heart_minutes.summary",
    "floatValue": 3.0
  }, {
    "metricName": "com.google.calories.expended",
    "floatValue": 80.86524472197003
  }, {
    "metricName": "com.google.step_count.delta",
    "intValue": 1293
  }, {
    "metricName": "com.google.distance.delta",
    "floatValue": 948.48661324545
  }, {
    "metricName": "com.google.speed.summary",
    "floatValue": 1.055785630834405
  }, {
    "metricName": "com.google.active_minutes",
    "intValue": 15
  }]
}