{
  "fitnessActivity": "walking",
  "startTime": "2023-05-23T13:37:46.917Z",
  "endTime": "2023-05-23T14:28:16.769Z",
  "duration": "3029.852s",
  "segment": [{
    "fitnessActivity": "walking",
    "startTime": "2023-05-23T13:37:46.917Z",
    "endTime": "2023-05-23T13:39:58.431Z"
  }, {
    "fitnessActivity": "walking",
    "startTime": "2023-05-23T13:39:58.431Z",
    "endTime": "2023-05-23T13:59:31.078Z"
  }, {
    "fitnessActivity": "running",
    "startTime": "2023-05-23T13:59:31.078Z",
    "endTime": "2023-05-23T14:03:03.043Z"
  }, {
    "fitnessActivity": "walking",
    "startTime": "2023-05-23T14:03:03.043Z",
    "endTime": "2023-05-23T14:11:37.300Z"
  }, {
    "fitnessActivity": "running",
    "startTime": "2023-05-23T14:11:37.300Z",
    "endTime": "2023-05-23T14:25:44.633Z"
  }, {
    "fitnessActivity": "walking",
    "startTime": "2023-05-23T14:25:44.633Z",
    "endTime": "2023-05-23T14:28:16.769Z"
  }],
  "aggregate": [{
    "metricName": "com.google.heart_minutes.summary",
    "floatValue": 12.0
  }, {
    "metricName": "com.google.calories.expended",
    "floatValue": 334.378159085376
  }, {
    "metricName": "com.google.step_count.delta",
    "intValue": 4506
  }, {
    "metricName": "com.google.distance.delta",
    "floatValue": 3567.365781768842
  }, {
    "metricName": "com.google.speed.summary",
    "floatValue": 1.19647414718681
  }, {
    "metricName": "com.google.active_minutes",
    "intValue": 51
  }]
}