{
  "fitnessActivity": "weightlifting",
  "startTime": "2023-08-06T11:15:03.016Z",
  "endTime": "2023-08-06T13:29:58.148Z",
  "duration": "8095.132s",
  "segment": [{
    "fitnessActivity": "weightlifting",
    "startTime": "2023-08-06T11:15:03.016Z",
    "endTime": "2023-08-06T13:29:58.148Z"
  }],
  "aggregate": [{
    "metricName": "com.google.heart_minutes.summary",
    "floatValue": 266.0
  }, {
    "metricName": "com.google.calories.expended",
    "floatValue": 1063.8352430796813
  }, {
    "metricName": "com.google.step_count.delta",
    "intValue": 3248
  }, {
    "metricName": "com.google.distance.delta",
    "floatValue": 1428.9365991884974
  }, {
    "metricName": "com.google.speed.summary",
    "floatValue": 0.4977274670732486
  }, {
    "metricName": "com.google.active_minutes",
    "intValue": 134
  }]
}