{
  "fitnessActivity": "walking",
  "startTime": "2023-06-26T21:00:04.854Z",
  "endTime": "2023-06-26T21:18:44.628Z",
  "duration": "840.195s",
  "segment": [{
    "fitnessActivity": "walking",
    "startTime": "2023-06-26T21:00:04.854Z",
    "endTime": "2023-06-26T21:02:33.877Z"
  }, {
    "fitnessActivity": "walking",
    "startTime": "2023-06-26T21:02:33.877Z",
    "endTime": "2023-06-26T21:11:33.544Z"
  }, {
    "fitnessActivity": "walking",
    "startTime": "2023-06-26T21:16:13.123Z",
    "endTime": "2023-06-26T21:18:44.628Z"
  }],
  "aggregate": [{
    "metricName": "com.google.heart_minutes.summary",
    "floatValue": 3.0
  }, {
    "metricName": "com.google.calories.expended",
    "floatValue": 74.72390207230534
  }, {
    "metricName": "com.google.step_count.delta",
    "intValue": 928
  }, {
    "metricName": "com.google.distance.delta",
    "floatValue": 667.4240875252254
  }, {
    "metricName": "com.google.speed.summary",
    "floatValue": 1.068828722326939
  }, {
    "metricName": "com.google.active_minutes",
    "intValue": 10
  }]
}