{
  "fitnessActivity": "walking",
  "startTime": "2023-06-29T13:20:27.580Z",
  "endTime": "2023-06-29T13:35:55.595Z",
  "duration": "687.900s",
  "segment": [{
    "fitnessActivity": "walking",
    "startTime": "2023-06-29T13:20:27.580Z",
    "endTime": "2023-06-29T13:20:54.546Z"
  }, {
    "fitnessActivity": "walking",
    "startTime": "2023-06-29T13:20:54.546Z",
    "endTime": "2023-06-29T13:30:22.876Z"
  }, {
    "fitnessActivity": "walking",
    "startTime": "2023-06-29T13:34:22.991Z",
    "endTime": "2023-06-29T13:34:24.971Z"
  }, {
    "fitnessActivity": "walking",
    "startTime": "2023-06-29T13:34:24.971Z",
    "endTime": "2023-06-29T13:35:55.595Z"
  }],
  "aggregate": [{
    "metricName": "com.google.heart_minutes.summary",
    "floatValue": 7.0
  }, {
    "metricName": "com.google.calories.expended",
    "floatValue": 61.40183974326113
  }, {
    "metricName": "com.google.step_count.delta",
    "intValue": 1134
  }, {
    "metricName": "com.google.distance.delta",
    "floatValue": 840.6208948634494
  }, {
    "metricName": "com.google.speed.summary",
    "floatValue": 1.1863207975938883
  }, {
    "metricName": "com.google.active_minutes",
    "intValue": 12
  }]
}