{
  "fitnessActivity": "walking",
  "startTime": "2023-07-16T16:20:24.132Z",
  "endTime": "2023-07-16T16:41:11.958Z",
  "duration": "1247.826s",
  "segment": [{
    "fitnessActivity": "walking",
    "startTime": "2023-07-16T16:20:24.132Z",
    "endTime": "2023-07-16T16:41:11.958Z"
  }],
  "aggregate": [{
    "metricName": "com.google.calories.expended",
    "floatValue": 103.46211033628845
  }, {
    "metricName": "com.google.step_count.delta",
    "intValue": 1821
  }, {
    "metricName": "com.google.distance.delta",
    "floatValue": 1225.9437069768342
  }, {
    "metricName": "com.google.speed.summary",
    "floatValue": 1.0847697140695158
  }, {
    "metricName": "com.google.active_minutes",
    "intValue": 21
  }]
}