{
  "fitnessActivity": "weightlifting",
  "startTime": "2023-05-04T14:34:36.250Z",
  "endTime": "2023-05-04T15:26:23.243Z",
  "duration": "3106.993s",
  "segment": [{
    "fitnessActivity": "weightlifting",
    "startTime": "2023-05-04T14:34:36.250Z",
    "endTime": "2023-05-04T15:26:23.243Z"
  }],
  "aggregate": [{
    "metricName": "com.google.heart_minutes.summary",
    "floatValue": 102.0
  }, {
    "metricName": "com.google.calories.expended",
    "floatValue": 403.90909000000005
  }, {
    "metricName": "com.google.step_count.delta",
    "intValue": 1105
  }, {
    "metricName": "com.google.distance.delta",
    "floatValue": 825.1450251451728
  }, {
    "metricName": "com.google.speed.summary",
    "floatValue": 0.6662131011547705
  }, {
    "metricName": "com.google.active_minutes",
    "intValue": 51
  }]
}