{
  "fitnessActivity": "walking",
  "startTime": "2023-09-12T08:58:54.906Z",
  "endTime": "2023-09-12T09:20:04.829Z",
  "duration": "967.533s",
  "segment": [{
    "fitnessActivity": "walking",
    "startTime": "2023-09-12T08:58:54.906Z",
    "endTime": "2023-09-12T09:12:43.608Z"
  }, {
    "fitnessActivity": "walking",
    "startTime": "2023-09-12T09:17:45.998Z",
    "endTime": "2023-09-12T09:17:51.220Z"
  }, {
    "fitnessActivity": "walking",
    "startTime": "2023-09-12T09:17:51.220Z",
    "endTime": "2023-09-12T09:20:04.829Z"
  }],
  "aggregate": [{
    "metricName": "com.google.heart_minutes.summary",
    "floatValue": 6.0
  }, {
    "metricName": "com.google.calories.expended",
    "floatValue": 86.55860138185594
  }, {
    "metricName": "com.google.step_count.delta",
    "intValue": 1475
  }, {
    "metricName": "com.google.distance.delta",
    "floatValue": 966.7370582314375
  }, {
    "metricName": "com.google.speed.summary",
    "floatValue": 0.8721431985055768
  }, {
    "metricName": "com.google.active_minutes",
    "intValue": 21
  }]
}