{
  "fitnessActivity": "walking",
  "startTime": "2023-07-07T06:05:09.505Z",
  "endTime": "2023-07-07T06:17:35.128Z",
  "duration": "745.623s",
  "segment": [{
    "fitnessActivity": "walking",
    "startTime": "2023-07-07T06:05:09.505Z",
    "endTime": "2023-07-07T06:11:49.300Z"
  }, {
    "fitnessActivity": "walking",
    "startTime": "2023-07-07T06:11:49.300Z",
    "endTime": "2023-07-07T06:17:35.128Z"
  }],
  "aggregate": [{
    "metricName": "com.google.heart_minutes.summary",
    "floatValue": 11.0
  }, {
    "metricName": "com.google.calories.expended",
    "floatValue": 61.38968174866942
  }, {
    "metricName": "com.google.step_count.delta",
    "intValue": 1289
  }, {
    "metricName": "com.google.distance.delta",
    "floatValue": 1032.0957889606432
  }, {
    "metricName": "com.google.speed.summary",
    "floatValue": 1.460666679364433
  }, {
    "metricName": "com.google.active_minutes",
    "intValue": 12
  }]
}