{
  "fitnessActivity": "walking",
  "startTime": "2023-06-06T20:58:56.491Z",
  "endTime": "2023-06-06T21:14:49.535Z",
  "duration": "953.044s",
  "segment": [{
    "fitnessActivity": "walking",
    "startTime": "2023-06-06T20:58:56.491Z",
    "endTime": "2023-06-06T20:59:42.249Z"
  }, {
    "fitnessActivity": "walking",
    "startTime": "2023-06-06T20:59:42.249Z",
    "endTime": "2023-06-06T21:14:49.535Z"
  }],
  "aggregate": [{
    "metricName": "com.google.heart_minutes.summary",
    "floatValue": 5.0
  }, {
    "metricName": "com.google.calories.expended",
    "floatValue": 78.46726753959682
  }, {
    "metricName": "com.google.step_count.delta",
    "intValue": 1248
  }, {
    "metricName": "com.google.distance.delta",
    "floatValue": 934.2174794724332
  }, {
    "metricName": "com.google.speed.summary",
    "floatValue": 1.1639491853663502
  }, {
    "metricName": "com.google.active_minutes",
    "intValue": 14
  }]
}