{
  "fitnessActivity": "walking",
  "startTime": "2023-05-28T13:43:36.917Z",
  "endTime": "2023-05-28T13:58:44.862Z",
  "duration": "907.945s",
  "segment": [{
    "fitnessActivity": "walking",
    "startTime": "2023-05-28T13:43:36.917Z",
    "endTime": "2023-05-28T13:58:44.862Z"
  }],
  "aggregate": [{
    "metricName": "com.google.heart_minutes.summary",
    "floatValue": 8.0
  }, {
    "metricName": "com.google.calories.expended",
    "floatValue": 74.75413833333333
  }, {
    "metricName": "com.google.step_count.delta",
    "intValue": 1397
  }, {
    "metricName": "com.google.distance.delta",
    "floatValue": 1060.2468000830943
  }, {
    "metricName": "com.google.speed.summary",
    "floatValue": 1.2006103020004089
  }, {
    "metricName": "com.google.active_minutes",
    "intValue": 14
  }]
}