{
  "fitnessActivity": "walking",
  "startTime": "2023-05-20T11:17:05.474Z",
  "endTime": "2023-05-20T11:31:54.654Z",
  "duration": "889.180s",
  "segment": [{
    "fitnessActivity": "walking",
    "startTime": "2023-05-20T11:17:05.474Z",
    "endTime": "2023-05-20T11:31:54.654Z"
  }],
  "aggregate": [{
    "metricName": "com.google.heart_minutes.summary",
    "floatValue": 11.0
  }, {
    "metricName": "com.google.calories.expended",
    "floatValue": 73.20915333333332
  }, {
    "metricName": "com.google.step_count.delta",
    "intValue": 1529
  }, {
    "metricName": "com.google.distance.delta",
    "floatValue": 1230.0899405416346
  }, {
    "metricName": "com.google.speed.summary",
    "floatValue": 1.4119126319245043
  }, {
    "metricName": "com.google.active_minutes",
    "intValue": 14
  }]
}