{
  "fitnessActivity": "walking",
  "startTime": "2023-09-10T14:30:31.141Z",
  "endTime": "2023-09-10T14:53:32.237Z",
  "duration": "1095.035s",
  "segment": [{
    "fitnessActivity": "walking",
    "startTime": "2023-09-10T14:30:31.141Z",
    "endTime": "2023-09-10T14:32:05.113Z"
  }, {
    "fitnessActivity": "walking",
    "startTime": "2023-09-10T14:36:51.174Z",
    "endTime": "2023-09-10T14:36:57.668Z"
  }, {
    "fitnessActivity": "walking",
    "startTime": "2023-09-10T14:36:57.668Z",
    "endTime": "2023-09-10T14:53:32.237Z"
  }],
  "aggregate": [{
    "metricName": "com.google.heart_minutes.summary",
    "floatValue": 2.0
  }, {
    "metricName": "com.google.calories.expended",
    "floatValue": 96.84501251891676
  }, {
    "metricName": "com.google.step_count.delta",
    "intValue": 1084
  }, {
    "metricName": "com.google.distance.delta",
    "floatValue": 773.3775093922421
  }, {
    "metricName": "com.google.speed.summary",
    "floatValue": 0.8367556020844293
  }, {
    "metricName": "com.google.active_minutes",
    "intValue": 16
  }]
}