{
  "fitnessActivity": "walking",
  "startTime": "2023-06-03T13:02:15.753Z",
  "endTime": "2023-06-03T13:17:33.065Z",
  "duration": "863.863s",
  "segment": [{
    "fitnessActivity": "walking",
    "startTime": "2023-06-03T13:02:15.753Z",
    "endTime": "2023-06-03T13:07:01.898Z"
  }, {
    "fitnessActivity": "walking",
    "startTime": "2023-06-03T13:07:01.898Z",
    "endTime": "2023-06-03T13:15:21.329Z"
  }, {
    "fitnessActivity": "walking",
    "startTime": "2023-06-03T13:16:14.778Z",
    "endTime": "2023-06-03T13:17:01.829Z"
  }, {
    "fitnessActivity": "walking",
    "startTime": "2023-06-03T13:17:01.829Z",
    "endTime": "2023-06-03T13:17:33.065Z"
  }],
  "aggregate": [{
    "metricName": "com.google.heart_minutes.summary",
    "floatValue": 11.0
  }, {
    "metricName": "com.google.calories.expended",
    "floatValue": 72.18531107137602
  }, {
    "metricName": "com.google.step_count.delta",
    "intValue": 1398
  }, {
    "metricName": "com.google.distance.delta",
    "floatValue": 1089.3221264537526
  }, {
    "metricName": "com.google.speed.summary",
    "floatValue": 1.2524805851058083
  }, {
    "metricName": "com.google.active_minutes",
    "intValue": 14
  }]
}