{
  "fitnessActivity": "walking",
  "startTime": "2023-07-12T17:15:57.546Z",
  "endTime": "2023-07-12T17:30:39.150Z",
  "duration": "881.604s",
  "segment": [{
    "fitnessActivity": "walking",
    "startTime": "2023-07-12T17:15:57.546Z",
    "endTime": "2023-07-12T17:30:39.150Z"
  }],
  "aggregate": [{
    "metricName": "com.google.heart_minutes.summary",
    "floatValue": 2.0
  }, {
    "metricName": "com.google.calories.expended",
    "floatValue": 72.58552379598997
  }, {
    "metricName": "com.google.step_count.delta",
    "intValue": 1389
  }, {
    "metricName": "com.google.distance.delta",
    "floatValue": 969.6346447750387
  }, {
    "metricName": "com.google.speed.summary",
    "floatValue": 1.204972406581307
  }, {
    "metricName": "com.google.active_minutes",
    "intValue": 14
  }]
}