{
  "fitnessActivity": "walking",
  "startTime": "2023-09-29T15:04:14.005Z",
  "endTime": "2023-09-29T15:23:04.816Z",
  "duration": "1130.811s",
  "segment": [{
    "fitnessActivity": "walking",
    "startTime": "2023-09-29T15:04:14.005Z",
    "endTime": "2023-09-29T15:22:06.274Z"
  }, {
    "fitnessActivity": "walking",
    "startTime": "2023-09-29T15:22:06.274Z",
    "endTime": "2023-09-29T15:23:04.816Z"
  }],
  "aggregate": [{
    "metricName": "com.google.heart_minutes.summary",
    "floatValue": 2.0
  }, {
    "metricName": "com.google.calories.expended",
    "floatValue": 94.11802593699265
  }, {
    "metricName": "com.google.step_count.delta",
    "intValue": 692
  }, {
    "metricName": "com.google.distance.delta",
    "floatValue": 433.38736059491424
  }, {
    "metricName": "com.google.speed.summary",
    "floatValue": 0.6934798472264585
  }, {
    "metricName": "com.google.active_minutes",
    "intValue": 11
  }]
}