{
  "fitnessActivity": "walking",
  "startTime": "2023-04-28T07:59:34.121Z",
  "endTime": "2023-04-28T08:13:19.319Z",
  "duration": "825.198s",
  "segment": [{
    "fitnessActivity": "walking",
    "startTime": "2023-04-28T07:59:34.121Z",
    "endTime": "2023-04-28T08:10:29.495Z"
  }, {
    "fitnessActivity": "walking",
    "startTime": "2023-04-28T08:10:29.495Z",
    "endTime": "2023-04-28T08:13:17.979Z"
  }, {
    "fitnessActivity": "walking",
    "startTime": "2023-04-28T08:13:17.979Z",
    "endTime": "2023-04-28T08:13:19.319Z"
  }],
  "aggregate": [{
    "metricName": "com.google.heart_minutes.summary",
    "floatValue": 12.0
  }, {
    "metricName": "com.google.calories.expended",
    "floatValue": 67.94124137754302
  }, {
    "metricName": "com.google.step_count.delta",
    "intValue": 1433
  }, {
    "metricName": "com.google.distance.delta",
    "floatValue": 1126.5582712481357
  }, {
    "metricName": "com.google.speed.summary",
    "floatValue": 1.3830742619163658
  }, {
    "metricName": "com.google.active_minutes",
    "intValue": 14
  }]
}