{
  "fitnessActivity": "walking",
  "startTime": "2023-09-18T02:36:28.306Z",
  "endTime": "2023-09-18T02:58:49.997Z",
  "duration": "1009.601s",
  "segment": [{
    "fitnessActivity": "walking",
    "startTime": "2023-09-18T02:36:28.306Z",
    "endTime": "2023-09-18T02:37:33.552Z"
  }, {
    "fitnessActivity": "walking",
    "startTime": "2023-09-18T02:43:05.642Z",
    "endTime": "2023-09-18T02:58:49.997Z"
  }],
  "aggregate": [{
    "metricName": "com.google.heart_minutes.summary",
    "floatValue": 8.0
  }, {
    "metricName": "com.google.calories.expended",
    "floatValue": 90.65223229774989
  }, {
    "metricName": "com.google.step_count.delta",
    "intValue": 1484
  }, {
    "metricName": "com.google.distance.delta",
    "floatValue": 1451.2589868158175
  }, {
    "metricName": "com.google.speed.summary",
    "floatValue": 0.9834434337975942
  }, {
    "metricName": "com.google.active_minutes",
    "intValue": 17
  }]
}