{
  "fitnessActivity": "walking",
  "startTime": "2023-09-22T11:49:00.833Z",
  "endTime": "2023-09-22T12:15:12.362Z",
  "duration": "1156.360s",
  "segment": [{
    "fitnessActivity": "walking",
    "startTime": "2023-09-22T11:49:00.833Z",
    "endTime": "2023-09-22T12:02:00.929Z"
  }, {
    "fitnessActivity": "walking",
    "startTime": "2023-09-22T12:02:00.929Z",
    "endTime": "2023-09-22T12:06:08.216Z"
  }, {
    "fitnessActivity": "walking",
    "startTime": "2023-09-22T12:13:03.385Z",
    "endTime": "2023-09-22T12:13:22.882Z"
  }, {
    "fitnessActivity": "walking",
    "startTime": "2023-09-22T12:13:22.882Z",
    "endTime": "2023-09-22T12:15:12.362Z"
  }],
  "aggregate": [{
    "metricName": "com.google.heart_minutes.summary",
    "floatValue": 11.0
  }, {
    "metricName": "com.google.calories.expended",
    "floatValue": 104.52384243206573
  }, {
    "metricName": "com.google.step_count.delta",
    "intValue": 2016
  }, {
    "metricName": "com.google.distance.delta",
    "floatValue": 1189.9289763108993
  }, {
    "metricName": "com.google.speed.summary",
    "floatValue": 0.9595448395129731
  }, {
    "metricName": "com.google.active_minutes",
    "intValue": 23
  }]
}