{
  "fitnessActivity": "walking",
  "startTime": "2023-09-27T03:05:35.615Z",
  "endTime": "2023-09-27T03:23:29.202Z",
  "duration": "1004.248s",
  "segment": [{
    "fitnessActivity": "walking",
    "startTime": "2023-09-27T03:05:35.615Z",
    "endTime": "2023-09-27T03:08:05.653Z"
  }, {
    "fitnessActivity": "walking",
    "startTime": "2023-09-27T03:08:05.653Z",
    "endTime": "2023-09-27T03:16:17.846Z"
  }, {
    "fitnessActivity": "walking",
    "startTime": "2023-09-27T03:17:27.185Z",
    "endTime": "2023-09-27T03:18:06.305Z"
  }, {
    "fitnessActivity": "walking",
    "startTime": "2023-09-27T03:18:06.305Z",
    "endTime": "2023-09-27T03:23:29.202Z"
  }],
  "aggregate": [{
    "metricName": "com.google.heart_minutes.summary",
    "floatValue": 5.0
  }, {
    "metricName": "com.google.calories.expended",
    "floatValue": 84.9668738698448
  }, {
    "metricName": "com.google.step_count.delta",
    "intValue": 1242
  }, {
    "metricName": "com.google.distance.delta",
    "floatValue": 826.6855680086821
  }, {
    "metricName": "com.google.speed.summary",
    "floatValue": 0.9219851216996247
  }, {
    "metricName": "com.google.active_minutes",
    "intValue": 16
  }]
}