{
  "fitnessActivity": "walking",
  "startTime": "2023-08-01T19:33:04.944Z",
  "endTime": "2023-08-01T19:52:11.064Z",
  "duration": "1146.120s",
  "segment": [{
    "fitnessActivity": "walking",
    "startTime": "2023-08-01T19:33:04.944Z",
    "endTime": "2023-08-01T19:52:11.064Z"
  }],
  "aggregate": [{
    "metricName": "com.google.heart_minutes.summary",
    "floatValue": 11.0
  }, {
    "metricName": "com.google.calories.expended",
    "floatValue": 95.3922024873352
  }, {
    "metricName": "com.google.step_count.delta",
    "intValue": 1738
  }, {
    "metricName": "com.google.distance.delta",
    "floatValue": 1163.0824445228172
  }, {
    "metricName": "com.google.speed.summary",
    "floatValue": 1.1071231495408453
  }, {
    "metricName": "com.google.active_minutes",
    "intValue": 19
  }]
}