{
  "fitnessActivity": "walking",
  "startTime": "2023-05-30T05:16:53.506Z",
  "endTime": "2023-05-30T05:37:17.503Z",
  "duration": "1042.415s",
  "segment": [{
    "fitnessActivity": "walking",
    "startTime": "2023-05-30T05:16:53.506Z",
    "endTime": "2023-05-30T05:33:15.401Z"
  }, {
    "fitnessActivity": "walking",
    "startTime": "2023-05-30T05:36:16.983Z",
    "endTime": "2023-05-30T05:37:17.503Z"
  }],
  "aggregate": [{
    "metricName": "com.google.heart_minutes.summary",
    "floatValue": 8.0
  }, {
    "metricName": "com.google.calories.expended",
    "floatValue": 89.42876949795681
  }, {
    "metricName": "com.google.step_count.delta",
    "intValue": 1472
  }, {
    "metricName": "com.google.distance.delta",
    "floatValue": 1128.8509715134805
  }, {
    "metricName": "com.google.speed.summary",
    "floatValue": 1.0351202693880908
  }, {
    "metricName": "com.google.active_minutes",
    "intValue": 17
  }]
}