{
  "fitnessActivity": "walking",
  "startTime": "2023-09-14T01:48:48.298Z",
  "endTime": "2023-09-14T01:57:44.255Z",
  "duration": "535.957s",
  "segment": [{
    "fitnessActivity": "walking",
    "startTime": "2023-09-14T01:48:48.298Z",
    "endTime": "2023-09-14T01:48:55.135Z"
  }, {
    "fitnessActivity": "walking",
    "startTime": "2023-09-14T01:48:55.135Z",
    "endTime": "2023-09-14T01:57:44.255Z"
  }],
  "aggregate": [{
    "metricName": "com.google.heart_minutes.summary",
    "floatValue": 7.0
  }, {
    "metricName": "com.google.calories.expended",
    "floatValue": 44.60794313724373
  }, {
    "metricName": "com.google.step_count.delta",
    "intValue": 866
  }, {
    "metricName": "com.google.distance.delta",
    "floatValue": 618.8429135245891
  }, {
    "metricName": "com.google.speed.summary",
    "floatValue": 1.2438014046895867
  }, {
    "metricName": "com.google.active_minutes",
    "intValue": 8
  }]
}