{
  "fitnessActivity": "walking",
  "startTime": "2023-09-24T10:22:45.510Z",
  "endTime": "2023-09-24T10:33:09.713Z",
  "duration": "624.203s",
  "segment": [{
    "fitnessActivity": "walking",
    "startTime": "2023-09-24T10:22:45.510Z",
    "endTime": "2023-09-24T10:33:09.713Z"
  }],
  "aggregate": [{
    "metricName": "com.google.heart_minutes.summary",
    "floatValue": 8.0
  }, {
    "metricName": "com.google.calories.expended",
    "floatValue": 51.95276146407191
  }, {
    "metricName": "com.google.step_count.delta",
    "intValue": 1006
  }, {
    "metricName": "com.google.distance.delta",
    "floatValue": 813.1682989396802
  }, {
    "metricName": "com.google.speed.summary",
    "floatValue": 1.3502706809262564
  }, {
    "metricName": "com.google.active_minutes",
    "intValue": 10
  }]
}