{
  "fitnessActivity": "walking",
  "startTime": "2023-06-23T12:14:57.758Z",
  "endTime": "2023-06-23T12:30:56.951Z",
  "duration": "777.684s",
  "segment": [{
    "fitnessActivity": "walking",
    "startTime": "2023-06-23T12:14:57.758Z",
    "endTime": "2023-06-23T12:21:43.454Z"
  }, {
    "fitnessActivity": "walking",
    "startTime": "2023-06-23T12:21:43.454Z",
    "endTime": "2023-06-23T12:25:54.275Z"
  }, {
    "fitnessActivity": "walking",
    "startTime": "2023-06-23T12:28:55.784Z",
    "endTime": "2023-06-23T12:30:56.951Z"
  }],
  "aggregate": [{
    "metricName": "com.google.heart_minutes.summary",
    "floatValue": 7.0
  }, {
    "metricName": "com.google.calories.expended",
    "floatValue": 67.6310869682039
  }, {
    "metricName": "com.google.step_count.delta",
    "intValue": 1328
  }, {
    "metricName": "com.google.distance.delta",
    "floatValue": 1017.2297466087753
  }, {
    "metricName": "com.google.speed.summary",
    "floatValue": 1.2287328233840376
  }, {
    "metricName": "com.google.active_minutes",
    "intValue": 12
  }]
}