{
  "fitnessActivity": "walking",
  "startTime": "2023-09-19T04:19:21.294Z",
  "endTime": "2023-09-19T04:42:25.244Z",
  "duration": "987.264s",
  "segment": [{
    "fitnessActivity": "walking",
    "startTime": "2023-09-19T04:19:21.294Z",
    "endTime": "2023-09-19T04:28:38.019Z"
  }, {
    "fitnessActivity": "walking",
    "startTime": "2023-09-19T04:35:14.705Z",
    "endTime": "2023-09-19T04:42:25.244Z"
  }],
  "aggregate": [{
    "metricName": "com.google.heart_minutes.summary",
    "floatValue": 5.0
  }, {
    "metricName": "com.google.calories.expended",
    "floatValue": 90.08129321511444
  }, {
    "metricName": "com.google.step_count.delta",
    "intValue": 1179
  }, {
    "metricName": "com.google.distance.delta",
    "floatValue": 980.6192920230445
  }, {
    "metricName": "com.google.speed.summary",
    "floatValue": 0.8552153936267511
  }, {
    "metricName": "com.google.active_minutes",
    "intValue": 17
  }]
}