{
  "fitnessActivity": "weightlifting",
  "startTime": "2023-04-15T10:32:18.136Z",
  "endTime": "2023-04-15T14:25:53.012Z",
  "duration": "14014.876s",
  "segment": [{
    "fitnessActivity": "weightlifting",
    "startTime": "2023-04-15T10:32:18.136Z",
    "endTime": "2023-04-15T14:25:53.012Z"
  }],
  "aggregate": [{
    "metricName": "com.google.heart_minutes.summary",
    "floatValue": 464.0
  }, {
    "metricName": "com.google.calories.expended",
    "floatValue": 1705.1432466666665
  }, {
    "metricName": "com.google.active_minutes",
    "intValue": 232
  }]
}