{
  "fitnessActivity": "walking",
  "startTime": "2023-07-07T14:41:38.524Z",
  "endTime": "2023-07-07T14:56:30.530Z",
  "duration": "892.006s",
  "segment": [{
    "fitnessActivity": "walking",
    "startTime": "2023-07-07T14:41:38.524Z",
    "endTime": "2023-07-07T14:56:30.530Z"
  }],
  "aggregate": [{
    "metricName": "com.google.heart_minutes.summary",
    "floatValue": 10.0
  }, {
    "metricName": "com.google.calories.expended",
    "floatValue": 73.4419566371816
  }, {
    "metricName": "com.google.step_count.delta",
    "intValue": 1382
  }, {
    "metricName": "com.google.distance.delta",
    "floatValue": 1063.167634234136
  }, {
    "metricName": "com.google.speed.summary",
    "floatValue": 1.3653607984700176
  }, {
    "metricName": "com.google.active_minutes",
    "intValue": 14
  }]
}