{
  "fitnessActivity": "walking",
  "startTime": "2023-05-28T14:51:14.918Z",
  "endTime": "2023-05-28T15:43:09.515Z",
  "duration": "2892.873s",
  "segment": [{
    "fitnessActivity": "walking",
    "startTime": "2023-05-28T14:51:14.918Z",
    "endTime": "2023-05-28T14:55:40.887Z"
  }, {
    "fitnessActivity": "walking",
    "startTime": "2023-05-28T14:55:40.887Z",
    "endTime": "2023-05-28T15:28:54.715Z"
  }, {
    "fitnessActivity": "walking",
    "startTime": "2023-05-28T15:28:54.715Z",
    "endTime": "2023-05-28T15:32:13.429Z"
  }, {
    "fitnessActivity": "walking",
    "startTime": "2023-05-28T15:35:55.153Z",
    "endTime": "2023-05-28T15:36:06.285Z"
  }, {
    "fitnessActivity": "walking",
    "startTime": "2023-05-28T15:36:06.285Z",
    "endTime": "2023-05-28T15:43:09.515Z"
  }],
  "aggregate": [{
    "metricName": "com.google.heart_minutes.summary",
    "floatValue": 15.0
  }, {
    "metricName": "com.google.calories.expended",
    "floatValue": 242.57970434776516
  }, {
    "metricName": "com.google.step_count.delta",
    "intValue": 4309
  }, {
    "metricName": "com.google.distance.delta",
    "floatValue": 3288.2059260923256
  }, {
    "metricName": "com.google.speed.summary",
    "floatValue": 1.1243093178512646
  }, {
    "metricName": "com.google.active_minutes",
    "intValue": 46
  }]
}