{
  "fitnessActivity": "weightlifting",
  "startTime": "2023-07-12T15:36:30.693Z",
  "endTime": "2023-07-12T17:05:08.401Z",
  "duration": "5317.708s",
  "segment": [{
    "fitnessActivity": "weightlifting",
    "startTime": "2023-07-12T15:36:30.693Z",
    "endTime": "2023-07-12T17:05:08.401Z"
  }],
  "aggregate": [{
    "metricName": "com.google.heart_minutes.summary",
    "floatValue": 176.0
  }, {
    "metricName": "com.google.calories.expended",
    "floatValue": 712.5728855236308
  }, {
    "metricName": "com.google.step_count.delta",
    "intValue": 1304
  }, {
    "metricName": "com.google.distance.delta",
    "floatValue": 874.2335346055711
  }, {
    "metricName": "com.google.speed.summary",
    "floatValue": 0.6444109624640268
  }, {
    "metricName": "com.google.active_minutes",
    "intValue": 89
  }]
}