{
  "fitnessActivity": "walking",
  "startTime": "2023-07-06T19:39:29.194Z",
  "endTime": "2023-07-06T19:55:49.709Z",
  "duration": "980.515s",
  "segment": [{
    "fitnessActivity": "walking",
    "startTime": "2023-07-06T19:39:29.194Z",
    "endTime": "2023-07-06T19:55:42.220Z"
  }, {
    "fitnessActivity": "walking",
    "startTime": "2023-07-06T19:55:42.220Z",
    "endTime": "2023-07-06T19:55:49.709Z"
  }],
  "aggregate": [{
    "metricName": "com.google.heart_minutes.summary",
    "floatValue": 2.0
  }, {
    "metricName": "com.google.calories.expended",
    "floatValue": 80.72921046731312
  }, {
    "metricName": "com.google.step_count.delta",
    "intValue": 1341
  }, {
    "metricName": "com.google.distance.delta",
    "floatValue": 846.5858625066694
  }, {
    "metricName": "com.google.speed.summary",
    "floatValue": 1.062337085160649
  }, {
    "metricName": "com.google.active_minutes",
    "intValue": 16
  }]
}