{
  "fitnessActivity": "weightlifting",
  "startTime": "2023-05-28T10:56:01.112Z",
  "endTime": "2023-05-28T12:47:56.507Z",
  "duration": "6715.395s",
  "segment": [{
    "fitnessActivity": "weightlifting",
    "startTime": "2023-05-28T10:56:01.112Z",
    "endTime": "2023-05-28T12:47:56.507Z"
  }],
  "aggregate": [{
    "metricName": "com.google.heart_minutes.summary",
    "floatValue": 220.0
  }, {
    "metricName": "com.google.calories.expended",
    "floatValue": 873.00135
  }, {
    "metricName": "com.google.step_count.delta",
    "intValue": 1213
  }, {
    "metricName": "com.google.distance.delta",
    "floatValue": 796.9901545300999
  }, {
    "metricName": "com.google.speed.summary",
    "floatValue": 0.4485241937490116
  }, {
    "metricName": "com.google.active_minutes",
    "intValue": 110
  }]
}