{
  "fitnessActivity": "walking",
  "startTime": "2023-06-26T13:36:47.671Z",
  "endTime": "2023-06-26T13:51:26.893Z",
  "duration": "879.222s",
  "segment": [{
    "fitnessActivity": "walking",
    "startTime": "2023-06-26T13:36:47.671Z",
    "endTime": "2023-06-26T13:51:26.893Z"
  }],
  "aggregate": [{
    "metricName": "com.google.heart_minutes.summary",
    "floatValue": 12.0
  }, {
    "metricName": "com.google.calories.expended",
    "floatValue": 72.389278
  }, {
    "metricName": "com.google.step_count.delta",
    "intValue": 1412
  }, {
    "metricName": "com.google.distance.delta",
    "floatValue": 1091.4065348823626
  }, {
    "metricName": "com.google.speed.summary",
    "floatValue": 1.3245530311480098
  }, {
    "metricName": "com.google.active_minutes",
    "intValue": 15
  }]
}