{
  "fitnessActivity": "walking",
  "startTime": "2023-06-16T07:36:36.410Z",
  "endTime": "2023-06-16T07:44:10.472Z",
  "duration": "454.062s",
  "segment": [{
    "fitnessActivity": "walking",
    "startTime": "2023-06-16T07:36:36.410Z",
    "endTime": "2023-06-16T07:40:08.381Z"
  }, {
    "fitnessActivity": "walking",
    "startTime": "2023-06-16T07:40:08.381Z",
    "endTime": "2023-06-16T07:44:10.472Z"
  }],
  "aggregate": [{
    "metricName": "com.google.heart_minutes.summary",
    "floatValue": 6.0
  }, {
    "metricName": "com.google.calories.expended",
    "floatValue": 37.384437999999996
  }, {
    "metricName": "com.google.step_count.delta",
    "intValue": 776
  }, {
    "metricName": "com.google.distance.delta",
    "floatValue": 608.2245304898859
  }, {
    "metricName": "com.google.speed.summary",
    "floatValue": 1.3462128396435509
  }, {
    "metricName": "com.google.active_minutes",
    "intValue": 7
  }]
}