{
  "fitnessActivity": "walking",
  "startTime": "2023-05-22T08:46:01.738Z",
  "endTime": "2023-05-22T08:57:03.654Z",
  "duration": "661.916s",
  "segment": [{
    "fitnessActivity": "walking",
    "startTime": "2023-05-22T08:46:01.738Z",
    "endTime": "2023-05-22T08:55:15.756Z"
  }, {
    "fitnessActivity": "walking",
    "startTime": "2023-05-22T08:55:15.756Z",
    "endTime": "2023-05-22T08:57:03.654Z"
  }],
  "aggregate": [{
    "metricName": "com.google.heart_minutes.summary",
    "floatValue": 11.0
  }, {
    "metricName": "com.google.calories.expended",
    "floatValue": 54.92793844149115
  }, {
    "metricName": "com.google.step_count.delta",
    "intValue": 1207
  }, {
    "metricName": "com.google.distance.delta",
    "floatValue": 971.498350207127
  }, {
    "metricName": "com.google.speed.summary",
    "floatValue": 1.500977307337125
  }, {
    "metricName": "com.google.active_minutes",
    "intValue": 11
  }]
}