{
  "fitnessActivity": "walking",
  "startTime": "2023-05-30T08:18:12.381Z",
  "endTime": "2023-05-30T08:33:19.042Z",
  "duration": "906.661s",
  "segment": [{
    "fitnessActivity": "walking",
    "startTime": "2023-05-30T08:18:12.381Z",
    "endTime": "2023-05-30T08:32:54.171Z"
  }, {
    "fitnessActivity": "walking",
    "startTime": "2023-05-30T08:32:54.171Z",
    "endTime": "2023-05-30T08:33:19.042Z"
  }],
  "aggregate": [{
    "metricName": "com.google.heart_minutes.summary",
    "floatValue": 3.0
  }, {
    "metricName": "com.google.calories.expended",
    "floatValue": 74.64842233333333
  }, {
    "metricName": "com.google.step_count.delta",
    "intValue": 1382
  }, {
    "metricName": "com.google.distance.delta",
    "floatValue": 1028.122775969472
  }, {
    "metricName": "com.google.speed.summary",
    "floatValue": 1.1440266217923247
  }, {
    "metricName": "com.google.active_minutes",
    "intValue": 15
  }]
}