{
  "fitnessActivity": "weightlifting",
  "startTime": "2023-02-20T08:54:18.443Z",
  "endTime": "2023-02-20T11:29:01.565Z",
  "duration": "9283.122s",
  "segment": [{
    "fitnessActivity": "weightlifting",
    "startTime": "2023-02-20T08:54:18.443Z",
    "endTime": "2023-02-20T11:29:01.565Z"
  }],
  "aggregate": [{
    "metricName": "com.google.heart_minutes.summary",
    "floatValue": 308.0
  }, {
    "metricName": "com.google.calories.expended",
    "floatValue": 1129.44651
  }, {
    "metricName": "com.google.active_minutes",
    "intValue": 154
  }]
}