{
  "fitnessActivity": "weightlifting",
  "startTime": "2023-08-28T14:46:34.840Z",
  "endTime": "2023-08-28T16:49:35.801Z",
  "duration": "7380.961s",
  "segment": [{
    "fitnessActivity": "weightlifting",
    "startTime": "2023-08-28T14:46:34.840Z",
    "endTime": "2023-08-28T16:49:35.801Z"
  }],
  "aggregate": [{
    "metricName": "com.google.heart_minutes.summary",
    "floatValue": 244.0
  }, {
    "metricName": "com.google.calories.expended",
    "floatValue": 969.9812726459122
  }, {
    "metricName": "com.google.step_count.delta",
    "intValue": 2304
  }, {
    "metricName": "com.google.distance.delta",
    "floatValue": 867.5601645639265
  }, {
    "metricName": "com.google.speed.summary",
    "floatValue": 0.48225252933203827
  }, {
    "metricName": "com.google.active_minutes",
    "intValue": 122
  }]
}