{
  "fitnessActivity": "walking",
  "startTime": "2023-09-12T06:31:47.297Z",
  "endTime": "2023-09-12T07:19:27.619Z",
  "duration": "1620.344s",
  "segment": [{
    "fitnessActivity": "walking",
    "startTime": "2023-09-12T06:31:47.297Z",
    "endTime": "2023-09-12T06:42:49.489Z"
  }, {
    "fitnessActivity": "walking",
    "startTime": "2023-09-12T06:53:02.985Z",
    "endTime": "2023-09-12T06:53:06.569Z"
  }, {
    "fitnessActivity": "walking",
    "startTime": "2023-09-12T06:53:06.569Z",
    "endTime": "2023-09-12T06:55:37.856Z"
  }, {
    "fitnessActivity": "walking",
    "startTime": "2023-09-12T06:55:37.856Z",
    "endTime": "2023-09-12T06:55:51.164Z"
  }, {
    "fitnessActivity": "walking",
    "startTime": "2023-09-12T07:03:11.335Z",
    "endTime": "2023-09-12T07:03:13.583Z"
  }, {
    "fitnessActivity": "walking",
    "startTime": "2023-09-12T07:03:13.583Z",
    "endTime": "2023-09-12T07:04:44.012Z"
  }, {
    "fitnessActivity": "walking",
    "startTime": "2023-09-12T07:07:50.323Z",
    "endTime": "2023-09-12T07:19:27.619Z"
  }],
  "aggregate": [{
    "metricName": "com.google.heart_minutes.summary",
    "floatValue": 18.0
  }, {
    "metricName": "com.google.calories.expended",
    "floatValue": 159.58989826369123
  }, {
    "metricName": "com.google.step_count.delta",
    "intValue": 2913
  }, {
    "metricName": "com.google.distance.delta",
    "floatValue": 2041.6616273579436
  }, {
    "metricName": "com.google.speed.summary",
    "floatValue": 0.8978194671074512
  }, {
    "metricName": "com.google.active_minutes",
    "intValue": 36
  }]
}