{
  "fitnessActivity": "walking",
  "startTime": "2023-09-22T09:58:53.060Z",
  "endTime": "2023-09-22T10:26:17.796Z",
  "duration": "1148.464s",
  "segment": [{
    "fitnessActivity": "walking",
    "startTime": "2023-09-22T09:58:53.060Z",
    "endTime": "2023-09-22T10:01:44.617Z"
  }, {
    "fitnessActivity": "walking",
    "startTime": "2023-09-22T10:10:00.889Z",
    "endTime": "2023-09-22T10:10:26.688Z"
  }, {
    "fitnessActivity": "walking",
    "startTime": "2023-09-22T10:10:26.688Z",
    "endTime": "2023-09-22T10:26:17.796Z"
  }],
  "aggregate": [{
    "metricName": "com.google.heart_minutes.summary",
    "floatValue": 4.0
  }, {
    "metricName": "com.google.calories.expended",
    "floatValue": 105.4839879262268
  }, {
    "metricName": "com.google.step_count.delta",
    "intValue": 1673
  }, {
    "metricName": "com.google.distance.delta",
    "floatValue": 903.2619824399395
  }, {
    "metricName": "com.google.speed.summary",
    "floatValue": 0.8697094196448062
  }, {
    "metricName": "com.google.active_minutes",
    "intValue": 20
  }]
}