{
  "fitnessActivity": "walking",
  "startTime": "2023-07-17T19:50:33.055Z",
  "endTime": "2023-07-17T20:01:52.406Z",
  "duration": "679.351s",
  "segment": [{
    "fitnessActivity": "walking",
    "startTime": "2023-07-17T19:50:33.055Z",
    "endTime": "2023-07-17T19:51:17.927Z"
  }, {
    "fitnessActivity": "walking",
    "startTime": "2023-07-17T19:51:17.927Z",
    "endTime": "2023-07-17T20:00:34.927Z"
  }, {
    "fitnessActivity": "walking",
    "startTime": "2023-07-17T20:00:34.927Z",
    "endTime": "2023-07-17T20:01:52.406Z"
  }],
  "aggregate": [{
    "metricName": "com.google.calories.expended",
    "floatValue": 56.32763551894887
  }, {
    "metricName": "com.google.step_count.delta",
    "intValue": 912
  }, {
    "metricName": "com.google.distance.delta",
    "floatValue": 656.0235215261923
  }, {
    "metricName": "com.google.speed.summary",
    "floatValue": 0.9620024776202474
  }, {
    "metricName": "com.google.active_minutes",
    "intValue": 11
  }]
}