{
  "fitnessActivity": "walking",
  "startTime": "2023-05-10T20:04:25.332Z",
  "endTime": "2023-05-10T20:26:15.187Z",
  "duration": "1309.855s",
  "segment": [{
    "fitnessActivity": "walking",
    "startTime": "2023-05-10T20:04:25.332Z",
    "endTime": "2023-05-10T20:04:34.857Z"
  }, {
    "fitnessActivity": "walking",
    "startTime": "2023-05-10T20:04:34.857Z",
    "endTime": "2023-05-10T20:26:15.187Z"
  }],
  "aggregate": [{
    "metricName": "com.google.heart_minutes.summary",
    "floatValue": 9.0
  }, {
    "metricName": "com.google.calories.expended",
    "floatValue": 107.84468777653149
  }, {
    "metricName": "com.google.step_count.delta",
    "intValue": 1972
  }, {
    "metricName": "com.google.distance.delta",
    "floatValue": 1511.668252277994
  }, {
    "metricName": "com.google.speed.summary",
    "floatValue": 1.2070873252966412
  }, {
    "metricName": "com.google.active_minutes",
    "intValue": 22
  }]
}