{
  "fitnessActivity": "walking",
  "startTime": "2023-08-25T11:20:07.164Z",
  "endTime": "2023-08-25T11:43:23.451Z",
  "duration": "891.407s",
  "segment": [{
    "fitnessActivity": "walking",
    "startTime": "2023-08-25T11:20:07.164Z",
    "endTime": "2023-08-25T11:20:26.102Z"
  }, {
    "fitnessActivity": "walking",
    "startTime": "2023-08-25T11:20:26.102Z",
    "endTime": "2023-08-25T11:33:05.167Z"
  }, {
    "fitnessActivity": "walking",
    "startTime": "2023-08-25T11:37:06.331Z",
    "endTime": "2023-08-25T11:37:58.592Z"
  }, {
    "fitnessActivity": "walking",
    "startTime": "2023-08-25T11:42:22.308Z",
    "endTime": "2023-08-25T11:43:23.451Z"
  }],
  "aggregate": [{
    "metricName": "com.google.heart_minutes.summary",
    "floatValue": 9.0
  }, {
    "metricName": "com.google.calories.expended",
    "floatValue": 84.26067760238232
  }, {
    "metricName": "com.google.step_count.delta",
    "intValue": 1367
  }, {
    "metricName": "com.google.distance.delta",
    "floatValue": 1114.1748394437102
  }, {
    "metricName": "com.google.speed.summary",
    "floatValue": 0.8823185878384263
  }, {
    "metricName": "com.google.active_minutes",
    "intValue": 14
  }]
}