{
  "fitnessActivity": "walking",
  "startTime": "2023-06-24T21:02:02.459Z",
  "endTime": "2023-06-24T21:22:58.986Z",
  "duration": "1256.527s",
  "segment": [{
    "fitnessActivity": "walking",
    "startTime": "2023-06-24T21:02:02.459Z",
    "endTime": "2023-06-24T21:02:08.500Z"
  }, {
    "fitnessActivity": "walking",
    "startTime": "2023-06-24T21:02:08.500Z",
    "endTime": "2023-06-24T21:22:18.934Z"
  }, {
    "fitnessActivity": "walking",
    "startTime": "2023-06-24T21:22:18.934Z",
    "endTime": "2023-06-24T21:22:58.986Z"
  }],
  "aggregate": [{
    "metricName": "com.google.calories.expended",
    "floatValue": 103.45401052615671
  }, {
    "metricName": "com.google.step_count.delta",
    "intValue": 1721
  }, {
    "metricName": "com.google.distance.delta",
    "floatValue": 1262.9804363718704
  }, {
    "metricName": "com.google.speed.summary",
    "floatValue": 1.000000095762862
  }, {
    "metricName": "com.google.active_minutes",
    "intValue": 20
  }]
}