{
  "fitnessActivity": "weightlifting",
  "startTime": "2023-03-28T08:27:16.699Z",
  "endTime": "2023-03-28T10:50:05.536Z",
  "duration": "8568.837s",
  "segment": [{
    "fitnessActivity": "weightlifting",
    "startTime": "2023-03-28T08:27:16.699Z",
    "endTime": "2023-03-28T10:50:05.536Z"
  }],
  "aggregate": [{
    "metricName": "com.google.heart_minutes.summary",
    "floatValue": 284.0
  }, {
    "metricName": "com.google.calories.expended",
    "floatValue": 1042.541835
  }, {
    "metricName": "com.google.active_minutes",
    "intValue": 142
  }]
}