{
  "fitnessActivity": "weightlifting",
  "startTime": "2023-07-17T14:39:21.503Z",
  "endTime": "2023-07-17T16:18:13.378Z",
  "duration": "5931.875s",
  "segment": [{
    "fitnessActivity": "weightlifting",
    "startTime": "2023-07-17T14:39:21.503Z",
    "endTime": "2023-07-17T16:18:13.378Z"
  }],
  "aggregate": [{
    "metricName": "com.google.heart_minutes.summary",
    "floatValue": 196.0
  }, {
    "metricName": "com.google.calories.expended",
    "floatValue": 776.5813322544097
  }, {
    "metricName": "com.google.step_count.delta",
    "intValue": 2429
  }, {
    "metricName": "com.google.distance.delta",
    "floatValue": 344.2530695129495
  }, {
    "metricName": "com.google.speed.summary",
    "floatValue": 0.5482066929445232
  }, {
    "metricName": "com.google.active_minutes",
    "intValue": 98
  }]
}