{
  "fitnessActivity": "walking",
  "startTime": "2023-05-12T13:07:14.790Z",
  "endTime": "2023-05-12T13:26:29.612Z",
  "duration": "933.435s",
  "segment": [{
    "fitnessActivity": "walking",
    "startTime": "2023-05-12T13:07:14.790Z",
    "endTime": "2023-05-12T13:15:05.291Z"
  }, {
    "fitnessActivity": "walking",
    "startTime": "2023-05-12T13:15:05.291Z",
    "endTime": "2023-05-12T13:19:08.886Z"
  }, {
    "fitnessActivity": "walking",
    "startTime": "2023-05-12T13:22:50.273Z",
    "endTime": "2023-05-12T13:26:29.612Z"
  }],
  "aggregate": [{
    "metricName": "com.google.heart_minutes.summary",
    "floatValue": 9.0
  }, {
    "metricName": "com.google.calories.expended",
    "floatValue": 81.24591584750753
  }, {
    "metricName": "com.google.step_count.delta",
    "intValue": 1339
  }, {
    "metricName": "com.google.distance.delta",
    "floatValue": 1010.2934867084921
  }, {
    "metricName": "com.google.speed.summary",
    "floatValue": 1.0700682973574587
  }, {
    "metricName": "com.google.active_minutes",
    "intValue": 16
  }]
}