{
  "fitnessActivity": "walking",
  "startTime": "2023-05-10T07:43:26.558Z",
  "endTime": "2023-05-10T07:57:48.580Z",
  "duration": "862.022s",
  "segment": [{
    "fitnessActivity": "walking",
    "startTime": "2023-05-10T07:43:26.558Z",
    "endTime": "2023-05-10T07:57:48.580Z"
  }],
  "aggregate": [{
    "metricName": "com.google.heart_minutes.summary",
    "floatValue": 8.0
  }, {
    "metricName": "com.google.calories.expended",
    "floatValue": 70.97314466666667
  }, {
    "metricName": "com.google.step_count.delta",
    "intValue": 1239
  }, {
    "metricName": "com.google.distance.delta",
    "floatValue": 968.6830199297921
  }, {
    "metricName": "com.google.speed.summary",
    "floatValue": 1.279515884827693
  }, {
    "metricName": "com.google.active_minutes",
    "intValue": 13
  }]
}