{
  "fitnessActivity": "walking",
  "startTime": "2023-07-09T19:42:38.626Z",
  "endTime": "2023-07-09T20:01:47.880Z",
  "duration": "1149.254s",
  "segment": [{
    "fitnessActivity": "walking",
    "startTime": "2023-07-09T19:42:38.626Z",
    "endTime": "2023-07-09T19:42:42.256Z"
  }, {
    "fitnessActivity": "walking",
    "startTime": "2023-07-09T19:42:42.256Z",
    "endTime": "2023-07-09T20:01:47.880Z"
  }],
  "aggregate": [{
    "metricName": "com.google.heart_minutes.summary",
    "floatValue": 2.0
  }, {
    "metricName": "com.google.calories.expended",
    "floatValue": 94.62204423250236
  }, {
    "metricName": "com.google.step_count.delta",
    "intValue": 1665
  }, {
    "metricName": "com.google.distance.delta",
    "floatValue": 1168.175077761222
  }, {
    "metricName": "com.google.speed.summary",
    "floatValue": 1.0802353788903016
  }, {
    "metricName": "com.google.active_minutes",
    "intValue": 19
  }]
}