{
  "fitnessActivity": "walking",
  "startTime": "2023-05-26T20:16:37.403Z",
  "endTime": "2023-05-26T20:38:24.193Z",
  "duration": "1120.601s",
  "segment": [{
    "fitnessActivity": "walking",
    "startTime": "2023-05-26T20:16:37.403Z",
    "endTime": "2023-05-26T20:18:44.182Z"
  }, {
    "fitnessActivity": "walking",
    "startTime": "2023-05-26T20:21:50.371Z",
    "endTime": "2023-05-26T20:38:24.193Z"
  }],
  "aggregate": [{
    "metricName": "com.google.calories.expended",
    "floatValue": 95.95750365468355
  }, {
    "metricName": "com.google.step_count.delta",
    "intValue": 995
  }, {
    "metricName": "com.google.distance.delta",
    "floatValue": 719.9751000401909
  }, {
    "metricName": "com.google.speed.summary",
    "floatValue": 0.6735469075785584
  }, {
    "metricName": "com.google.active_minutes",
    "intValue": 17
  }]
}