{
  "fitnessActivity": "biking",
  "startTime": "2023-07-19T13:56:36.297Z",
  "endTime": "2023-07-19T14:06:57.906Z",
  "duration": "621.609s",
  "segment": [{
    "fitnessActivity": "biking",
    "startTime": "2023-07-19T13:56:36.297Z",
    "endTime": "2023-07-19T14:06:57.906Z"
  }],
  "aggregate": [{
    "metricName": "com.google.heart_minutes.summary",
    "floatValue": 9.0
  }, {
    "metricName": "com.google.calories.expended",
    "floatValue": 55.5994758738175
  }, {
    "metricName": "com.google.distance.delta",
    "floatValue": 1662.8801178577269
  }, {
    "metricName": "com.google.speed.summary",
    "floatValue": 2.6944211689554374
  }, {
    "metricName": "com.google.active_minutes",
    "intValue": 10
  }]
}