{
  "fitnessActivity": "walking",
  "startTime": "2023-05-21T20:01:34.137Z",
  "endTime": "2023-05-21T20:22:18.678Z",
  "duration": "1244.541s",
  "segment": [{
    "fitnessActivity": "walking",
    "startTime": "2023-05-21T20:01:34.137Z",
    "endTime": "2023-05-21T20:22:18.678Z"
  }],
  "aggregate": [{
    "metricName": "com.google.heart_minutes.summary",
    "floatValue": 3.0
  }, {
    "metricName": "com.google.calories.expended",
    "floatValue": 102.46720900000001
  }, {
    "metricName": "com.google.step_count.delta",
    "intValue": 1469
  }, {
    "metricName": "com.google.distance.delta",
    "floatValue": 1062.996825251094
  }, {
    "metricName": "com.google.speed.summary",
    "floatValue": 0.9352284191614015
  }, {
    "metricName": "com.google.active_minutes",
    "intValue": 20
  }]
}