{
  "fitnessActivity": "walking",
  "startTime": "2023-09-10T04:56:00.170Z",
  "endTime": "2023-09-10T05:07:27.931Z",
  "duration": "644.806s",
  "segment": [{
    "fitnessActivity": "walking",
    "startTime": "2023-09-10T04:56:00.170Z",
    "endTime": "2023-09-10T05:04:51.094Z"
  }, {
    "fitnessActivity": "walking",
    "startTime": "2023-09-10T05:04:51.094Z",
    "endTime": "2023-09-10T05:04:53.170Z"
  }, {
    "fitnessActivity": "walking",
    "startTime": "2023-09-10T05:05:36.125Z",
    "endTime": "2023-09-10T05:07:27.931Z"
  }],
  "aggregate": [{
    "metricName": "com.google.heart_minutes.summary",
    "floatValue": 7.0
  }, {
    "metricName": "com.google.calories.expended",
    "floatValue": 54.52418168711694
  }, {
    "metricName": "com.google.step_count.delta",
    "intValue": 1000
  }, {
    "metricName": "com.google.distance.delta",
    "floatValue": 755.3261875643719
  }, {
    "metricName": "com.google.speed.summary",
    "floatValue": 1.1325912557134252
  }, {
    "metricName": "com.google.active_minutes",
    "intValue": 11
  }]
}