{
  "fitnessActivity": "walking",
  "startTime": "2023-08-28T21:24:22.100Z",
  "endTime": "2023-08-28T21:47:24.670Z",
  "duration": "1382.570s",
  "segment": [{
    "fitnessActivity": "walking",
    "startTime": "2023-08-28T21:24:22.100Z",
    "endTime": "2023-08-28T21:47:24.670Z"
  }],
  "aggregate": [{
    "metricName": "com.google.heart_minutes.summary",
    "floatValue": 1.0
  }, {
    "metricName": "com.google.calories.expended",
    "floatValue": 115.07206696760812
  }, {
    "metricName": "com.google.step_count.delta",
    "intValue": 1906
  }, {
    "metricName": "com.google.distance.delta",
    "floatValue": 1340.7542559875826
  }, {
    "metricName": "com.google.speed.summary",
    "floatValue": 0.9783584308305082
  }, {
    "metricName": "com.google.active_minutes",
    "intValue": 23
  }]
}