{
  "fitnessActivity": "walking",
  "startTime": "2023-05-26T14:21:34.522Z",
  "endTime": "2023-05-26T14:36:12.363Z",
  "duration": "877.841s",
  "segment": [{
    "fitnessActivity": "walking",
    "startTime": "2023-05-26T14:21:34.522Z",
    "endTime": "2023-05-26T14:36:12.363Z"
  }],
  "aggregate": [{
    "metricName": "com.google.heart_minutes.summary",
    "floatValue": 13.0
  }, {
    "metricName": "com.google.calories.expended",
    "floatValue": 72.27557566666667
  }, {
    "metricName": "com.google.step_count.delta",
    "intValue": 1381
  }, {
    "metricName": "com.google.distance.delta",
    "floatValue": 1063.885198361552
  }, {
    "metricName": "com.google.speed.summary",
    "floatValue": 1.3033020290487118
  }, {
    "metricName": "com.google.active_minutes",
    "intValue": 13
  }]
}