{
  "fitnessActivity": "walking",
  "startTime": "2023-05-04T20:45:37.288Z",
  "endTime": "2023-05-04T21:12:33.796Z",
  "duration": "1348.670s",
  "segment": [{
    "fitnessActivity": "walking",
    "startTime": "2023-05-04T20:45:37.288Z",
    "endTime": "2023-05-04T20:45:41.421Z"
  }, {
    "fitnessActivity": "walking",
    "startTime": "2023-05-04T20:45:41.421Z",
    "endTime": "2023-05-04T21:07:26.062Z"
  }, {
    "fitnessActivity": "walking",
    "startTime": "2023-05-04T21:11:53.900Z",
    "endTime": "2023-05-04T21:12:12.969Z"
  }, {
    "fitnessActivity": "walking",
    "startTime": "2023-05-04T21:12:12.969Z",
    "endTime": "2023-05-04T21:12:33.796Z"
  }],
  "aggregate": [{
    "metricName": "com.google.heart_minutes.summary",
    "floatValue": 5.0
  }, {
    "metricName": "com.google.calories.expended",
    "floatValue": 116.35529306256419
  }, {
    "metricName": "com.google.step_count.delta",
    "intValue": 1772
  }, {
    "metricName": "com.google.distance.delta",
    "floatValue": 1283.1933498493902
  }, {
    "metricName": "com.google.speed.summary",
    "floatValue": 1.0631842320272322
  }, {
    "metricName": "com.google.active_minutes",
    "intValue": 22
  }]
}