{
  "fitnessActivity": "walking",
  "startTime": "2023-10-02T10:03:21.393Z",
  "endTime": "2023-10-02T10:20:10.234Z",
  "duration": "1008.841s",
  "segment": [{
    "fitnessActivity": "walking",
    "startTime": "2023-10-02T10:03:21.393Z",
    "endTime": "2023-10-02T10:10:10.234Z"
  }, {
    "fitnessActivity": "walking",
    "startTime": "2023-10-02T10:10:10.234Z",
    "endTime": "2023-10-02T10:20:10.234Z"
  }],
  "aggregate": [{
    "metricName": "com.google.heart_minutes.summary",
    "floatValue": 1.0
  }, {
    "metricName": "com.google.calories.expended",
    "floatValue": 83.96633512358358
  }, {
    "metricName": "com.google.step_count.delta",
    "intValue": 918
  }, {
    "metricName": "com.google.distance.delta",
    "floatValue": 639.4360678383761
  }, {
    "metricName": "com.google.speed.summary",
    "floatValue": 0.9107871613614421
  }, {
    "metricName": "com.google.active_minutes",
    "intValue": 12
  }]
}