{
  "fitnessActivity": "running",
  "startTime": "2023-08-04T07:31:47.178Z",
  "endTime": "2023-08-04T07:41:24.035Z",
  "duration": "576.857s",
  "segment": [{
    "fitnessActivity": "running",
    "startTime": "2023-08-04T07:31:47.178Z",
    "endTime": "2023-08-04T07:41:24.035Z"
  }],
  "aggregate": [{
    "metricName": "com.google.heart_minutes.summary",
    "floatValue": 8.0
  }, {
    "metricName": "com.google.calories.expended",
    "floatValue": 96.14283333333334
  }, {
    "metricName": "com.google.step_count.delta",
    "intValue": 991
  }, {
    "metricName": "com.google.distance.delta",
    "floatValue": 750.8270881593836
  }, {
    "metricName": "com.google.speed.summary",
    "floatValue": 1.4194685312413502
  }, {
    "metricName": "com.google.active_minutes",
    "intValue": 10
  }]
}