{
  "fitnessActivity": "walking",
  "startTime": "2023-05-22T15:27:01.140Z",
  "endTime": "2023-05-22T15:47:14.486Z",
  "duration": "820.647s",
  "segment": [{
    "fitnessActivity": "walking",
    "startTime": "2023-05-22T15:27:01.140Z",
    "endTime": "2023-05-22T15:37:34.382Z"
  }, {
    "fitnessActivity": "walking",
    "startTime": "2023-05-22T15:44:07.081Z",
    "endTime": "2023-05-22T15:45:08.424Z"
  }, {
    "fitnessActivity": "walking",
    "startTime": "2023-05-22T15:45:08.424Z",
    "endTime": "2023-05-22T15:47:14.486Z"
  }],
  "aggregate": [{
    "metricName": "com.google.heart_minutes.summary",
    "floatValue": 8.0
  }, {
    "metricName": "com.google.calories.expended",
    "floatValue": 75.35920487954421
  }, {
    "metricName": "com.google.step_count.delta",
    "intValue": 1308
  }, {
    "metricName": "com.google.distance.delta",
    "floatValue": 1007.3570302578378
  }, {
    "metricName": "com.google.speed.summary",
    "floatValue": 1.3599947963474868
  }, {
    "metricName": "com.google.active_minutes",
    "intValue": 13
  }]
}