{
  "fitnessActivity": "walking",
  "startTime": "2023-06-29T06:03:18.450Z",
  "endTime": "2023-06-29T06:16:51.706Z",
  "duration": "750.646s",
  "segment": [{
    "fitnessActivity": "walking",
    "startTime": "2023-06-29T06:03:18.450Z",
    "endTime": "2023-06-29T06:09:17.628Z"
  }, {
    "fitnessActivity": "walking",
    "startTime": "2023-06-29T06:09:17.628Z",
    "endTime": "2023-06-29T06:14:18.121Z"
  }, {
    "fitnessActivity": "walking",
    "startTime": "2023-06-29T06:15:20.731Z",
    "endTime": "2023-06-29T06:16:51.706Z"
  }],
  "aggregate": [{
    "metricName": "com.google.heart_minutes.summary",
    "floatValue": 10.0
  }, {
    "metricName": "com.google.calories.expended",
    "floatValue": 63.76259372324
  }, {
    "metricName": "com.google.step_count.delta",
    "intValue": 1301
  }, {
    "metricName": "com.google.distance.delta",
    "floatValue": 989.827203830113
  }, {
    "metricName": "com.google.speed.summary",
    "floatValue": 1.588240081321846
  }, {
    "metricName": "com.google.active_minutes",
    "intValue": 11
  }]
}