{
  "fitnessActivity": "weightlifting",
  "startTime": "2023-02-14T09:23:31.384Z",
  "endTime": "2023-02-14T11:28:50.006Z",
  "duration": "7518.622s",
  "segment": [{
    "fitnessActivity": "weightlifting",
    "startTime": "2023-02-14T09:23:31.384Z",
    "endTime": "2023-02-14T11:28:50.006Z"
  }],
  "aggregate": [{
    "metricName": "com.google.heart_minutes.summary",
    "floatValue": 248.0
  }, {
    "metricName": "com.google.calories.expended",
    "floatValue": 914.7656766666666
  }, {
    "metricName": "com.google.active_minutes",
    "intValue": 124
  }]
}