{
  "fitnessActivity": "walking",
  "startTime": "2023-08-09T14:57:54.360Z",
  "endTime": "2023-08-09T15:08:52.110Z",
  "duration": "233.750s",
  "segment": [{
    "fitnessActivity": "walking",
    "startTime": "2023-08-09T14:57:54.360Z",
    "endTime": "2023-08-09T15:01:15.593Z"
  }, {
    "fitnessActivity": "walking",
    "startTime": "2023-08-09T15:08:19.593Z",
    "endTime": "2023-08-09T15:08:52.110Z"
  }],
  "aggregate": [{
    "metricName": "com.google.heart_minutes.summary",
    "floatValue": 3.0
  }, {
    "metricName": "com.google.calories.expended",
    "floatValue": 27.910604916579196
  }, {
    "metricName": "com.google.step_count.delta",
    "intValue": 601
  }, {
    "metricName": "com.google.distance.delta",
    "floatValue": 439.34659441533995
  }, {
    "metricName": "com.google.speed.summary",
    "floatValue": 0.690659163486852
  }, {
    "metricName": "com.google.active_minutes",
    "intValue": 10
  }]
}