{
  "fitnessActivity": "walking",
  "startTime": "2023-09-15T04:03:28.448Z",
  "endTime": "2023-09-15T04:15:06.061Z",
  "duration": "485.312s",
  "segment": [{
    "fitnessActivity": "walking",
    "startTime": "2023-09-15T04:03:28.448Z",
    "endTime": "2023-09-15T04:03:28.653Z"
  }, {
    "fitnessActivity": "walking",
    "startTime": "2023-09-15T04:03:28.653Z",
    "endTime": "2023-09-15T04:10:32.931Z"
  }, {
    "fitnessActivity": "walking",
    "startTime": "2023-09-15T04:14:05.232Z",
    "endTime": "2023-09-15T04:15:06.061Z"
  }],
  "aggregate": [{
    "metricName": "com.google.heart_minutes.summary",
    "floatValue": 3.0
  }, {
    "metricName": "com.google.calories.expended",
    "floatValue": 44.62646776048035
  }, {
    "metricName": "com.google.step_count.delta",
    "intValue": 691
  }, {
    "metricName": "com.google.distance.delta",
    "floatValue": 525.3734364489492
  }, {
    "metricName": "com.google.speed.summary",
    "floatValue": 0.8228061215869191
  }, {
    "metricName": "com.google.active_minutes",
    "intValue": 10
  }]
}