{
  "fitnessActivity": "walking",
  "startTime": "2023-05-24T14:04:46.715Z",
  "endTime": "2023-05-24T14:18:40.474Z",
  "duration": "493.488s",
  "segment": [{
    "fitnessActivity": "walking",
    "startTime": "2023-05-24T14:04:46.715Z",
    "endTime": "2023-05-24T14:10:28.329Z"
  }, {
    "fitnessActivity": "walking",
    "startTime": "2023-05-24T14:16:08.600Z",
    "endTime": "2023-05-24T14:16:12.579Z"
  }, {
    "fitnessActivity": "walking",
    "startTime": "2023-05-24T14:16:12.579Z",
    "endTime": "2023-05-24T14:18:40.474Z"
  }],
  "aggregate": [{
    "metricName": "com.google.heart_minutes.summary",
    "floatValue": 9.0
  }, {
    "metricName": "com.google.calories.expended",
    "floatValue": 50.68461702407758
  }, {
    "metricName": "com.google.step_count.delta",
    "intValue": 976
  }, {
    "metricName": "com.google.distance.delta",
    "floatValue": 808.4905918170904
  }, {
    "metricName": "com.google.speed.summary",
    "floatValue": 1.2415680953523405
  }, {
    "metricName": "com.google.active_minutes",
    "intValue": 9
  }]
}