{
  "fitnessActivity": "walking",
  "startTime": "2023-05-09T05:41:00.230Z",
  "endTime": "2023-05-09T05:52:43.157Z",
  "duration": "702.927s",
  "segment": [{
    "fitnessActivity": "walking",
    "startTime": "2023-05-09T05:41:00.230Z",
    "endTime": "2023-05-09T05:41:04.154Z"
  }, {
    "fitnessActivity": "walking",
    "startTime": "2023-05-09T05:41:04.154Z",
    "endTime": "2023-05-09T05:52:43.157Z"
  }],
  "aggregate": [{
    "metricName": "com.google.heart_minutes.summary",
    "floatValue": 8.0
  }, {
    "metricName": "com.google.calories.expended",
    "floatValue": 57.93232849102083
  }, {
    "metricName": "com.google.step_count.delta",
    "intValue": 1072
  }, {
    "metricName": "com.google.distance.delta",
    "floatValue": 839.31901643986
  }, {
    "metricName": "com.google.speed.summary",
    "floatValue": 1.2752497114778514
  }, {
    "metricName": "com.google.active_minutes",
    "intValue": 11
  }]
}