{
  "fitnessActivity": "walking",
  "startTime": "2023-07-21T20:14:17.061Z",
  "endTime": "2023-07-21T20:31:19.725Z",
  "duration": "859.828s",
  "segment": [{
    "fitnessActivity": "walking",
    "startTime": "2023-07-21T20:14:17.061Z",
    "endTime": "2023-07-21T20:14:59.673Z"
  }, {
    "fitnessActivity": "walking",
    "startTime": "2023-07-21T20:17:42.509Z",
    "endTime": "2023-07-21T20:31:19.725Z"
  }],
  "aggregate": [{
    "metricName": "com.google.calories.expended",
    "floatValue": 75.7377003272846
  }, {
    "metricName": "com.google.step_count.delta",
    "intValue": 1288
  }, {
    "metricName": "com.google.distance.delta",
    "floatValue": 852.3577530959775
  }, {
    "metricName": "com.google.speed.summary",
    "floatValue": 0.9239799426153013
  }, {
    "metricName": "com.google.active_minutes",
    "intValue": 17
  }]
}