{
  "fitnessActivity": "walking",
  "startTime": "2023-10-03T07:23:30.470Z",
  "endTime": "2023-10-03T07:33:49.844Z",
  "duration": "619.374s",
  "segment": [{
    "fitnessActivity": "walking",
    "startTime": "2023-10-03T07:23:30.470Z",
    "endTime": "2023-10-03T07:33:49.844Z"
  }],
  "aggregate": [{
    "metricName": "com.google.heart_minutes.summary",
    "floatValue": 5.0
  }, {
    "metricName": "com.google.calories.expended",
    "floatValue": 51.55084111907196
  }, {
    "metricName": "com.google.step_count.delta",
    "intValue": 884
  }, {
    "metricName": "com.google.distance.delta",
    "floatValue": 568.7272910118099
  }, {
    "metricName": "com.google.speed.summary",
    "floatValue": 0.9018029302909072
  }, {
    "metricName": "com.google.active_minutes",
    "intValue": 10
  }]
}