{
  "fitnessActivity": "walking",
  "startTime": "2023-07-28T07:06:36.825Z",
  "endTime": "2023-07-28T07:18:49.119Z",
  "duration": "732.294s",
  "segment": [{
    "fitnessActivity": "walking",
    "startTime": "2023-07-28T07:06:36.825Z",
    "endTime": "2023-07-28T07:17:22.797Z"
  }, {
    "fitnessActivity": "walking",
    "startTime": "2023-07-28T07:17:22.797Z",
    "endTime": "2023-07-28T07:18:49.119Z"
  }],
  "aggregate": [{
    "metricName": "com.google.heart_minutes.summary",
    "floatValue": 9.0
  }, {
    "metricName": "com.google.calories.expended",
    "floatValue": 61.799508791061406
  }, {
    "metricName": "com.google.step_count.delta",
    "intValue": 1179
  }, {
    "metricName": "com.google.distance.delta",
    "floatValue": 843.8137782711545
  }, {
    "metricName": "com.google.speed.summary",
    "floatValue": 1.187573437783139
  }, {
    "metricName": "com.google.active_minutes",
    "intValue": 12
  }]
}