{
  "fitnessActivity": "walking",
  "startTime": "2023-09-02T05:20:21.200Z",
  "endTime": "2023-09-02T05:33:15.636Z",
  "duration": "422.631s",
  "segment": [{
    "fitnessActivity": "walking",
    "startTime": "2023-09-02T05:20:21.200Z",
    "endTime": "2023-09-02T05:27:07.097Z"
  }, {
    "fitnessActivity": "walking",
    "startTime": "2023-09-02T05:32:58.902Z",
    "endTime": "2023-09-02T05:33:15.636Z"
  }],
  "aggregate": [{
    "metricName": "com.google.heart_minutes.summary",
    "floatValue": 5.0
  }, {
    "metricName": "com.google.calories.expended",
    "floatValue": 42.19155313291513
  }, {
    "metricName": "com.google.step_count.delta",
    "intValue": 667
  }, {
    "metricName": "com.google.distance.delta",
    "floatValue": 478.9636540621429
  }, {
    "metricName": "com.google.speed.summary",
    "floatValue": 0.8979705066179856
  }, {
    "metricName": "com.google.active_minutes",
    "intValue": 6
  }]
}