{
  "fitnessActivity": "walking",
  "startTime": "2023-09-01T09:56:35.748Z",
  "endTime": "2023-09-01T10:09:18.983Z",
  "duration": "763.235s",
  "segment": [{
    "fitnessActivity": "walking",
    "startTime": "2023-09-01T09:56:35.748Z",
    "endTime": "2023-09-01T09:57:00.778Z"
  }, {
    "fitnessActivity": "walking",
    "startTime": "2023-09-01T09:57:00.778Z",
    "endTime": "2023-09-01T10:09:02.775Z"
  }, {
    "fitnessActivity": "walking",
    "startTime": "2023-09-01T10:09:02.775Z",
    "endTime": "2023-09-01T10:09:18.983Z"
  }],
  "aggregate": [{
    "metricName": "com.google.heart_minutes.summary",
    "floatValue": 9.0
  }, {
    "metricName": "com.google.calories.expended",
    "floatValue": 63.52444693418309
  }, {
    "metricName": "com.google.step_count.delta",
    "intValue": 1117
  }, {
    "metricName": "com.google.distance.delta",
    "floatValue": 799.8301064125626
  }, {
    "metricName": "com.google.speed.summary",
    "floatValue": 1.040258433855534
  }, {
    "metricName": "com.google.active_minutes",
    "intValue": 13
  }]
}