{
  "fitnessActivity": "walking",
  "startTime": "2023-08-26T17:41:58.176Z",
  "endTime": "2023-08-26T17:56:11.269Z",
  "duration": "853.093s",
  "segment": [{
    "fitnessActivity": "walking",
    "startTime": "2023-08-26T17:41:58.176Z",
    "endTime": "2023-08-26T17:56:11.269Z"
  }],
  "aggregate": [{
    "metricName": "com.google.heart_minutes.summary",
    "floatValue": 6.0
  }, {
    "metricName": "com.google.calories.expended",
    "floatValue": 71.00340295652136
  }, {
    "metricName": "com.google.step_count.delta",
    "intValue": 1288
  }, {
    "metricName": "com.google.distance.delta",
    "floatValue": 1080.4158145150056
  }, {
    "metricName": "com.google.speed.summary",
    "floatValue": 1.3031346694878188
  }, {
    "metricName": "com.google.active_minutes",
    "intValue": 13
  }]
}