{
  "fitnessActivity": "biking",
  "startTime": "2023-07-18T07:11:55.332Z",
  "endTime": "2023-07-18T08:14:34.765Z",
  "duration": "3759.433s",
  "segment": [{
    "fitnessActivity": "biking",
    "startTime": "2023-07-18T07:11:55.332Z",
    "endTime": "2023-07-18T08:14:34.765Z"
  }],
  "aggregate": [{
    "metricName": "com.google.heart_minutes.summary",
    "floatValue": 81.0
  }, {
    "metricName": "com.google.calories.expended",
    "floatValue": 469.0
  }, {
    "metricName": "com.google.distance.delta",
    "floatValue": 16991.0
  }, {
    "metricName": "com.google.speed.summary",
    "floatValue": 4.968277048579839
  }, {
    "metricName": "com.google.active_minutes",
    "intValue": 63
  }]
}