{
  "fitnessActivity": "walking",
  "startTime": "2023-09-18T04:51:49.178Z",
  "endTime": "2023-09-18T05:14:37.478Z",
  "duration": "1265.441s",
  "segment": [{
    "fitnessActivity": "walking",
    "startTime": "2023-09-18T04:51:49.178Z",
    "endTime": "2023-09-18T04:52:50.024Z"
  }, {
    "fitnessActivity": "walking",
    "startTime": "2023-09-18T04:52:50.024Z",
    "endTime": "2023-09-18T04:59:47.728Z"
  }, {
    "fitnessActivity": "walking",
    "startTime": "2023-09-18T05:01:30.587Z",
    "endTime": "2023-09-18T05:14:37.478Z"
  }],
  "aggregate": [{
    "metricName": "com.google.heart_minutes.summary",
    "floatValue": 9.0
  }, {
    "metricName": "com.google.calories.expended",
    "floatValue": 107.37455574253495
  }, {
    "metricName": "com.google.step_count.delta",
    "intValue": 1464
  }, {
    "metricName": "com.google.distance.delta",
    "floatValue": 1050.5011253872872
  }, {
    "metricName": "com.google.speed.summary",
    "floatValue": 0.95481807799426
  }, {
    "metricName": "com.google.active_minutes",
    "intValue": 16
  }]
}