{
  "fitnessActivity": "walking",
  "startTime": "2023-06-25T20:04:59.333Z",
  "endTime": "2023-06-25T20:17:59.571Z",
  "duration": "780.238s",
  "segment": [{
    "fitnessActivity": "walking",
    "startTime": "2023-06-25T20:04:59.333Z",
    "endTime": "2023-06-25T20:15:03.005Z"
  }, {
    "fitnessActivity": "walking",
    "startTime": "2023-06-25T20:15:03.005Z",
    "endTime": "2023-06-25T20:17:59.571Z"
  }],
  "aggregate": [{
    "metricName": "com.google.heart_minutes.summary",
    "floatValue": 2.0
  }, {
    "metricName": "com.google.calories.expended",
    "floatValue": 64.23958402078158
  }, {
    "metricName": "com.google.step_count.delta",
    "intValue": 1078
  }, {
    "metricName": "com.google.distance.delta",
    "floatValue": 800.6269866418342
  }, {
    "metricName": "com.google.speed.summary",
    "floatValue": 1.1344697392665968
  }, {
    "metricName": "com.google.active_minutes",
    "intValue": 13
  }]
}