{
  "fitnessActivity": "walking",
  "startTime": "2023-05-30T09:12:10.347Z",
  "endTime": "2023-05-30T09:22:43.983Z",
  "duration": "633.636s",
  "segment": [{
    "fitnessActivity": "walking",
    "startTime": "2023-05-30T09:12:10.347Z",
    "endTime": "2023-05-30T09:12:47.697Z"
  }, {
    "fitnessActivity": "walking",
    "startTime": "2023-05-30T09:12:47.697Z",
    "endTime": "2023-05-30T09:22:43.983Z"
  }],
  "aggregate": [{
    "metricName": "com.google.heart_minutes.summary",
    "floatValue": 5.0
  }, {
    "metricName": "com.google.calories.expended",
    "floatValue": 52.1693405375361
  }, {
    "metricName": "com.google.step_count.delta",
    "intValue": 968
  }, {
    "metricName": "com.google.distance.delta",
    "floatValue": 739.5310407719435
  }, {
    "metricName": "com.google.speed.summary",
    "floatValue": 1.2909354175336745
  }, {
    "metricName": "com.google.active_minutes",
    "intValue": 10
  }]
}