{
  "fitnessActivity": "walking",
  "startTime": "2023-09-13T02:59:53.435Z",
  "endTime": "2023-09-13T04:06:43.517Z",
  "duration": "2943.909s",
  "segment": [{
    "fitnessActivity": "walking",
    "startTime": "2023-09-13T02:59:53.435Z",
    "endTime": "2023-09-13T03:03:01.882Z"
  }, {
    "fitnessActivity": "walking",
    "startTime": "2023-09-13T03:03:01.882Z",
    "endTime": "2023-09-13T03:11:26.615Z"
  }, {
    "fitnessActivity": "biking",
    "startTime": "2023-09-13T03:11:26.615Z",
    "endTime": "2023-09-13T03:18:59.200Z"
  }, {
    "fitnessActivity": "walking",
    "startTime": "2023-09-13T03:18:59.200Z",
    "endTime": "2023-09-13T03:20:29.846Z"
  }, {
    "fitnessActivity": "walking",
    "startTime": "2023-09-13T03:20:29.846Z",
    "endTime": "2023-09-13T03:20:58.865Z"
  }, {
    "fitnessActivity": "walking",
    "startTime": "2023-09-13T03:28:02.414Z",
    "endTime": "2023-09-13T03:28:03.622Z"
  }, {
    "fitnessActivity": "walking",
    "startTime": "2023-09-13T03:28:03.622Z",
    "endTime": "2023-09-13T03:29:34.425Z"
  }, {
    "fitnessActivity": "walking",
    "startTime": "2023-09-13T03:32:03.982Z",
    "endTime": "2023-09-13T03:32:06.075Z"
  }, {
    "fitnessActivity": "walking",
    "startTime": "2023-09-13T03:32:06.075Z",
    "endTime": "2023-09-13T03:48:47.846Z"
  }, {
    "fitnessActivity": "walking",
    "startTime": "2023-09-13T03:57:00.913Z",
    "endTime": "2023-09-13T04:06:43.517Z"
  }],
  "aggregate": [{
    "metricName": "com.google.heart_minutes.summary",
    "floatValue": 26.0
  }, {
    "metricName": "com.google.calories.expended",
    "floatValue": 268.267462012667
  }, {
    "metricName": "com.google.step_count.delta",
    "intValue": 3364
  }, {
    "metricName": "com.google.distance.delta",
    "floatValue": 5309.102762214998
  }, {
    "metricName": "com.google.speed.summary",
    "floatValue": 1.735557335384727
  }, {
    "metricName": "com.google.active_minutes",
    "intValue": 42
  }]
}