{
  "fitnessActivity": "walking",
  "startTime": "2023-06-30T06:58:28.772Z",
  "endTime": "2023-06-30T07:16:41.809Z",
  "duration": "943.847s",
  "segment": [{
    "fitnessActivity": "walking",
    "startTime": "2023-06-30T06:58:28.772Z",
    "endTime": "2023-06-30T07:02:33.509Z"
  }, {
    "fitnessActivity": "walking",
    "startTime": "2023-06-30T07:02:33.509Z",
    "endTime": "2023-06-30T07:03:34.636Z"
  }, {
    "fitnessActivity": "walking",
    "startTime": "2023-06-30T07:06:03.826Z",
    "endTime": "2023-06-30T07:16:41.809Z"
  }],
  "aggregate": [{
    "metricName": "com.google.heart_minutes.summary",
    "floatValue": 7.0
  }, {
    "metricName": "com.google.calories.expended",
    "floatValue": 80.67058569962431
  }, {
    "metricName": "com.google.step_count.delta",
    "intValue": 1375
  }, {
    "metricName": "com.google.distance.delta",
    "floatValue": 1047.732076957545
  }, {
    "metricName": "com.google.speed.summary",
    "floatValue": 1.093808984467329
  }, {
    "metricName": "com.google.active_minutes",
    "intValue": 16
  }]
}