{
  "fitnessActivity": "walking",
  "startTime": "2023-07-11T19:49:46.744Z",
  "endTime": "2023-07-11T20:12:36.499Z",
  "duration": "1369.755s",
  "segment": [{
    "fitnessActivity": "walking",
    "startTime": "2023-07-11T19:49:46.744Z",
    "endTime": "2023-07-11T20:12:36.499Z"
  }],
  "aggregate": [{
    "metricName": "com.google.heart_minutes.summary",
    "floatValue": 4.0
  }, {
    "metricName": "com.google.calories.expended",
    "floatValue": 112.7766935576248
  }, {
    "metricName": "com.google.step_count.delta",
    "intValue": 1835
  }, {
    "metricName": "com.google.distance.delta",
    "floatValue": 1357.6851908042556
  }, {
    "metricName": "com.google.speed.summary",
    "floatValue": 1.0702225401563206
  }, {
    "metricName": "com.google.active_minutes",
    "intValue": 22
  }]
}