{
  "fitnessActivity": "walking",
  "startTime": "2023-05-05T13:56:27.042Z",
  "endTime": "2023-05-05T14:10:27.979Z",
  "duration": "630.398s",
  "segment": [{
    "fitnessActivity": "walking",
    "startTime": "2023-05-05T13:56:27.042Z",
    "endTime": "2023-05-05T14:00:52.505Z"
  }, {
    "fitnessActivity": "walking",
    "startTime": "2023-05-05T14:00:52.505Z",
    "endTime": "2023-05-05T14:05:54.970Z"
  }, {
    "fitnessActivity": "walking",
    "startTime": "2023-05-05T14:05:54.970Z",
    "endTime": "2023-05-05T14:05:56.927Z"
  }, {
    "fitnessActivity": "walking",
    "startTime": "2023-05-05T14:09:27.466Z",
    "endTime": "2023-05-05T14:10:27.979Z"
  }],
  "aggregate": [{
    "metricName": "com.google.heart_minutes.summary",
    "floatValue": 5.0
  }, {
    "metricName": "com.google.calories.expended",
    "floatValue": 56.080683951996974
  }, {
    "metricName": "com.google.step_count.delta",
    "intValue": 941
  }, {
    "metricName": "com.google.distance.delta",
    "floatValue": 712.7620400575477
  }, {
    "metricName": "com.google.speed.summary",
    "floatValue": 0.9445479331454426
  }, {
    "metricName": "com.google.active_minutes",
    "intValue": 11
  }]
}