{
  "fitnessActivity": "walking",
  "startTime": "2023-05-11T20:18:15.911Z",
  "endTime": "2023-05-11T20:35:35.602Z",
  "duration": "1039.691s",
  "segment": [{
    "fitnessActivity": "walking",
    "startTime": "2023-05-11T20:18:15.911Z",
    "endTime": "2023-05-11T20:18:57.998Z"
  }, {
    "fitnessActivity": "walking",
    "startTime": "2023-05-11T20:18:57.998Z",
    "endTime": "2023-05-11T20:35:35.602Z"
  }],
  "aggregate": [{
    "metricName": "com.google.heart_minutes.summary",
    "floatValue": 8.0
  }, {
    "metricName": "com.google.calories.expended",
    "floatValue": 85.60119233059865
  }, {
    "metricName": "com.google.step_count.delta",
    "intValue": 1672
  }, {
    "metricName": "com.google.distance.delta",
    "floatValue": 1277.4076539856223
  }, {
    "metricName": "com.google.speed.summary",
    "floatValue": 1.2399027735927055
  }, {
    "metricName": "com.google.active_minutes",
    "intValue": 17
  }]
}