{
  "fitnessActivity": "weightlifting",
  "startTime": "2023-03-31T09:43:27.895Z",
  "endTime": "2023-03-31T12:20:21.813Z",
  "duration": "9413.918s",
  "segment": [{
    "fitnessActivity": "weightlifting",
    "startTime": "2023-03-31T09:43:27.895Z",
    "endTime": "2023-03-31T12:20:21.813Z"
  }],
  "aggregate": [{
    "metricName": "com.google.heart_minutes.summary",
    "floatValue": 312.0
  }, {
    "metricName": "com.google.calories.expended",
    "floatValue": 1145.3600233333332
  }, {
    "metricName": "com.google.active_minutes",
    "intValue": 156
  }]
}