{
  "fitnessActivity": "weightlifting",
  "startTime": "2023-07-20T14:37:58.728Z",
  "endTime": "2023-07-20T15:48:56.588Z",
  "duration": "4257.860s",
  "segment": [{
    "fitnessActivity": "weightlifting",
    "startTime": "2023-07-20T14:37:58.728Z",
    "endTime": "2023-07-20T15:48:56.588Z"
  }],
  "aggregate": [{
    "metricName": "com.google.heart_minutes.summary",
    "floatValue": 140.0
  }, {
    "metricName": "com.google.calories.expended",
    "floatValue": 566.6501908383688
  }, {
    "metricName": "com.google.step_count.delta",
    "intValue": 1413
  }, {
    "metricName": "com.google.distance.delta",
    "floatValue": 264.4429851497059
  }, {
    "metricName": "com.google.speed.summary",
    "floatValue": 0.4714601456986524
  }, {
    "metricName": "com.google.active_minutes",
    "intValue": 70
  }]
}