{
  "fitnessActivity": "walking",
  "startTime": "2023-09-05T23:28:28.636Z",
  "endTime": "2023-09-05T23:54:23.255Z",
  "duration": "1358.518s",
  "segment": [{
    "fitnessActivity": "walking",
    "startTime": "2023-09-05T23:28:28.636Z",
    "endTime": "2023-09-05T23:31:16.768Z"
  }, {
    "fitnessActivity": "walking",
    "startTime": "2023-09-05T23:31:16.768Z",
    "endTime": "2023-09-05T23:31:52.318Z"
  }, {
    "fitnessActivity": "walking",
    "startTime": "2023-09-05T23:35:08.419Z",
    "endTime": "2023-09-05T23:35:14.975Z"
  }, {
    "fitnessActivity": "walking",
    "startTime": "2023-09-05T23:35:14.975Z",
    "endTime": "2023-09-05T23:54:23.255Z"
  }],
  "aggregate": [{
    "metricName": "com.google.heart_minutes.summary",
    "floatValue": 18.0
  }, {
    "metricName": "com.google.calories.expended",
    "floatValue": 116.98085730731708
  }, {
    "metricName": "com.google.step_count.delta",
    "intValue": 2345
  }, {
    "metricName": "com.google.distance.delta",
    "floatValue": 1550.9492708600353
  }, {
    "metricName": "com.google.speed.summary",
    "floatValue": 1.0807653425669455
  }, {
    "metricName": "com.google.active_minutes",
    "intValue": 25
  }]
}