{
  "fitnessActivity": "weightlifting",
  "startTime": "2023-03-26T08:48:18.970Z",
  "endTime": "2023-03-26T10:49:18.264Z",
  "duration": "7259.294s",
  "segment": [{
    "fitnessActivity": "weightlifting",
    "startTime": "2023-03-26T08:48:18.970Z",
    "endTime": "2023-03-26T10:49:18.264Z"
  }],
  "aggregate": [{
    "metricName": "com.google.heart_minutes.summary",
    "floatValue": 240.0
  }, {
    "metricName": "com.google.calories.expended",
    "floatValue": 883.2141033333332
  }, {
    "metricName": "com.google.active_minutes",
    "intValue": 120
  }]
}